date_of_interest,CASE_COUNT,PROBABLE_CASE_COUNT,CASE_COUNT_7DAY_AVG,ALL_CASE_COUNT_7DAY_AVG,BX_CASE_COUNT,BX_PROBABLE_CASE_COUNT,BX_CASE_COUNT_7DAY_AVG,BX_ALL_CASE_COUNT_7DAY_AVG,BK_CASE_COUNT,BK_PROBABLE_CASE_COUNT,BK_CASE_COUNT_7DAY_AVG,BK_ALL_CASE_COUNT_7DAY_AVG,MN_CASE_COUNT,MN_PROBABLE_CASE_COUNT,MN_CASE_COUNT_7DAY_AVG,MN_ALL_CASE_COUNT_7DAY_AVG,QN_CASE_COUNT,QN_PROBABLE_CASE_COUNT,QN_CASE_COUNT_7DAY_AVG,QN_ALL_CASE_COUNT_7DAY_AVG,SI_CASE_COUNT,SI_PROBABLE_CASE_COUNT,SI_CASE_COUNT_7DAY_AVG,SI_ALL_CASE_COUNT_7DAY_AVG,INCOMPLETE
02/29/2020,1,0,0,0,0,0,0,0,0,0,0,0,1,0,0,0,0,0,0,0,0,0,0,0,0
03/01/2020,0,0,0,0,0,0,0,0,0,0,0,0,0,0,0,0,0,0,0,0,0,0,0,0,0
03/02/2020,0,0,0,0,0,0,0,0,0,0,0,0,0,0,0,0,0,0,0,0,0,0,0,0,0
03/03/2020,1,0,0,0,0,0,0,0,0,0,0,0,0,0,0,0,1,0,0,0,0,0,0,0,0
03/04/2020,5,0,0,0,0,0,0,0,1,0,0,0,2,0,0,0,2,0,0,0,0,0,0,0,0
03/05/2020,3,0,0,0,0,0,0,0,3,0,0,0,0,0,0,0,0,0,0,0,0,0,0,0,0
03/06/2020,8,0,3,3,2,0,0,0,1,0,1,1,3,0,1,1,1,0,1,1,1,0,0,0,0
03/07/2020,7,0,3,3,0,0,0,0,2,0,1,1,1,0,1,1,3,0,1,1,1,0,0,0,0
03/08/2020,21,0,6,6,3,0,1,1,5,0,2,2,6,0,2,2,6,0,2,2,1,0,0,0,0
03/09/2020,57,0,15,15,4,0,1,1,16,0,4,4,24,0,5,5,10,0,3,3,3,0,1,1,0
03/10/2020,69,0,24,24,8,0,2,2,11,0,6,6,24,0,9,9,24,0,7,7,2,0,1,1,0
03/11/2020,155,0,46,46,19,0,5,5,31,0,10,10,62,0,17,17,40,0,12,12,3,0,2,2,0
03/12/2020,355,0,96,96,29,0,9,9,96,0,23,23,137,0,37,37,80,0,23,23,13,0,3,3,0
03/13/2020,619,0,183,183,79,0,20,20,166,0,47,47,182,0,62,62,166,0,47,47,26,0,7,7,0
03/14/2020,642,1,274,274,86,0,33,33,163,0,70,70,176,1,87,87,194,0,74,74,23,0,10,10,0
03/15/2020,1035,0,419,419,119,0,49,49,432,0,131,131,206,0,116,116,231,0,106,106,47,0,17,17,0
03/16/2020,2121,1,714,714,305,0,92,92,740,1,234,234,457,0,178,178,528,0,180,180,91,0,29,29,0
03/17/2020,2452,3,1054,1055,343,0,140,140,783,3,344,345,567,0,255,255,651,0,270,270,108,0,44,44,0
03/18/2020,2971,5,1456,1458,482,1,206,206,965,3,478,479,538,1,323,324,835,0,384,384,150,0,65,65,0
03/19/2020,3706,4,1935,1937,623,3,291,292,1204,0,636,637,555,1,383,383,1065,0,524,524,258,0,100,100,0
03/20/2020,4006,3,2419,2421,723,0,383,384,1136,0,775,776,653,1,450,451,1184,1,670,670,310,1,141,141,0
03/21/2020,2639,6,2704,2707,491,1,441,442,554,2,831,832,399,1,482,483,947,0,777,777,248,2,173,174,0
03/22/2020,2580,4,2925,2929,494,0,494,495,756,1,877,878,317,2,498,499,696,0,844,844,317,1,212,212,0
03/23/2020,3570,15,3132,3138,729,2,555,556,910,1,901,903,530,4,508,510,1192,8,939,940,209,0,229,229,0
03/24/2020,4498,12,3424,3431,927,0,638,639,1212,5,962,964,619,2,516,518,1390,5,1044,1046,350,0,263,264,0
03/25/2020,4875,19,3696,3705,1068,4,722,724,1255,7,1004,1006,586,4,523,525,1572,4,1149,1152,394,0,298,299,0
03/26/2020,5044,41,3887,3902,998,8,776,778,1372,10,1028,1032,626,5,533,536,1644,16,1232,1237,404,2,319,320,0
03/27/2020,5119,43,4046,4066,1090,10,828,832,1426,12,1069,1075,656,6,533,537,1576,15,1288,1295,371,0,328,328,0
03/28/2020,3479,51,4166,4193,761,12,867,872,863,15,1113,1121,388,6,532,536,1201,17,1324,1334,266,1,330,331,0
03/29/2020,3560,62,4306,4341,699,10,896,903,1149,19,1170,1179,407,11,545,550,1075,19,1379,1391,230,3,318,319,0
03/30/2020,6129,87,4672,4717,1314,16,980,988,1754,27,1290,1304,804,17,584,591,1858,27,1474,1488,398,0,345,346,0
03/31/2020,5458,88,4809,4865,1282,16,1030,1041,1513,28,1333,1350,616,12,583,592,1810,31,1534,1552,237,1,329,330,0
04/01/2020,5449,102,4891,4959,1240,18,1055,1068,1590,34,1381,1402,573,14,581,592,1782,33,1564,1586,264,3,310,311,0
04/02/2020,5746,170,4991,5078,1290,42,1097,1114,1609,52,1415,1442,652,14,585,597,1826,55,1590,1618,369,7,305,307,0
04/03/2020,5669,167,5070,5174,1450,32,1148,1169,1440,63,1417,1451,672,22,587,601,1762,46,1616,1649,345,4,301,304,0
04/04/2020,3865,188,5125,5249,1011,39,1184,1208,920,65,1425,1466,385,27,587,604,1203,54,1617,1654,345,3,313,316,0
04/05/2020,3780,172,5157,5296,822,32,1201,1229,1142,58,1424,1471,356,23,580,598,1136,53,1625,1668,323,6,326,329,0
04/06/2020,6353,224,5189,5347,1514,38,1230,1261,1461,89,1382,1438,721,32,568,588,1927,57,1635,1682,730,8,373,378,0
04/07/2020,6044,218,5272,5450,1463,40,1256,1290,1397,82,1366,1429,606,29,566,589,1948,58,1655,1706,630,9,429,435,0
04/08/2020,5576,202,5290,5482,1305,37,1265,1302,1306,78,1325,1395,546,23,563,587,1857,55,1666,1720,562,9,472,479,0
04/09/2020,5070,197,5194,5389,1285,36,1264,1301,1370,72,1291,1363,558,30,549,576,1559,50,1627,1681,298,9,462,469,0
04/10/2020,4510,186,5028,5226,1226,39,1232,1270,1145,61,1249,1321,496,23,524,551,1342,58,1567,1622,301,5,456,463,0
04/11/2020,3733,173,5009,5205,999,36,1231,1267,1130,58,1279,1350,304,19,512,538,988,57,1537,1592,311,3,451,458,0
04/12/2020,2888,174,4882,5078,764,35,1222,1260,703,64,1216,1288,252,26,498,524,916,42,1505,1559,253,7,441,448,0
04/13/2020,3311,185,4447,4638,692,30,1105,1141,1066,88,1160,1231,394,15,451,474,974,44,1369,1421,185,8,363,370,0
04/14/2020,4144,142,4176,4356,1076,37,1050,1085,1037,47,1108,1175,441,20,427,450,1300,34,1277,1325,290,4,314,321,0
04/15/2020,3876,105,3933,4099,1068,30,1016,1050,882,29,1048,1107,429,19,411,432,1180,21,1180,1224,317,6,279,285,0
04/16/2020,3530,137,3713,3871,940,35,966,1001,884,43,978,1034,356,15,382,401,1139,41,1120,1162,211,3,267,272,0
04/17/2020,3586,94,3581,3725,916,19,922,954,962,37,952,1004,330,8,358,375,1099,26,1085,1123,279,4,264,269,0
04/18/2020,2172,117,3358,3494,552,24,858,888,575,35,873,922,187,15,341,358,705,37,1045,1080,153,6,241,247,0
04/19/2020,2344,89,3280,3405,532,20,825,853,635,25,863,906,176,18,330,346,867,18,1038,1069,134,8,224,230,0
04/20/2020,3792,95,3349,3460,981,22,866,893,983,30,851,886,381,12,329,344,1223,25,1073,1102,224,6,230,235,0
04/21/2020,3063,93,3195,3299,641,18,804,828,896,29,831,864,372,13,319,333,938,28,1022,1050,216,5,219,225,0
04/22/2020,3447,83,3133,3235,927,17,784,806,854,23,827,859,383,17,312,326,1109,22,1011,1040,173,4,199,204,0
04/23/2020,2841,79,3035,3128,735,15,755,774,786,25,813,842,400,9,318,332,793,26,962,988,127,4,187,192,0
04/24/2020,2535,58,2885,2973,579,14,707,725,630,19,766,792,409,7,330,343,774,15,916,940,143,3,167,172,0
04/25/2020,1595,52,2802,2881,418,6,688,704,404,21,741,766,145,6,324,335,540,17,892,914,88,2,158,162,0
04/26/2020,1003,51,2611,2684,196,10,640,654,332,20,698,722,98,12,313,323,331,6,815,835,46,3,145,149,0
04/27/2020,2290,45,2396,2462,551,10,578,591,607,18,644,666,302,5,301,311,723,9,744,762,107,3,129,132,0
04/28/2020,2726,31,2348,2405,668,8,582,593,709,9,617,637,323,4,294,303,896,8,738,753,130,2,116,119,0
04/29/2020,2340,35,2190,2240,557,7,529,539,682,12,593,611,285,5,280,287,692,9,678,691,124,2,109,112,0
04/30/2020,2022,28,2073,2116,482,6,493,502,600,12,566,582,217,3,254,260,593,6,650,660,130,1,110,112,0
05/01/2020,1887,38,1980,2020,450,6,475,482,497,15,547,563,240,5,230,236,622,6,628,637,78,6,100,103,0
05/02/2020,1058,33,1904,1941,263,6,452,460,263,14,527,541,138,5,229,235,333,7,599,606,61,1,97,99,0
05/03/2020,787,28,1873,1907,153,5,446,453,245,12,515,528,103,3,230,234,251,7,587,595,35,1,95,97,0
05/04/2020,1550,34,1767,1800,349,6,417,424,461,10,494,506,214,10,217,222,437,4,546,553,89,4,92,95,0
05/05/2020,1512,16,1594,1624,294,2,364,369,433,7,454,466,242,2,206,210,462,5,484,491,81,0,85,88,0
05/06/2020,1398,28,1459,1488,279,9,324,330,450,15,421,433,165,2,188,193,444,2,449,454,60,0,76,78,0
05/07/2020,1239,18,1347,1375,298,4,298,303,403,8,393,405,119,2,174,179,359,2,415,420,60,2,66,68,0
05/08/2020,1079,22,1232,1257,250,5,269,275,344,4,371,381,99,6,154,159,344,7,376,381,42,0,61,62,0
05/09/2020,657,9,1175,1197,175,0,257,261,119,6,351,360,75,3,145,149,256,0,365,369,32,0,57,58,0
05/10/2020,457,12,1127,1147,75,4,246,250,188,5,343,350,95,2,144,148,85,1,341,344,14,0,54,55,0
05/11/2020,1232,14,1082,1099,227,2,228,232,410,8,335,343,192,3,141,144,376,0,332,335,27,1,45,46,0
05/12/2020,1285,13,1050,1066,355,2,237,241,400,6,331,338,163,2,130,133,314,3,311,313,53,0,41,42,0
05/13/2020,1333,8,1040,1054,461,2,263,266,362,2,318,324,156,2,128,131,307,2,292,294,47,0,39,40,0
05/14/2020,1110,15,1022,1035,255,1,257,259,333,4,308,313,149,6,133,136,331,2,288,290,42,2,37,37,0
05/15/2020,873,11,992,1004,180,1,247,249,260,4,296,301,135,5,138,141,265,1,276,278,33,0,35,36,0
05/16/2020,485,18,968,981,108,1,237,239,165,11,303,308,51,2,134,138,136,4,259,261,25,0,34,35,0
05/17/2020,360,11,954,967,56,2,235,236,138,4,295,301,50,1,128,131,106,4,262,264,10,0,34,34,0
05/18/2020,895,8,906,918,187,0,229,230,265,3,275,280,130,2,119,122,275,3,248,250,38,0,35,36,0
05/19/2020,1004,9,866,877,182,2,204,205,327,5,264,269,166,0,120,122,287,2,244,246,42,0,34,34,0
05/20/2020,1077,5,829,840,278,0,178,179,323,2,259,263,164,1,121,123,256,2,237,239,56,0,35,35,0
05/21/2020,1069,7,823,833,199,3,170,171,336,4,259,264,145,0,120,122,311,0,234,236,78,0,40,40,0
05/22/2020,1036,11,847,856,264,1,182,183,350,8,272,277,153,1,123,124,237,0,230,232,32,1,40,40,0
05/23/2020,455,3,842,850,90,0,179,181,142,2,269,273,48,0,122,123,138,1,230,232,37,0,42,42,0
05/24/2020,467,4,858,864,101,0,186,187,161,1,272,276,69,2,125,126,121,1,232,233,15,0,43,43,0
05/25/2020,464,6,796,802,103,2,174,175,160,1,257,260,70,1,116,117,115,2,209,210,16,0,39,40,0
05/26/2020,1050,7,803,809,284,2,188,190,313,1,255,258,126,2,111,112,269,2,207,208,58,0,42,42,0
05/27/2020,741,4,755,761,184,0,175,176,242,2,243,246,107,2,103,104,165,0,194,195,43,0,40,40,0
05/28/2020,646,5,694,700,119,0,164,164,219,3,227,229,97,0,96,97,181,2,175,176,30,0,33,33,0
05/29/2020,639,13,637,643,164,4,149,150,162,5,200,202,74,1,84,86,212,1,172,173,27,2,32,33,0
05/30/2020,346,5,622,628,82,1,148,149,101,0,194,196,38,2,83,84,110,2,168,169,15,0,29,29,0
05/31/2020,230,8,588,595,30,3,138,140,84,2,183,185,25,1,77,78,79,2,162,163,12,0,29,29,0
06/01/2020,686,12,620,627,158,5,146,148,250,4,196,198,77,2,78,79,158,1,168,169,43,0,33,33,0
06/02/2020,571,8,551,559,123,0,123,125,179,2,177,179,72,1,70,71,163,3,153,154,34,2,29,30,0
06/03/2020,515,4,519,527,116,0,113,115,131,4,161,164,75,0,65,66,148,0,150,152,45,0,29,30,0
06/04/2020,519,11,501,510,128,5,114,117,128,3,148,151,86,0,64,65,148,2,145,147,29,1,29,30,0
06/05/2020,402,14,467,476,108,5,106,109,131,3,143,146,52,0,61,62,103,6,130,132,8,0,27,27,0
06/06/2020,247,7,453,462,50,0,102,104,58,3,137,140,33,2,60,61,99,1,128,130,7,1,25,26,0
06/07/2020,197,13,448,458,43,2,104,106,52,3,133,136,24,2,60,61,74,5,128,130,4,1,24,25,0
06/08/2020,447,22,414,425,96,4,95,97,111,6,113,116,75,6,60,61,146,6,126,129,19,0,21,22,0
06/09/2020,419,9,392,404,84,3,89,92,119,1,104,108,66,0,59,60,131,5,121,125,19,0,19,19,0
06/10/2020,363,19,371,384,75,8,83,87,99,5,100,103,67,1,58,59,108,4,116,120,14,1,14,15,0
06/11/2020,363,18,348,363,66,4,75,78,113,6,98,101,54,5,53,55,114,3,111,115,16,0,12,13,0
06/12/2020,409,18,349,364,80,7,71,75,122,3,96,100,58,3,54,57,131,4,115,119,18,1,14,14,0
06/13/2020,196,13,342,358,47,3,70,75,49,5,95,99,24,1,53,55,74,4,111,116,2,0,13,14,0
06/14/2020,180,14,340,356,27,4,68,73,53,6,95,100,28,1,53,56,68,3,110,114,4,0,13,13,0
06/15/2020,380,18,330,346,81,3,66,70,103,4,94,98,55,4,50,52,123,7,107,111,18,0,13,13,0
06/16/2020,419,17,330,347,80,4,65,70,132,1,96,100,67,1,50,53,120,11,105,111,20,0,13,13,0
06/17/2020,356,13,329,345,68,3,64,68,115,2,98,102,65,5,50,53,92,3,103,108,16,0,13,14,0
06/18/2020,378,8,331,346,60,5,63,67,112,2,98,101,58,0,51,53,123,1,104,109,25,0,15,15,0
06/19/2020,361,23,324,339,82,3,64,67,91,7,94,97,56,1,50,52,123,11,103,109,9,1,13,14,0
06/20/2020,203,16,325,341,53,4,64,68,46,6,93,97,44,2,53,55,54,4,100,106,6,0,14,14,0
06/21/2020,172,12,324,339,25,2,64,68,55,7,93,98,25,1,53,55,58,2,99,105,9,0,15,15,0
06/22/2020,402,15,327,342,92,3,66,69,110,6,94,99,63,3,54,56,119,3,98,103,18,0,15,15,0
06/23/2020,381,13,322,336,73,2,65,68,95,5,89,94,76,4,55,58,121,1,99,102,16,1,14,14,0
06/24/2020,381,14,325,340,90,3,68,71,101,6,87,93,73,0,56,58,103,5,100,104,14,0,14,14,0
06/25/2020,298,10,314,329,65,3,69,71,81,2,83,88,46,0,55,56,78,4,94,98,28,1,14,15,0
06/26/2020,317,17,308,322,66,5,66,69,95,4,83,88,63,1,56,57,77,7,87,91,16,0,15,16,0
06/27/2020,206,12,308,321,26,4,62,66,70,1,87,91,37,1,55,56,60,5,88,92,13,1,16,17,0
06/28/2020,201,16,312,326,35,2,64,67,57,7,87,91,41,3,57,59,57,3,88,92,11,1,17,17,0
06/29/2020,437,19,317,332,75,1,61,64,127,9,89,94,80,1,59,61,132,7,90,94,23,1,17,18,0
06/30/2020,441,15,326,341,77,2,62,65,127,5,94,99,94,2,62,63,114,6,89,94,29,0,19,20,0
07/01/2020,395,21,328,344,59,6,58,61,121,4,97,101,83,3,63,65,93,6,87,93,39,2,23,24,0
07/02/2020,416,12,345,361,75,2,59,62,127,6,103,109,79,1,68,70,118,2,93,98,17,1,21,22,0
07/03/2020,234,14,333,348,41,4,55,58,72,5,100,105,48,3,66,68,65,2,91,96,8,0,20,21,0
07/04/2020,120,11,321,336,21,1,55,57,23,2,93,99,32,4,65,68,32,3,87,91,12,1,20,21,0
07/05/2020,155,10,314,329,20,2,53,55,53,7,93,98,32,0,64,66,38,1,85,88,12,0,20,21,0
07/06/2020,431,24,313,328,68,5,52,55,142,9,95,100,75,4,63,66,117,6,82,86,28,0,21,21,0
07/07/2020,461,24,316,333,112,4,57,60,123,5,94,100,88,7,62,66,106,6,81,85,32,2,21,22,0
07/08/2020,437,16,322,338,83,4,60,63,121,5,94,100,120,3,68,71,88,4,81,84,25,0,19,20,0
07/09/2020,391,18,318,335,91,5,62,66,104,3,91,96,84,3,68,72,94,6,77,81,18,1,19,20,0
07/10/2020,306,20,329,346,65,7,66,70,90,5,94,99,47,4,68,72,91,4,81,85,13,0,20,21,0
07/11/2020,259,17,349,367,40,6,68,73,73,4,101,106,47,3,70,74,86,3,89,93,13,1,20,21,0
07/12/2020,223,13,358,377,44,5,72,77,55,4,101,106,42,1,72,75,69,3,93,98,13,0,20,21,0
07/13/2020,483,21,366,384,108,5,78,83,123,4,98,103,79,4,72,76,138,6,96,101,35,2,21,22,0
07/14/2020,402,15,357,374,70,4,72,77,111,3,97,101,81,5,71,75,121,3,98,102,19,0,19,20,0
07/15/2020,440,22,358,376,107,8,75,81,150,3,101,105,70,2,64,67,91,8,99,103,22,1,19,20,0
07/16/2020,411,22,361,379,94,4,75,81,90,10,99,104,83,2,64,67,109,6,101,105,35,0,21,22,0
07/17/2020,413,19,376,394,75,4,77,82,105,4,101,106,104,3,72,75,106,8,103,108,23,0,23,23,0
07/18/2020,216,20,370,389,54,3,79,84,58,6,99,104,36,3,71,74,49,7,98,103,19,1,24,24,0
07/19/2020,176,26,363,384,39,8,78,83,41,6,97,102,33,5,69,73,46,6,94,101,17,1,24,25,0
07/20/2020,401,29,351,373,95,3,76,81,85,10,91,97,80,5,70,73,109,10,90,97,32,1,24,24,0
07/21/2020,340,15,342,364,71,3,76,81,79,2,87,93,69,4,68,71,100,6,87,94,21,0,24,25,0
07/22/2020,329,20,327,348,79,2,72,76,96,8,79,86,58,1,66,69,76,9,85,92,20,0,24,24,0
07/23/2020,308,14,312,332,69,5,69,73,84,3,78,84,65,4,64,67,63,2,78,85,27,0,23,23,0
07/24/2020,298,16,295,315,73,3,69,72,68,4,73,79,54,3,56,60,75,3,74,80,28,3,23,24,0
07/25/2020,153,15,286,306,25,3,64,68,35,5,70,75,34,2,56,60,46,5,74,79,13,0,23,23,0
07/26/2020,140,17,281,299,30,2,63,66,40,4,70,75,18,5,54,57,33,6,72,78,19,0,23,23,0
07/27/2020,312,18,269,285,58,2,58,61,78,9,69,74,71,4,53,56,79,2,67,72,26,1,22,23,0
07/28/2020,313,17,265,281,58,2,56,59,106,8,72,78,58,3,51,54,73,2,64,68,18,2,22,22,0
07/29/2020,287,23,259,276,80,3,56,59,73,7,69,75,54,4,51,54,67,8,62,66,13,1,21,22,0
07/30/2020,274,11,254,271,58,1,55,57,99,3,71,77,44,2,48,51,61,5,62,66,12,0,18,19,0
07/31/2020,262,23,249,266,55,4,52,54,80,7,73,79,51,4,47,51,58,6,60,64,18,2,17,18,0
08/01/2020,189,12,254,271,37,4,54,56,58,5,76,82,33,2,47,50,54,0,61,65,7,1,16,17,0
08/02/2020,135,10,253,269,30,4,54,57,38,4,76,82,26,0,48,51,33,2,61,64,8,0,15,16,0
08/03/2020,348,25,258,276,96,3,59,62,93,7,78,84,56,8,46,49,84,7,61,66,19,0,14,14,0
08/04/2020,187,19,240,258,47,5,58,61,49,4,70,75,38,7,43,47,46,3,58,62,7,0,12,13,0
08/05/2020,298,21,242,259,66,3,56,59,90,8,72,78,47,6,42,46,80,4,59,63,15,0,12,13,0
08/06/2020,288,18,244,262,65,3,57,60,86,4,71,76,53,6,43,48,66,5,60,64,18,0,13,14,0
08/07/2020,255,25,243,261,53,9,56,61,90,3,72,77,49,2,43,48,57,9,60,64,6,2,11,12,0
08/08/2020,160,25,239,259,30,5,55,60,57,8,72,77,23,4,42,46,43,6,58,64,7,2,11,12,0
08/09/2020,133,17,238,260,19,4,54,58,48,5,73,79,18,3,41,46,36,5,59,64,12,0,12,13,0
08/10/2020,312,31,233,256,89,8,53,58,75,10,71,77,49,3,40,44,77,9,58,64,22,1,12,13,0
08/11/2020,263,27,244,268,70,6,56,61,82,13,75,83,42,3,40,44,51,3,59,64,18,2,14,15,0
08/12/2020,320,19,247,270,59,5,55,61,114,3,79,85,43,2,40,43,86,8,59,66,18,1,14,16,0
08/13/2020,276,34,246,271,61,7,54,61,86,21,79,88,50,2,39,42,67,2,60,66,12,2,14,15,0
08/14/2020,277,21,249,274,68,5,57,62,80,9,77,87,44,3,38,41,69,4,61,67,16,0,15,16,0
08/15/2020,151,15,247,271,42,1,58,63,33,5,74,83,25,2,39,41,42,4,61,66,9,3,15,17,0
08/16/2020,140,19,248,272,23,6,59,64,49,8,74,84,22,2,39,42,39,3,62,66,7,0,15,16,0
08/17/2020,333,25,251,274,71,7,56,62,96,7,77,87,57,2,40,43,95,9,64,69,14,0,13,15,0
08/18/2020,283,26,254,277,55,5,54,59,66,7,75,83,61,6,43,46,87,8,69,75,14,0,13,14,0
08/19/2020,257,39,245,271,50,12,53,59,69,11,68,78,51,6,44,48,69,9,67,72,18,1,13,14,0
08/20/2020,227,21,238,262,64,6,53,59,56,5,64,72,33,3,42,45,54,7,65,71,20,0,14,15,0
08/21/2020,252,27,235,259,52,7,51,57,75,4,63,70,51,3,43,46,60,12,64,71,14,1,14,14,0
08/22/2020,136,21,233,258,29,6,49,56,36,3,64,70,30,4,44,47,34,7,63,70,7,1,13,14,0
08/23/2020,150,20,234,260,32,7,50,58,55,7,65,71,16,2,43,46,40,4,63,71,7,0,13,14,0
08/24/2020,297,22,229,254,64,4,49,56,85,10,63,70,49,1,42,45,84,6,61,69,15,1,14,14,0
08/25/2020,283,19,229,253,64,4,51,57,84,4,66,72,54,3,41,44,69,8,59,66,12,0,13,14,0
08/26/2020,313,24,237,259,64,8,53,59,117,8,73,78,50,1,40,43,66,4,58,65,16,3,13,14,0
08/27/2020,274,22,244,266,53,5,51,57,99,6,79,85,48,5,43,45,61,5,59,66,13,1,12,13,0
08/28/2020,280,18,248,268,77,4,55,60,78,7,79,86,52,1,43,45,52,6,58,64,21,0,13,14,0
08/29/2020,128,25,246,268,28,8,55,60,38,9,79,87,23,3,42,44,32,3,58,63,7,2,13,14,0
08/30/2020,186,21,252,273,20,6,53,58,62,10,80,88,37,1,45,47,42,4,58,63,25,0,16,17,0
08/31/2020,315,16,254,275,46,6,50,56,118,5,85,92,52,2,45,47,77,3,57,62,22,0,17,17,0
09/01/2020,294,34,256,279,52,9,49,55,89,16,86,95,55,4,45,48,73,4,58,62,24,1,18,19,0
09/02/2020,271,25,250,273,42,6,45,52,94,10,83,92,48,6,45,48,69,3,58,62,17,0,18,19,0
09/03/2020,273,29,250,274,40,5,44,50,91,5,81,90,35,4,43,46,90,11,62,67,17,4,19,20,0
09/04/2020,230,19,242,267,44,1,39,45,71,8,80,89,30,4,40,43,59,4,63,68,26,2,20,21,0
09/05/2020,156,11,246,269,30,3,39,44,46,5,82,90,22,0,40,43,34,3,63,68,24,0,22,23,0
09/06/2020,207,24,249,272,18,4,39,44,87,7,85,93,27,6,38,42,62,6,66,71,13,1,20,22,0
09/07/2020,218,23,236,259,32,4,37,41,75,6,79,87,40,4,37,41,52,9,63,68,19,0,20,21,0
09/08/2020,393,23,250,272,81,5,41,45,126,3,84,91,58,5,37,41,98,8,66,73,30,2,21,22,0
09/09/2020,353,31,261,284,56,6,43,47,119,8,88,94,71,4,40,44,82,11,68,76,25,2,22,24,0
09/10/2020,323,28,269,291,45,4,44,48,124,8,93,99,57,8,44,48,70,8,65,72,27,0,23,24,0
09/11/2020,313,31,280,305,55,8,45,50,111,8,98,105,54,5,47,52,77,9,68,76,16,1,22,23,0
09/12/2020,202,25,287,313,35,6,46,51,51,9,99,106,36,3,49,54,61,6,72,80,19,1,21,22,0
09/13/2020,263,27,295,322,19,2,46,51,118,12,103,111,45,4,52,56,68,7,73,81,13,2,21,22,0
09/14/2020,462,27,330,357,75,6,52,58,178,9,118,126,78,3,57,62,105,9,80,88,26,0,22,23,0
09/15/2020,415,49,333,364,62,9,50,55,190,24,127,138,64,4,58,62,81,11,78,86,18,1,21,22,0
09/16/2020,457,37,348,380,60,8,50,56,201,11,139,151,84,3,60,64,94,13,79,88,18,2,20,21,0
09/17/2020,441,35,365,398,61,6,52,59,163,14,145,157,88,6,64,68,104,9,84,93,25,0,19,20,0
09/18/2020,292,39,362,396,45,5,51,57,108,15,144,158,46,5,63,67,69,12,83,93,24,2,20,22,0
09/19/2020,216,23,364,398,30,3,50,56,65,4,146,159,47,8,65,69,60,6,83,93,13,2,20,21,0
09/20/2020,221,26,358,391,32,3,52,58,78,10,140,153,47,5,65,70,43,6,79,89,21,2,21,22,0
09/21/2020,559,53,372,409,73,11,52,58,264,26,153,168,76,4,65,70,122,8,82,91,24,4,20,22,0
09/22/2020,498,56,383,422,68,11,53,59,209,28,155,171,88,5,68,73,107,11,86,95,26,1,22,23,0
09/23/2020,614,65,406,448,89,11,57,64,272,40,166,185,100,4,70,76,116,9,89,97,37,1,24,26,0
09/24/2020,543,73,420,468,71,5,58,65,263,43,180,204,83,7,70,75,100,14,88,98,26,4,24,27,0
09/25/2020,462,57,445,495,49,8,59,66,193,26,192,217,68,6,73,78,124,10,96,105,28,7,25,28,0
09/26/2020,280,34,454,506,42,10,61,69,109,8,198,224,35,5,71,76,61,9,96,106,33,2,28,31,0
09/27/2020,382,48,477,532,32,5,61,69,181,18,213,240,35,4,69,74,106,20,105,117,28,1,29,32,0
09/28/2020,436,41,459,513,82,10,62,70,139,15,195,221,58,2,67,71,109,11,103,115,47,3,32,35,0
09/29/2020,723,71,491,547,65,10,61,70,355,35,216,242,95,9,68,73,175,16,113,126,33,1,33,36,0
09/30/2020,605,83,490,548,52,8,56,64,284,43,218,245,93,12,67,73,135,17,116,130,41,3,34,37,0
10/01/2020,705,79,513,572,82,2,58,65,332,44,228,255,120,9,72,79,145,21,122,137,26,2,34,36,0
10/02/2020,603,82,533,596,80,8,62,70,269,37,238,267,78,8,73,80,140,21,124,141,36,8,35,38,0
10/03/2020,301,42,536,600,34,4,61,68,95,16,236,266,57,2,77,83,98,11,130,146,17,9,33,36,0
10/04/2020,335,64,530,596,34,10,61,69,162,22,234,264,29,3,76,82,84,18,127,143,26,11,32,38,0
10/05/2020,765,116,577,653,94,14,63,71,354,52,264,300,84,24,79,89,196,19,139,157,37,7,31,37,0
10/06/2020,571,72,555,632,67,11,63,71,251,30,250,284,79,7,77,86,145,20,135,153,29,4,30,37,0
10/07/2020,542,83,546,623,75,12,67,75,223,30,241,274,75,8,75,83,132,23,134,153,37,10,30,37,0
10/08/2020,526,76,520,597,83,8,67,76,218,40,225,257,80,6,69,77,112,19,130,148,33,3,31,38,0
10/09/2020,524,91,509,587,92,6,68,78,184,36,212,245,74,7,68,76,143,30,130,150,31,12,30,38,0
10/10/2020,315,45,511,589,36,7,69,78,97,12,213,244,46,6,67,75,99,14,130,151,36,6,33,40,0
10/11/2020,281,49,503,579,38,8,69,79,115,16,206,237,29,8,67,76,85,11,130,150,14,6,31,38,0
10/12/2020,515,69,468,537,53,15,63,73,223,29,187,215,85,7,67,74,116,16,119,138,37,2,31,37,0
10/13/2020,589,111,470,545,91,29,67,79,225,24,184,210,100,23,70,79,128,27,116,136,45,8,33,40,0
10/14/2020,583,140,476,559,89,20,69,82,215,53,182,212,86,23,71,83,159,35,120,142,33,8,33,39,0
10/15/2020,604,133,487,578,92,29,70,86,238,42,185,216,90,27,73,87,144,28,125,148,40,7,34,41,0
10/16/2020,503,128,484,581,78,20,68,86,163,41,182,213,91,28,75,93,132,27,123,146,38,12,35,42,0
10/17/2020,366,107,492,597,64,14,72,91,91,43,181,217,61,9,77,95,110,33,125,150,39,8,35,42,0
10/18/2020,412,121,510,626,45,11,73,93,172,47,190,229,39,19,79,98,123,26,130,158,33,18,38,47,0
10/19/2020,626,168,526,656,107,25,81,102,204,52,187,230,101,26,81,103,178,51,139,172,36,14,38,48,0
10/20/2020,601,161,528,665,91,23,81,101,214,48,185,232,104,28,82,105,154,47,143,178,38,15,37,48,0
10/21/2020,653,166,538,678,96,26,82,103,203,51,184,230,118,28,86,110,187,50,147,184,49,11,39,51,0
10/22/2020,759,180,560,707,122,13,86,105,242,59,184,233,137,28,93,117,182,54,152,193,76,26,44,59,0
10/23/2020,601,174,574,728,115,26,91,111,199,48,189,239,78,34,91,116,161,53,156,201,48,13,46,61,0
10/24/2020,386,137,577,735,73,24,93,114,120,40,193,243,58,20,91,117,103,37,155,201,32,16,45,61,0
10/25/2020,361,151,570,732,66,25,96,119,128,45,187,236,48,28,92,119,87,33,150,197,32,20,44,61,0
10/26/2020,695,217,579,749,132,34,99,124,221,48,190,238,118,44,94,124,154,58,147,194,69,33,49,68,0
10/27/2020,741,232,599,779,119,34,103,129,237,76,193,245,128,45,98,130,180,50,151,198,76,27,55,75,0
10/28/2020,783,224,618,806,124,28,107,134,231,62,197,251,135,46,100,135,203,59,153,202,90,29,60,84,0
10/29/2020,621,226,598,793,100,36,104,134,192,49,190,242,117,44,97,135,156,63,149,200,56,34,58,82,0
10/30/2020,653,224,606,807,115,40,104,136,191,58,189,243,102,47,101,140,168,54,150,201,77,25,62,88,0
10/31/2020,403,141,608,810,65,34,103,136,117,33,188,241,52,28,100,140,117,30,152,202,52,16,65,91,0
11/01/2020,501,237,628,843,57,55,102,139,231,67,203,259,66,43,103,145,102,51,154,206,45,21,66,93,0
11/02/2020,953,330,665,896,159,65,106,147,337,76,219,280,144,52,106,150,220,93,164,221,93,44,70,98,0
11/03/2020,903,302,688,929,153,39,110,153,319,78,231,292,158,51,111,155,181,90,164,227,92,44,72,103,0
11/04/2020,1112,379,735,998,187,64,119,167,311,91,243,307,199,73,120,168,277,106,174,244,138,45,79,112,0
11/05/2020,1139,395,809,1096,198,54,133,184,312,117,260,334,212,76,133,186,306,100,196,271,111,48,87,122,0
11/06/2020,1036,420,864,1179,191,65,144,198,238,128,266,351,179,69,144,200,297,103,214,296,131,55,95,134,0
11/07/2020,845,356,927,1273,134,52,154,210,224,87,282,374,148,76,158,221,250,87,233,323,89,54,100,144,0
11/08/2020,788,370,968,1333,106,67,161,219,224,90,281,376,133,75,168,235,226,77,251,345,99,61,108,158,0
11/09/2020,1545,538,1053,1447,240,71,173,232,418,146,292,398,268,111,185,261,417,144,279,380,202,66,123,176,0
11/10/2020,1598,502,1152,1575,274,69,190,253,459,128,312,425,311,84,207,288,408,131,312,418,146,90,131,191,0
11/11/2020,1539,470,1213,1649,239,78,197,263,393,119,324,440,290,107,220,306,448,116,336,444,169,50,135,196,0
11/12/2020,1501,503,1265,1716,248,89,205,275,383,127,334,452,300,106,233,322,406,121,350,462,164,60,143,205,0
11/13/2020,1494,512,1330,1794,272,83,216,289,356,109,351,466,263,102,245,339,430,159,369,489,173,59,149,212,0
11/14/2020,1026,429,1356,1831,193,85,225,302,238,93,353,469,160,68,246,340,324,132,380,506,111,51,152,214,0
11/15/2020,896,421,1371,1853,135,70,229,307,232,112,354,473,134,71,247,339,243,122,382,514,152,46,160,220,0
11/16/2020,1832,527,1412,1893,314,76,239,318,496,147,365,485,332,100,256,347,503,135,395,525,187,69,157,218,0
11/17/2020,1729,546,1431,1918,337,85,248,329,492,148,370,492,288,103,252,346,422,165,397,532,190,45,164,218,0
11/18/2020,1753,533,1462,1957,307,93,258,341,468,156,381,508,336,95,259,351,444,137,396,535,198,52,168,222,0
11/19/2020,1857,519,1512,2011,362,92,274,358,491,148,396,527,347,89,266,355,457,141,403,545,200,49,173,226,0
11/20/2020,1773,510,1552,2050,328,112,282,370,435,140,407,542,328,85,275,362,458,135,407,545,224,38,180,230,0
11/21/2020,1290,354,1590,2077,254,92,291,380,354,80,424,557,196,53,280,365,325,98,407,541,161,31,187,235,0
11/22/2020,1148,413,1626,2112,183,78,298,388,340,115,439,573,159,76,284,370,287,109,414,545,178,35,191,237,0
11/23/2020,2316,583,1695,2189,437,107,315,410,574,168,451,587,411,96,295,380,605,155,428,563,289,57,206,250,0
11/24/2020,2072,600,1744,2246,375,108,321,418,553,166,459,598,371,104,307,392,535,176,444,580,238,46,213,257,0
11/25/2020,2369,634,1832,2348,425,99,338,436,632,152,483,621,382,131,313,404,635,189,472,615,295,63,226,272,0
11/26/2020,807,378,1682,2178,137,55,306,399,242,104,447,579,136,75,283,372,200,113,435,574,92,31,211,254,0
11/27/2020,2296,767,1757,2290,386,145,314,412,603,199,471,612,385,147,291,389,649,202,462,611,273,74,218,266,0
11/28/2020,1786,585,1828,2393,332,127,325,428,444,151,484,635,295,104,306,410,500,153,487,644,215,50,226,277,0
11/29/2020,1728,625,1911,2507,230,118,332,440,504,178,507,667,233,96,316,424,483,168,515,680,278,65,240,295,0
11/30/2020,2802,788,1980,2605,456,141,334,448,863,199,549,713,389,128,313,425,717,227,531,707,377,93,253,313,0
12/01/2020,3137,987,2132,2813,580,171,364,486,878,246,595,771,479,188,328,453,838,276,575,764,362,106,270,339,0
12/02/2020,3007,821,2223,2931,526,138,378,506,808,213,620,805,457,149,339,466,834,231,603,799,382,90,283,355,0
12/03/2020,2876,908,2519,3302,519,160,433,576,822,223,703,904,433,160,382,520,766,273,684,902,336,92,318,399,0
12/04/2020,2810,758,2592,3374,562,143,458,600,764,195,726,927,400,123,384,519,756,236,699,923,328,61,325,405,0
12/05/2020,1884,652,2606,3398,325,111,457,597,506,183,735,940,208,86,371,504,597,186,713,941,248,86,330,415,0
12/06/2020,1754,661,2610,3406,250,112,460,599,556,187,742,949,216,108,369,503,516,202,718,951,216,52,321,404,0
12/07/2020,3302,1009,2681,3509,554,192,474,620,963,263,757,972,449,160,377,517,966,309,753,998,370,85,320,402,0
12/08/2020,3059,907,2670,3487,496,172,462,609,922,216,763,974,450,158,373,508,900,267,762,1006,291,94,310,390,0
12/09/2020,3106,963,2684,3521,528,178,462,615,912,243,778,994,496,140,379,512,851,328,765,1022,319,74,301,379,0
12/10/2020,3149,905,2723,3560,572,155,470,621,939,253,795,1015,463,159,383,517,897,267,783,1040,277,71,293,367,0
12/11/2020,2977,891,2747,3603,500,135,461,611,836,208,805,1027,494,175,397,537,879,306,801,1067,266,67,284,359,0
12/12/2020,2206,584,2793,3639,392,109,470,621,600,157,818,1036,297,90,409,551,699,187,815,1082,218,41,280,349,0
12/13/2020,2176,898,2854,3733,311,145,479,634,645,251,831,1058,296,142,421,567,676,296,838,1118,248,64,284,355,0
12/14/2020,3577,1082,2893,3783,614,182,488,641,1109,321,852,1087,499,148,428,572,1004,336,844,1128,350,92,281,353,0
12/15/2020,3679,945,2981,3877,634,187,507,663,1064,236,872,1111,550,159,442,587,1092,293,871,1159,339,69,288,356,0
12/16/2020,2784,777,2935,3804,445,129,495,644,842,232,862,1099,453,133,436,580,808,225,865,1138,236,58,276,342,0
12/17/2020,1924,770,2760,3610,266,135,452,598,648,215,821,1052,337,138,418,559,487,225,806,1073,186,57,263,327,0
12/18/2020,3428,836,2825,3667,619,156,469,618,1025,216,848,1080,521,140,422,558,928,260,813,1074,335,64,273,337,0
12/19/2020,2557,691,2875,3732,405,123,471,622,764,200,871,1110,330,90,427,562,798,215,828,1092,260,63,279,346,0
12/20/2020,2348,711,2900,3730,292,121,468,615,768,213,889,1122,295,98,426,556,700,206,831,1082,293,73,286,354,0
12/21/2020,4335,1044,3008,3833,714,173,482,628,1307,322,917,1150,598,145,441,570,1287,317,871,1120,429,87,297,364,0
12/22/2020,4098,948,3068,3893,731,202,496,644,1252,271,944,1182,547,126,440,564,1204,273,887,1133,364,76,300,369,0
12/23/2020,3844,940,3219,4068,636,174,523,678,1099,308,980,1230,524,109,450,571,1186,265,941,1193,399,84,324,396,0
12/24/2020,3015,642,3375,4205,503,100,557,707,965,173,1026,1269,433,85,464,577,873,234,997,1249,241,50,332,403,0
12/25/2020,1046,596,3035,3831,154,84,491,630,344,177,928,1166,153,85,411,517,299,185,907,1149,96,64,297,368,0
12/26/2020,3454,899,3163,3989,537,147,510,653,1024,251,966,1211,427,114,425,534,1072,291,946,1199,393,96,316,392,0
12/27/2020,2886,920,3240,4095,479,170,536,686,913,229,986,1234,314,125,428,541,868,317,970,1239,312,79,319,396,0
12/28/2020,5389,1196,3390,4268,1020,213,580,736,1600,346,1028,1279,677,159,439,554,1530,389,1005,1284,562,89,338,415,0
12/29/2020,5204,1002,3548,4433,992,194,617,772,1414,283,1051,1304,612,126,449,563,1602,318,1061,1347,584,80,370,447,0
12/30/2020,4984,1051,3711,4612,967,182,665,820,1397,297,1094,1345,661,153,468,589,1493,327,1105,1400,465,92,379,458,0
12/31/2020,3392,771,3765,4684,665,133,688,848,936,196,1090,1344,396,103,463,586,1009,268,1125,1424,386,71,400,481,0
01/01/2021,1336,786,3806,4753,206,161,695,867,413,168,1100,1352,163,122,464,593,432,259,1144,1454,122,76,403,487,0
01/02/2021,4189,1066,3911,4882,722,187,722,899,1105,274,1111,1367,516,177,477,615,1335,319,1181,1495,510,109,420,505,0
01/03/2021,3454,982,3993,4972,510,178,726,904,1058,256,1132,1392,397,160,489,632,1089,306,1213,1525,400,82,433,518,0
01/04/2021,6593,1410,4165,5174,1255,286,760,948,1894,327,1174,1431,915,236,523,677,1872,417,1262,1578,657,143,446,540,0
01/05/2021,6152,1355,4300,5360,1165,255,784,982,1757,393,1223,1496,892,200,563,727,1820,408,1293,1622,518,99,437,533,0
01/06/2021,5676,1261,4399,5489,1109,229,805,1009,1605,345,1253,1532,758,211,577,749,1679,386,1319,1657,524,90,445,541,0
01/07/2021,5433,1181,4690,5839,983,236,850,1069,1639,332,1353,1652,790,173,633,816,1569,349,1399,1749,452,91,455,553,0
01/08/2021,5294,1091,5256,6448,984,204,961,1186,1453,276,1502,1816,778,167,721,910,1598,371,1566,1931,481,72,506,604,0
01/09/2021,3689,892,5184,6352,677,179,955,1179,1006,255,1487,1799,447,129,711,893,1188,256,1545,1901,371,73,486,579,0
01/10/2021,3198,982,5148,6315,463,207,948,1176,1005,305,1480,1799,366,141,707,886,1020,257,1535,1884,344,72,478,570,0
01/11/2021,5910,1342,5050,6208,1139,269,931,1157,1754,409,1460,1791,845,193,697,870,1701,386,1511,1855,469,85,451,534,0
01/12/2021,5232,1180,4919,6052,997,237,907,1130,1614,333,1439,1762,671,171,665,834,1535,332,1470,1804,415,107,437,521,0
01/13/2021,5171,1218,4847,5973,1043,267,898,1126,1533,334,1429,1750,695,197,656,823,1522,328,1448,1773,378,92,416,500,0
01/14/2021,5258,1134,4822,5942,995,234,900,1128,1558,333,1418,1738,748,182,650,819,1538,294,1443,1761,419,90,411,495,0
01/15/2021,4838,1083,4757,5875,933,226,892,1124,1399,328,1410,1738,662,145,633,799,1488,308,1427,1736,355,76,393,478,0
01/16/2021,3479,914,4727,5848,607,211,882,1118,1074,272,1420,1750,443,130,633,798,1058,243,1409,1716,297,58,382,465,0
01/17/2021,2918,1032,4687,5816,501,197,888,1122,903,330,1405,1739,396,158,637,805,862,285,1386,1697,256,62,370,451,0
01/18/2021,4641,1326,4505,5632,768,273,835,1070,1462,401,1363,1696,599,197,602,771,1433,341,1348,1652,379,113,357,442,0
01/19/2021,5142,1340,4492,5642,1085,267,847,1087,1475,430,1343,1690,724,212,610,784,1521,348,1346,1653,337,83,346,428,0
01/20/2021,4905,1274,4454,5612,1038,247,847,1083,1352,396,1318,1673,725,197,614,788,1438,359,1334,1645,352,74,342,422,0
01/21/2021,4937,1250,4409,5583,961,273,842,1084,1404,346,1296,1653,722,170,610,783,1500,374,1329,1651,350,87,332,411,0
01/22/2021,4711,1224,4390,5585,1061,273,860,1109,1323,344,1285,1645,704,188,616,795,1291,329,1300,1626,330,90,329,410,0
01/23/2021,3275,1032,4361,5572,664,217,868,1118,908,280,1261,1622,462,175,619,804,996,295,1292,1625,245,65,321,403,0
01/24/2021,2855,968,4352,5554,491,206,867,1118,891,262,1259,1611,381,165,617,803,914,276,1299,1631,178,59,310,392,0
01/25/2021,5660,1417,4498,5713,1152,274,922,1173,1715,435,1295,1652,813,231,647,838,1622,387,1326,1664,357,90,307,385,0
01/26/2021,4697,1234,4434,5634,991,281,908,1161,1372,316,1281,1621,686,222,642,834,1367,346,1304,1642,281,68,299,375,0
01/27/2021,4780,1198,4416,5605,962,268,897,1153,1453,355,1295,1629,706,205,639,833,1380,302,1296,1626,279,68,289,364,0
01/28/2021,4674,1161,4379,5555,957,226,897,1146,1410,370,1296,1633,691,188,635,831,1347,318,1274,1596,268,59,277,348,0
01/29/2021,3668,1006,4230,5375,733,238,850,1094,1099,299,1264,1595,529,163,610,802,1073,245,1243,1553,234,61,263,330,0
01/30/2021,2857,824,4170,5286,557,183,835,1074,864,237,1258,1583,356,129,595,781,916,225,1231,1531,163,49,251,316,0
01/31/2021,2891,951,4175,5288,547,201,843,1081,882,262,1256,1581,332,191,588,777,912,241,1231,1526,218,55,257,321,0
02/01/2021,975,550,3506,4495,169,110,702,918,344,167,1061,1347,185,99,498,669,233,152,1033,1294,44,22,212,267,0
02/02/2021,2660,536,3215,4104,435,113,623,814,872,150,989,1252,442,93,463,616,769,144,947,1180,142,35,193,242,0
02/03/2021,5143,1083,3267,4140,1093,250,642,830,1504,304,996,1252,822,204,480,632,1403,260,950,1177,321,65,199,248,0
02/04/2021,4855,1113,3293,4159,1069,258,658,851,1389,302,993,1239,704,197,481,635,1408,287,959,1181,285,69,201,252,0
02/05/2021,4157,1123,3363,4245,953,250,689,884,1244,302,1014,1260,538,214,483,644,1180,285,974,1202,242,72,202,255,0
02/06/2021,3079,866,3394,4283,718,180,712,907,900,251,1019,1268,389,158,487,653,892,223,971,1198,180,54,205,258,0
02/07/2021,1647,723,3217,4073,324,154,680,868,567,215,974,1216,203,130,469,625,453,178,905,1124,100,46,188,240,0
02/08/2021,4432,1167,3710,4655,972,282,795,1007,1345,347,1117,1385,610,174,530,697,1238,293,1049,1288,267,71,220,278,0
02/09/2021,3730,1023,3863,4877,874,223,858,1086,1089,299,1148,1437,517,172,540,719,1005,274,1083,1340,245,55,234,296,0
02/10/2021,3778,989,3668,4669,868,192,825,1045,1060,254,1085,1366,569,183,504,680,1008,287,1026,1287,273,72,227,290,0
02/11/2021,3411,918,3462,4435,724,186,776,986,931,293,1019,1300,549,173,482,654,978,215,965,1216,228,51,219,279,0
02/12/2021,3314,842,3342,4274,726,198,744,946,934,238,975,1246,494,137,476,637,928,227,929,1171,231,42,218,274,0
02/13/2021,2204,810,3217,4141,420,165,701,901,670,226,942,1210,276,146,460,619,703,219,902,1144,135,54,211,267,0
02/14/2021,1896,793,3252,4187,371,158,708,908,586,234,945,1215,245,116,466,623,580,226,920,1169,114,59,213,271,0
02/15/2021,2860,698,3028,3895,527,141,644,825,860,197,876,1124,366,89,431,576,872,221,868,1106,234,50,209,263,0
02/16/2021,3725,952,3027,3884,789,199,632,809,1111,290,879,1126,611,158,444,587,1024,241,870,1104,190,64,201,257,0
02/17/2021,3438,1025,2978,3841,772,227,618,800,1007,299,871,1125,542,157,440,580,921,286,858,1092,196,56,190,243,0
02/18/2021,2047,799,2783,3629,383,165,570,749,590,246,823,1070,411,151,421,557,553,204,797,1029,110,33,173,224,0
02/19/2021,3018,984,2741,3607,618,201,554,734,855,309,811,1069,461,159,416,555,856,250,787,1022,228,65,172,227,0
02/20/2021,2494,930,2783,3666,510,203,567,752,681,284,813,1078,346,145,426,565,785,256,799,1039,172,42,178,230,0
02/21/2021,2286,582,2838,3691,359,113,565,744,792,183,842,1101,318,57,436,567,666,200,811,1048,151,29,183,231,0
02/22/2021,3614,973,2946,3838,750,186,597,782,1112,301,878,1151,540,165,461,603,983,257,827,1069,229,64,182,233,0
02/23/2021,3473,1057,2910,3817,731,238,589,779,1074,301,873,1148,532,169,450,593,934,304,814,1065,201,45,184,232,0
02/24/2021,3461,996,2913,3816,713,187,581,765,1021,302,875,1150,568,188,454,601,942,283,817,1068,217,35,187,232,0
02/25/2021,3480,975,3118,4046,715,209,628,819,1025,301,937,1220,514,151,468,616,964,259,876,1134,262,55,209,256,0
02/26/2021,3240,979,3150,4077,675,218,636,830,942,269,950,1227,518,169,477,626,889,252,880,1139,216,71,207,256,0
02/27/2021,2016,790,3081,3989,376,137,617,801,625,263,942,1216,248,126,463,609,629,227,858,1113,138,36,202,250,0
02/28/2021,2038,880,3046,3996,329,151,613,802,733,276,933,1221,253,138,453,611,574,248,845,1106,149,67,202,255,0
03/01/2021,3726,1176,3062,4041,729,226,610,805,1175,317,942,1232,530,200,452,615,1032,366,852,1129,260,67,206,260,0
03/02/2021,3109,1015,3010,3983,562,197,586,775,936,275,922,1209,495,177,447,611,861,319,842,1121,255,47,214,268,0
03/03/2021,3242,1125,2979,3970,638,226,575,770,954,352,913,1206,523,190,440,605,861,296,830,1111,266,61,221,279,0
03/04/2021,3119,999,2927,3922,575,185,555,746,933,311,900,1194,495,165,437,604,862,264,815,1097,253,74,220,280,0
03/05/2021,2886,904,2877,3861,553,181,537,724,887,251,892,1184,403,156,421,586,807,255,804,1086,236,61,222,281,0
03/06/2021,2044,696,2881,3851,331,136,531,717,594,181,887,1168,260,130,423,588,687,204,812,1091,172,45,227,288,0
03/07/2021,1876,849,2857,3824,291,139,526,710,596,241,868,1143,238,143,421,586,604,281,816,1100,147,45,227,284,0
03/08/2021,3399,1160,2811,3775,625,202,511,692,1108,348,858,1138,489,182,415,578,918,362,800,1083,259,66,227,284,0
03/09/2021,3340,1073,2844,3816,581,183,513,692,1084,338,879,1168,527,192,419,585,915,306,808,1089,233,54,224,282,0
03/10/2021,3203,1090,2838,3805,562,196,503,677,957,319,880,1164,517,174,418,582,907,325,814,1100,260,76,223,283,0
03/11/2021,3106,1007,2836,3805,544,180,498,672,964,286,884,1165,464,143,414,574,921,326,823,1117,213,71,217,277,0
03/12/2021,3202,888,2881,3848,572,156,501,671,936,255,891,1172,486,138,426,583,964,283,845,1143,244,56,218,277,0
03/13/2021,2175,823,2900,3884,330,164,501,675,627,254,896,1188,285,108,429,584,756,245,855,1159,177,52,219,279,0
03/14/2021,1923,812,2907,3886,249,148,495,670,642,252,903,1196,224,124,427,579,659,236,863,1160,149,52,219,280,0
03/15/2021,3393,1090,2906,3875,561,178,486,658,1063,320,896,1185,450,180,422,573,1093,323,888,1180,226,89,215,279,0
03/16/2021,3196,987,2885,3842,569,186,484,656,988,294,882,1165,492,176,417,566,934,258,891,1176,213,73,212,279,0
03/17/2021,3172,1121,2881,3842,514,223,477,653,941,309,880,1162,507,217,415,571,943,308,896,1178,267,64,213,278,0
03/18/2021,2916,988,2854,3812,499,157,471,644,854,261,864,1142,445,202,413,576,886,289,891,1168,232,78,215,282,0
03/19/2021,3049,1025,2832,3810,546,187,467,644,905,305,860,1145,434,174,405,574,897,311,881,1163,267,48,219,284,0
03/20/2021,2157,891,2829,3817,333,135,467,641,661,252,865,1150,267,146,403,577,735,293,878,1166,160,65,216,283,0
03/21/2021,2090,820,2853,3842,294,127,474,644,707,239,874,1157,234,139,404,580,681,258,881,1173,174,57,220,288,0
03/22/2021,3881,1251,2923,3935,654,234,487,665,1214,384,896,1188,578,223,422,605,1116,325,885,1176,318,85,233,300,0
03/23/2021,3250,1125,2931,3962,567,178,487,664,1025,309,901,1195,467,188,419,603,939,382,885,1195,252,68,239,305,0
03/24/2021,3453,1162,2971,4008,580,219,496,673,1046,328,916,1213,526,203,422,604,1013,336,895,1209,288,76,242,310,0
03/25/2021,3798,1216,3097,4167,637,210,516,700,1150,368,958,1270,586,212,442,625,1130,346,930,1252,295,80,251,319,0
03/26/2021,3418,1025,3150,4220,567,177,519,702,1000,268,972,1279,497,185,451,636,1045,341,951,1277,309,54,257,326,0
03/27/2021,2223,817,3159,4218,363,137,523,706,633,230,968,1272,270,156,451,638,742,226,952,1269,215,68,264,334,0
03/28/2021,1751,720,3111,4156,254,122,517,700,575,201,949,1247,224,155,450,639,546,192,933,1240,152,50,261,330,0
03/29/2021,3557,1198,3064,4102,626,228,513,695,1043,323,925,1214,485,197,436,622,1092,345,930,1239,311,105,260,332,0
03/30/2021,3187,979,3055,4072,593,179,517,699,941,319,913,1204,472,189,437,622,935,248,929,1220,246,44,259,328,0
03/31/2021,3186,991,3017,4009,508,211,507,687,960,276,900,1184,517,155,436,614,940,273,919,1200,261,75,256,324,0
04/01/2021,2866,860,2884,3825,501,150,487,659,862,251,859,1126,446,159,416,587,830,251,876,1144,227,49,246,309,0
04/02/2021,2619,799,2770,3679,360,157,458,627,848,221,837,1098,380,156,399,566,810,201,842,1090,221,63,233,298,0
04/03/2021,2050,583,2745,3621,313,92,451,613,638,182,838,1091,233,97,394,552,665,174,831,1072,201,38,231,292,0
04/04/2021,1467,599,2705,3563,192,102,442,602,497,173,827,1076,180,90,388,537,456,186,818,1058,142,48,230,290,0
04/05/2021,3269,978,2663,3490,505,166,425,576,1037,289,826,1071,467,169,385,530,975,287,802,1033,285,67,226,281,0
04/06/2021,3003,936,2637,3458,501,182,411,563,933,256,825,1060,462,181,384,527,862,242,791,1022,245,75,226,285,0
04/07/2021,2763,846,2577,3377,467,168,406,551,869,235,812,1042,412,140,369,510,788,239,769,995,227,64,221,279,0
04/08/2021,2571,751,2535,3319,417,152,394,539,812,225,805,1031,322,122,351,487,784,205,763,982,236,46,222,280,0
04/09/2021,2469,751,2513,3291,356,119,393,533,803,228,798,1025,322,125,343,475,734,225,752,975,254,54,227,283,0
04/10/2021,1723,599,2466,3246,231,132,381,527,564,182,788,1015,196,84,337,467,582,150,740,959,150,51,220,278,0
04/11/2021,1315,627,2445,3229,179,120,379,528,462,191,783,1012,148,90,333,463,397,184,732,951,129,42,218,275,0
04/12/2021,2533,811,2340,3100,404,125,365,508,852,266,756,983,331,114,313,436,741,242,698,911,205,64,207,263,0
04/13/2021,2362,717,2248,2977,385,129,348,483,774,238,734,957,344,107,296,408,692,211,674,882,167,32,195,246,0
04/14/2021,2241,648,2173,2874,348,115,331,459,721,186,713,929,320,110,283,391,638,197,653,855,214,40,194,241,0
04/15/2021,2015,599,2094,2773,354,101,322,443,641,185,688,899,280,88,277,380,561,173,621,818,179,52,185,233,0
04/16/2021,1836,632,2004,2665,260,138,309,432,597,185,659,863,227,101,264,363,568,163,597,786,184,45,175,222,0
04/17/2021,1275,445,1940,2579,209,77,306,421,411,152,637,837,129,68,254,351,411,109,573,755,115,39,170,215,0
04/18/2021,1056,476,1903,2521,165,84,304,413,361,129,622,814,128,63,251,344,296,154,558,737,106,46,167,213,0
04/19/2021,1881,608,1809,2399,287,118,287,396,639,196,592,774,231,73,237,324,542,178,530,699,182,43,164,206,0
04/20/2021,1604,487,1701,2258,286,116,273,380,515,140,555,723,223,70,220,302,433,126,493,650,146,35,161,204,0
04/21/2021,1416,535,1583,2124,208,106,253,358,508,169,525,690,181,63,200,275,388,149,457,607,131,48,149,193,0
04/22/2021,1361,428,1490,2006,227,85,235,338,488,116,503,658,143,59,180,251,376,134,431,575,127,34,142,183,0
04/23/2021,1289,399,1412,1894,217,64,228,321,438,136,480,628,132,37,167,229,368,131,402,542,134,31,134,174,0
04/24/2021,852,320,1351,1816,123,58,216,306,308,98,465,606,87,47,161,220,255,86,380,517,79,31,129,168,0
04/25/2021,757,284,1309,1746,97,52,206,292,270,96,452,588,75,46,153,210,246,73,373,498,69,17,124,158,0
04/26/2021,1370,366,1236,1638,226,82,198,278,497,114,432,556,167,47,144,197,358,101,346,461,121,22,115,146,0
04/27/2021,1138,356,1169,1553,204,75,186,261,392,101,414,533,144,55,133,183,301,95,327,437,97,30,108,139,0
04/28/2021,1215,381,1140,1502,192,76,184,254,419,122,402,514,132,54,126,175,361,108,324,428,111,21,105,132,0
04/29/2021,1056,317,1097,1443,154,65,173,241,392,106,388,498,151,41,127,174,268,82,308,405,91,23,100,125,0
04/30/2021,963,314,1050,1384,173,63,167,234,328,103,372,478,106,40,123,170,276,81,295,384,80,27,93,117,0
05/01/2021,577,216,1011,1330,86,50,162,228,189,64,355,456,63,36,120,165,181,54,284,369,58,12,90,111,0
05/02/2021,569,207,984,1292,73,49,158,224,221,64,348,445,50,25,116,159,165,54,273,355,60,15,88,110,0
05/03/2021,936,283,922,1218,151,60,148,210,318,91,323,416,127,35,110,151,267,75,260,338,73,22,81,103,0
05/04/2021,877,230,885,1163,156,39,141,198,297,72,309,398,103,41,105,143,240,56,251,324,81,22,79,99,0
05/05/2021,780,219,823,1078,142,54,134,188,244,70,284,366,110,22,101,136,223,55,231,297,61,18,72,92,0
05/06/2021,786,236,784,1028,133,58,131,184,268,88,266,345,100,25,94,126,231,56,226,288,54,9,67,85,0
05/07/2021,715,195,749,975,137,36,125,175,225,46,252,322,80,29,90,121,193,62,214,273,80,22,67,84,0
05/08/2021,383,146,721,937,61,28,122,168,122,49,242,311,41,16,87,115,121,35,206,262,38,18,64,82,0
05/09/2021,343,137,689,895,53,23,119,162,106,48,226,292,48,20,87,114,110,37,198,252,26,9,59,76,0
05/10/2021,654,202,648,843,130,45,116,156,207,65,210,272,89,18,82,106,178,62,185,237,50,12,56,71,0
05/11/2021,628,176,613,800,90,33,107,146,216,63,198,260,70,22,77,99,188,41,178,227,64,17,53,68,0
05/12/2021,594,166,586,766,109,28,102,138,196,46,191,249,68,30,71,94,155,49,168,217,66,13,54,68,0
05/13/2021,516,133,548,713,93,30,96,128,147,44,174,226,75,14,67,89,151,36,157,203,49,9,53,68,0
05/14/2021,486,183,515,678,77,43,88,120,145,47,163,214,58,26,64,85,160,50,152,196,46,17,48,62,0
05/15/2021,292,96,502,658,46,19,85,117,94,27,159,207,33,5,63,82,99,35,149,193,20,10,46,58,0
05/16/2021,279,127,493,647,48,22,85,116,99,35,158,204,31,16,61,79,83,35,145,189,18,19,45,59,0
05/17/2021,453,132,464,609,79,33,77,107,151,31,150,192,72,19,58,77,114,33,136,176,37,16,43,57,0
05/18/2021,415,126,434,571,71,23,75,103,138,47,139,178,60,10,57,74,102,36,123,163,44,10,40,53,0
05/19/2021,377,135,403,536,74,24,70,97,129,61,129,171,41,17,53,68,106,26,116,152,27,7,34,47,0
05/20/2021,395,93,385,513,67,23,66,93,133,29,127,167,51,15,49,65,111,18,111,144,33,8,32,45,0
05/21/2021,349,89,366,480,54,19,63,86,115,32,123,160,48,6,48,61,105,22,103,132,27,10,29,41,0
05/22/2021,233,83,357,469,35,26,61,85,81,24,121,158,28,13,47,61,68,17,98,125,21,3,30,40,0
05/23/2021,187,61,344,447,29,11,58,81,63,21,116,151,17,8,45,58,55,15,94,118,23,6,30,39,0
05/24/2021,355,121,330,431,57,20,55,76,105,33,109,144,51,16,42,54,95,35,92,116,47,17,32,40,0
05/25/2021,305,95,314,411,48,26,52,73,101,26,104,136,37,16,39,52,82,23,89,111,37,4,31,39,0
05/26/2021,249,70,296,384,44,12,48,67,81,21,97,124,40,7,39,50,74,24,84,106,10,6,28,36,0
05/27/2021,257,75,276,361,56,14,46,64,62,26,87,113,39,16,37,49,67,15,78,100,33,4,28,35,0
05/28/2021,210,54,257,336,36,10,44,61,67,12,80,103,23,6,34,45,66,19,72,94,18,7,27,34,0
05/29/2021,126,51,241,317,22,10,42,56,32,18,73,95,23,7,33,44,40,13,68,89,9,3,25,32,0
05/30/2021,119,39,232,304,25,10,41,56,34,8,69,89,16,7,33,43,30,11,65,85,14,3,24,30,0
05/31/2021,118,64,198,262,15,10,35,48,35,27,59,79,20,4,28,37,38,17,57,74,10,6,19,23,0
06/01/2021,288,66,195,255,71,21,38,51,59,24,53,72,52,4,30,38,76,13,56,72,30,4,18,22,0
06/02/2021,244,68,195,254,52,27,40,54,70,12,51,69,32,8,29,37,69,16,55,70,21,5,19,24,0
06/03/2021,206,42,187,242,45,10,38,52,62,9,51,67,24,7,27,33,61,8,54,68,14,8,17,22,0
06/04/2021,224,57,189,245,57,18,41,56,65,12,51,67,34,9,29,35,43,15,51,64,25,3,18,22,0
06/05/2021,142,52,192,247,41,13,44,59,44,9,53,67,16,9,28,35,29,18,49,63,12,3,18,23,0
06/06/2021,130,29,193,247,24,13,44,60,35,2,53,66,23,4,29,35,33,7,50,63,15,3,18,23,0
06/07/2021,219,72,208,263,57,24,50,68,64,17,57,69,32,9,30,38,47,17,51,65,19,5,19,24,0
06/08/2021,176,58,192,246,38,21,45,63,55,11,56,67,27,11,27,35,39,11,46,59,17,4,18,22,0
06/09/2021,211,49,187,238,56,11,45,61,58,14,55,65,40,8,28,36,40,10,42,54,17,6,17,22,0
06/10/2021,155,52,180,232,33,13,44,60,46,13,52,64,30,10,29,37,34,12,38,51,12,4,17,21,0
06/11/2021,188,43,174,225,40,9,41,56,43,7,49,60,38,12,29,38,52,11,39,51,15,4,15,19,0
06/12/2021,121,35,171,220,25,10,39,53,28,6,47,57,14,9,29,38,39,5,41,51,15,5,16,20,0
06/13/2021,113,47,169,220,18,12,38,52,35,14,47,59,18,5,28,38,30,11,40,51,12,5,15,20,0
06/14/2021,181,53,164,212,38,14,35,48,53,20,45,58,29,8,28,37,49,6,40,50,12,5,14,19,0
06/15/2021,179,35,164,209,30,2,34,44,38,17,43,56,35,8,29,38,57,6,43,52,19,2,15,19,0
06/16/2021,174,58,159,205,29,14,30,41,47,13,41,54,31,14,28,37,41,12,43,52,26,5,16,20,0
06/17/2021,187,49,163,209,36,7,31,41,52,20,42,56,25,6,27,36,51,13,46,55,23,3,17,22,0
06/18/2021,158,31,159,203,19,6,28,37,58,5,44,58,14,4,24,31,47,5,45,53,20,11,18,23,0
06/19/2021,107,42,157,202,18,13,27,37,29,6,45,58,22,9,25,33,24,10,43,52,14,4,18,23,0
06/20/2021,96,41,155,199,14,7,26,35,33,12,44,58,14,7,24,32,26,10,42,51,9,5,18,23,0
06/21/2021,169,57,153,198,27,9,25,33,41,13,43,55,25,8,24,32,50,10,42,52,26,17,20,26,0
06/22/2021,170,45,152,198,21,5,23,32,50,12,44,56,33,10,23,32,49,11,41,51,17,7,19,27,0
06/23/2021,186,47,153,198,28,8,23,31,47,13,44,56,38,11,24,32,48,11,42,52,24,4,19,26,0
06/24/2021,175,59,152,198,18,10,21,29,51,16,44,55,30,9,25,33,47,19,42,52,29,5,20,27,0
06/25/2021,180,45,155,203,12,13,20,29,61,9,45,56,28,11,27,36,55,9,43,54,24,3,20,27,0
06/26/2021,118,44,156,205,11,10,19,28,37,15,46,59,15,10,26,36,31,6,44,55,24,3,22,28,0
06/27/2021,110,37,158,206,17,4,19,28,29,10,45,58,19,6,27,36,23,10,43,54,22,7,24,30,0
06/28/2021,205,81,163,215,29,16,19,29,48,17,46,59,45,18,30,40,53,21,44,56,30,9,24,30,0
06/29/2021,212,52,169,222,32,5,21,30,51,17,46,60,43,7,31,41,51,16,44,57,35,7,27,32,0
06/30/2021,225,87,175,233,30,15,21,32,74,21,50,65,43,24,32,44,51,17,44,58,27,10,27,34,0
07/01/2021,205,43,179,235,27,5,23,32,64,11,52,66,28,9,32,44,53,14,45,59,33,4,28,34,0
07/02/2021,232,67,187,245,32,14,25,35,60,23,52,68,61,14,36,49,58,12,46,59,21,4,27,34,0
07/03/2021,146,58,191,251,18,9,26,36,41,16,52,69,29,18,38,52,33,12,46,61,25,3,28,34,0
07/04/2021,123,48,193,255,14,5,26,36,31,16,53,70,25,11,39,54,34,16,48,63,19,0,27,32,0
07/05/2021,185,68,190,250,20,9,25,34,61,10,55,71,31,19,37,52,53,26,48,64,20,4,26,30,0
07/06/2021,360,111,211,280,47,21,27,38,126,30,65,83,76,20,42,58,79,34,52,70,32,6,25,30,0
07/07/2021,397,106,235,307,49,18,30,41,145,27,75,94,71,21,46,62,88,35,57,78,44,5,28,31,0
07/08/2021,367,124,259,342,50,23,33,47,110,37,82,105,80,28,53,72,81,23,61,83,46,13,30,35,0
07/09/2021,370,123,278,369,56,18,36,51,110,35,89,114,84,32,57,78,88,25,65,90,32,13,31,37,0
07/10/2021,238,119,291,391,37,18,39,55,63,32,92,119,49,34,59,83,59,29,69,96,30,6,32,39,0
07/11/2021,267,110,312,421,32,14,42,59,79,31,99,128,53,30,63,90,78,30,75,104,25,5,33,40,0
07/12/2021,473,167,353,476,68,27,48,68,176,47,116,150,85,46,71,101,109,42,83,114,35,5,35,42,0
07/13/2021,456,193,367,501,44,32,48,69,155,62,120,158,99,56,74,110,96,36,86,117,62,7,39,47,0
07/14/2021,544,203,388,536,59,33,49,73,184,73,125,171,141,50,84,124,114,34,89,121,46,13,39,48,0
07/15/2021,548,234,414,578,70,40,52,78,170,64,134,183,125,64,91,135,129,49,96,131,54,17,41,50,0
07/16/2021,556,183,440,613,73,38,55,84,183,46,144,195,121,54,96,144,117,38,100,137,61,7,45,53,0
07/17/2021,341,148,455,632,59,24,58,88,110,45,151,204,60,37,98,146,77,38,103,141,35,4,45,54,0
07/18/2021,392,196,473,662,36,26,58,90,140,80,160,219,83,43,102,152,104,42,107,146,29,5,46,54,0
07/19/2021,804,304,520,729,109,56,64,100,275,89,174,239,171,75,114,168,171,65,115,159,78,19,52,62,0
07/20/2021,704,226,556,769,94,29,71,107,230,71,185,251,159,55,123,177,147,52,123,168,74,19,54,66,0
07/21/2021,891,254,605,826,128,29,81,116,304,73,202,269,198,74,131,188,198,58,135,184,63,20,56,69,0
07/22/2021,966,322,665,898,136,44,91,126,323,86,224,294,224,83,145,205,195,77,144,197,88,32,61,76,0
07/23/2021,916,300,716,966,126,42,98,134,318,90,243,319,201,83,157,221,215,66,158,215,55,19,60,77,0
07/24/2021,552,256,746,1012,58,47,98,137,187,85,254,336,112,56,164,231,141,46,167,225,54,22,63,82,0
07/25/2021,635,284,781,1059,68,44,103,144,212,88,264,347,119,70,169,240,169,59,177,237,67,23,68,90,0
07/26/2021,1224,393,841,1132,155,81,109,154,422,104,285,370,260,90,182,255,273,80,191,254,114,38,74,98,0
07/27/2021,1196,373,911,1223,140,64,116,166,406,115,310,402,252,93,195,274,295,85,212,280,103,16,78,102,0
07/28/2021,1240,447,961,1301,189,94,125,184,383,135,322,422,274,79,206,285,286,113,225,300,108,26,84,109,0
07/29/2021,1284,387,1007,1355,173,62,130,192,445,129,339,446,230,74,207,285,317,88,242,319,119,34,89,114,0
07/30/2021,1277,379,1058,1418,159,59,135,199,428,119,355,465,249,70,214,290,318,97,257,338,123,34,98,126,0
07/31/2021,850,325,1101,1471,126,66,144,211,263,88,366,477,152,56,219,295,214,101,267,356,95,14,104,131,0
08/01/2021,828,329,1128,1505,92,63,148,218,293,81,377,487,151,62,224,299,219,96,275,369,73,27,105,132,0
08/02/2021,1565,450,1177,1561,237,92,159,231,516,121,391,503,302,102,230,307,388,105,291,389,122,30,106,132,0
08/03/2021,1572,459,1231,1627,230,79,172,246,486,124,402,516,341,102,243,321,363,124,301,404,152,30,113,141,0
08/04/2021,1599,425,1282,1676,213,71,176,246,515,135,421,535,327,80,250,328,379,113,314,417,165,26,121,149,0
08/05/2021,1519,525,1316,1729,208,90,181,255,516,190,431,554,315,98,262,344,366,112,321,428,114,35,121,149,0
08/06/2021,1567,415,1357,1775,209,79,188,265,518,120,444,567,280,69,267,348,419,115,335,445,141,32,123,151,0
08/07/2021,1143,335,1399,1819,179,61,195,272,371,107,459,585,175,47,270,350,293,93,347,455,125,27,127,157,0
08/08/2021,1064,332,1433,1853,154,51,204,279,320,99,463,591,158,59,271,351,300,99,358,467,131,24,136,165,0
08/09/2021,1882,445,1478,1897,289,85,212,285,624,120,479,606,302,74,271,347,494,127,373,485,172,39,143,173,0
08/10/2021,1660,441,1491,1907,265,84,217,291,532,133,485,614,304,73,266,337,407,129,380,492,152,22,143,172,0
08/11/2021,1748,272,1512,1907,262,45,224,294,543,79,489,610,351,49,269,336,440,78,388,496,151,21,141,169,0
08/12/2021,1753,355,1545,1916,232,69,227,295,576,98,498,606,322,74,270,334,450,92,400,505,172,22,149,176,0
08/13/2021,1596,458,1549,1926,266,94,235,305,497,135,495,605,292,78,272,337,394,127,397,503,145,24,150,175,0
08/14/2021,1040,319,1535,1909,144,60,230,300,343,96,491,599,205,64,276,344,252,72,391,494,96,27,146,171,0
08/15/2021,1137,330,1545,1919,140,55,228,299,417,97,505,613,196,57,282,349,303,85,391,493,81,36,138,166,0
08/16/2021,1917,515,1550,1934,327,120,234,309,622,142,504,616,347,79,288,356,479,123,389,490,142,51,134,163,0
08/17/2021,1734,439,1561,1945,295,80,238,313,591,137,513,625,296,82,287,356,418,105,391,488,133,35,131,162,0
08/18/2021,1811,460,1570,1981,273,88,240,320,554,135,514,634,362,92,289,364,459,113,394,496,162,32,133,165,0
08/19/2021,1680,441,1559,1982,264,90,244,328,542,122,509,633,317,89,288,365,418,107,389,494,136,33,128,162,0
08/20/2021,1548,394,1552,1966,284,89,247,330,503,107,510,630,286,73,287,364,348,92,382,482,125,33,125,160,0
08/21/2021,1082,317,1558,1972,179,78,252,337,334,76,509,626,179,65,283,360,272,75,385,485,118,23,128,163,0
08/22/2021,715,210,1498,1895,104,46,247,331,274,50,489,598,97,50,269,345,156,49,364,459,84,15,129,160,0
08/23/2021,1946,465,1502,1892,289,99,241,323,640,140,491,601,364,103,272,351,492,100,366,458,161,23,131,159,0
08/24/2021,1827,420,1516,1902,298,83,242,323,611,133,494,603,345,101,279,360,405,82,364,453,168,21,136,162,0
08/25/2021,1766,451,1509,1895,284,72,243,323,567,154,496,608,360,101,278,361,385,98,354,440,169,26,137,162,0
08/26/2021,1632,425,1502,1885,253,71,242,318,523,134,493,607,319,106,279,364,386,77,349,431,150,37,139,165,0
08/27/2021,1439,398,1487,1870,241,88,235,312,459,119,487,602,261,64,275,359,346,96,349,431,132,31,140,165,0
08/28/2021,977,320,1472,1856,172,70,234,310,291,85,481,597,150,66,271,355,252,74,346,428,112,25,139,165,0
08/29/2021,978,258,1509,1900,138,50,239,315,338,75,490,610,154,45,279,363,257,69,360,446,91,19,140,166,0
08/30/2021,1828,442,1492,1880,304,90,241,316,580,135,481,601,369,93,280,362,392,85,346,429,182,39,143,172,0
08/31/2021,1617,375,1462,1844,258,86,236,311,528,99,469,584,303,87,274,354,326,72,335,416,202,31,148,178,0
09/01/2021,1552,339,1432,1797,224,82,227,304,485,112,458,566,344,69,271,347,359,61,331,407,140,15,144,172,0
09/02/2021,1423,341,1402,1755,211,82,221,299,475,94,451,554,261,64,263,333,303,73,319,395,173,28,147,174,0
09/03/2021,1412,340,1398,1743,216,72,218,294,428,118,446,549,240,55,260,329,330,71,317,389,197,24,157,183,0
09/04/2021,901,257,1387,1723,126,46,211,284,252,79,441,543,153,51,261,327,260,60,318,388,110,21,156,182,0
09/05/2021,944,265,1382,1719,136,48,211,283,330,95,440,544,153,49,260,327,215,52,312,380,110,21,159,185,0
09/06/2021,941,274,1256,1569,165,57,191,258,272,91,396,494,177,42,233,293,229,59,289,353,98,25,147,171,0
09/07/2021,1560,381,1248,1561,285,86,195,262,433,111,382,482,299,69,232,289,370,83,295,361,171,32,143,166,0
09/08/2021,1582,392,1252,1573,234,60,196,261,461,106,379,478,367,105,236,298,389,92,299,369,131,29,141,167,0
09/09/2021,1708,393,1293,1621,241,60,200,262,630,104,401,501,307,115,242,312,400,94,313,386,129,20,135,160,0
09/10/2021,1537,417,1310,1650,231,92,203,267,502,119,411,512,295,93,250,325,376,83,320,395,133,30,126,151,0
09/11/2021,1033,320,1329,1678,139,61,204,271,335,116,423,529,166,54,252,327,288,73,324,400,104,16,125,150,0
09/12/2021,1209,345,1367,1727,127,69,203,272,505,137,448,560,217,57,261,338,258,64,330,408,102,18,124,148,0
09/13/2021,1725,447,1479,1864,223,71,211,283,629,163,499,622,363,85,288,370,388,95,353,436,122,33,127,153,0
09/14/2021,1636,441,1490,1884,201,76,199,269,606,139,524,650,308,98,289,376,373,89,353,437,147,39,124,150,0
09/15/2021,1602,459,1493,1896,231,75,199,271,549,144,537,668,314,74,281,364,353,127,348,437,152,39,127,155,0
09/16/2021,1384,430,1447,1855,191,75,192,266,451,126,511,646,285,84,278,356,320,107,337,428,135,38,128,158,0
09/17/2021,1519,447,1444,1857,173,83,184,256,558,128,519,655,320,99,282,361,364,104,335,429,104,33,124,155,0
09/18/2021,946,347,1432,1848,104,61,179,251,355,108,522,657,135,51,277,356,263,95,331,429,88,32,121,155,0
09/19/2021,1055,445,1410,1840,140,84,180,255,460,139,515,651,161,68,269,349,214,119,325,430,80,35,118,154,0
09/20/2021,1633,503,1396,1835,243,113,183,264,547,123,504,633,289,92,259,340,403,139,327,439,150,36,122,158,0
09/21/2021,1285,468,1346,1789,201,99,183,268,390,137,473,602,276,89,254,334,322,120,320,436,95,23,115,149,0
09/22/2021,1407,453,1318,1760,204,98,179,267,505,132,467,594,277,66,249,327,306,119,313,428,112,38,109,143,0
09/23/2021,1274,477,1303,1751,137,96,172,262,509,155,475,607,215,81,239,317,323,119,314,430,89,26,103,134,0
09/24/2021,1217,447,1260,1708,156,102,169,263,450,130,459,591,234,61,227,299,294,124,304,423,81,30,99,131,0
09/25/2021,803,335,1239,1686,99,76,169,264,308,103,453,584,124,53,225,298,189,85,293,411,82,18,98,128,0
09/26/2021,849,355,1210,1644,97,66,162,255,330,114,434,562,136,54,222,292,200,95,291,405,86,26,99,127,0
09/27/2021,1376,416,1173,1595,183,103,154,245,512,118,429,556,247,73,216,284,323,105,280,389,110,17,94,119,0
09/28/2021,1111,411,1148,1562,156,109,147,240,353,104,424,546,210,59,206,270,295,110,276,384,96,29,94,120,0
09/29/2021,1087,419,1102,1511,150,87,140,231,363,122,404,524,209,69,196,261,268,109,270,377,96,32,91,117,0
09/30/2021,1128,435,1082,1484,148,93,141,232,450,147,395,515,198,61,194,255,239,100,258,362,92,34,92,118,0
10/01/2021,1077,415,1062,1460,132,77,138,225,405,127,389,508,211,70,191,253,253,115,252,355,76,26,91,117,0
10/02/2021,669,289,1042,1434,71,49,134,217,277,98,384,503,119,44,190,251,154,80,247,349,48,18,86,112,0
10/03/2021,893,295,1049,1432,63,47,129,210,455,104,402,519,88,50,183,244,217,73,250,349,69,20,84,109,0
10/04/2021,1259,429,1032,1417,158,88,125,204,509,124,402,520,217,67,179,239,289,116,245,345,86,34,80,108,0
10/05/2021,1264,375,1054,1433,168,61,127,199,504,136,423,546,223,66,181,242,263,92,240,338,106,20,82,108,0
10/06/2021,1137,346,1061,1430,137,60,125,193,483,104,440,560,217,71,182,243,226,92,234,330,74,19,79,103,0
10/07/2021,1071,386,1053,1415,121,60,121,185,404,117,434,550,180,79,179,243,268,108,239,335,98,22,80,102,0
10/08/2021,1009,352,1043,1396,125,54,120,180,448,108,440,553,169,60,173,236,190,110,230,325,77,20,80,102,0
10/09/2021,610,250,1035,1382,66,46,120,179,250,96,436,549,94,45,170,232,145,48,228,320,55,15,81,102,0
10/10/2021,682,236,1005,1344,60,45,119,178,305,84,415,525,94,40,171,232,151,51,219,307,71,16,81,102,0
10/11/2021,930,332,958,1283,108,66,112,168,360,104,393,500,175,56,165,224,221,83,209,293,66,23,78,97,0
10/12/2021,1131,315,939,1255,124,46,106,160,456,120,387,491,201,55,161,219,236,78,205,287,113,16,79,98,0
10/13/2021,1101,297,933,1243,119,53,103,156,404,106,375,480,228,51,163,218,236,59,207,283,114,28,85,105,0
10/14/2021,1026,312,927,1226,108,62,101,155,427,114,379,483,175,46,162,213,205,72,198,269,111,18,87,106,0
10/15/2021,877,254,908,1193,111,39,99,150,319,90,360,462,160,31,161,207,205,70,200,266,82,24,87,107,0
10/16/2021,484,202,890,1168,53,26,98,146,192,77,352,451,55,35,155,200,137,44,199,264,47,20,86,107,0
10/17/2021,581,218,876,1151,48,41,96,143,257,77,345,443,79,34,153,197,131,52,196,261,66,14,86,106,0
10/18/2021,852,332,865,1140,105,56,95,142,357,116,345,445,139,58,148,192,171,75,189,253,80,27,88,109,0
10/19/2021,788,223,816,1078,92,41,91,136,310,82,324,418,133,38,138,180,171,46,179,239,82,16,83,104,0
10/20/2021,792,226,771,1024,98,33,88,130,291,85,308,399,154,42,128,168,175,58,171,230,74,8,77,96,0
10/21/2021,806,211,740,978,84,48,84,125,340,68,295,380,132,43,122,162,164,39,165,220,86,13,74,91,0
10/22/2021,679,237,712,947,85,54,81,123,255,71,286,368,131,40,118,159,134,60,155,208,73,12,73,88,0
10/23/2021,443,162,706,936,54,32,81,124,162,54,282,361,92,26,123,163,74,37,146,198,61,13,75,89,0
10/24/2021,439,167,686,908,37,34,79,122,195,60,273,349,65,24,121,160,84,36,139,189,57,13,73,88,0
10/25/2021,883,254,690,901,93,61,78,121,358,87,273,345,163,50,124,162,187,46,141,187,81,10,73,86,0
10/26/2021,593,165,662,865,64,26,74,115,237,57,263,331,98,35,119,156,125,36,135,179,69,11,72,83,0
10/27/2021,753,234,657,861,98,44,74,116,288,71,262,329,143,53,118,156,154,54,132,176,70,12,71,83,0
10/28/2021,728,210,645,850,81,42,73,115,309,81,258,326,120,38,116,154,143,35,129,172,75,14,69,82,0
10/29/2021,635,213,639,840,86,29,73,112,228,63,254,321,123,52,115,155,144,54,130,173,54,15,67,79,0
10/30/2021,395,167,632,834,40,25,71,109,155,60,253,321,61,32,110,151,100,39,134,177,39,11,64,76,0
10/31/2021,446,160,633,834,46,23,73,108,198,54,253,321,59,30,110,151,110,43,138,181,33,10,60,72,0
11/01/2021,772,301,617,825,73,55,70,105,310,101,246,316,139,58,106,149,192,70,138,186,58,17,57,70,0
11/02/2021,796,254,646,866,73,45,71,109,301,84,256,329,171,57,117,162,190,54,148,197,60,14,56,69,0
11/03/2021,814,293,655,883,73,42,67,105,297,72,257,330,177,69,121,169,201,99,154,211,65,11,55,68,0
11/04/2021,891,279,678,917,106,54,71,110,342,85,262,336,206,58,134,185,183,73,160,222,53,9,52,64,0
11/05/2021,766,284,697,945,90,41,72,112,290,76,270,346,148,75,137,191,185,77,166,231,53,15,52,64,0
11/06/2021,497,239,712,970,55,39,74,116,196,80,276,355,73,53,139,196,131,54,170,237,41,13,52,65,0
11/07/2021,533,239,724,994,45,39,74,119,202,87,277,360,104,43,145,204,130,47,173,241,52,23,55,69,0
11/08/2021,1127,331,775,1049,139,55,83,128,399,99,290,373,229,79,158,220,269,74,184,252,90,23,59,75,0
11/09/2021,1022,301,807,1088,97,42,86,131,352,86,297,380,240,70,168,232,242,83,192,264,91,20,64,80,0
11/10/2021,1037,374,839,1131,121,72,93,142,358,107,306,394,237,72,177,241,253,96,199,271,67,27,64,82,0
11/11/2021,866,336,835,1136,89,70,91,142,344,105,306,397,166,62,171,236,221,82,204,278,45,17,63,82,0
11/12/2021,1017,336,871,1179,108,53,93,146,371,99,317,412,196,70,178,242,253,89,214,289,89,24,68,89,0
11/13/2021,611,224,888,1193,65,33,95,147,239,64,324,416,103,56,182,247,154,57,217,293,50,14,69,90,0
11/14/2021,678,276,908,1219,47,49,95,149,253,87,331,423,139,51,187,253,168,75,223,302,70,14,72,92,0
11/15/2021,1246,394,925,1245,134,72,94,150,420,134,334,431,248,66,190,254,319,94,230,312,125,28,77,97,0
11/16/2021,1261,353,959,1287,149,60,102,160,426,90,344,442,282,61,196,258,301,118,238,326,101,23,78,99,0
11/17/2021,1314,397,999,1330,160,72,107,166,426,117,354,454,284,76,203,266,346,97,252,339,98,33,83,104,0
11/18/2021,1278,393,1058,1397,168,71,119,177,423,103,365,465,289,99,220,289,304,95,264,353,94,25,90,113,0
11/19/2021,1172,400,1080,1428,111,72,119,180,348,109,362,463,267,75,230,299,330,122,275,369,116,22,93,116,0
11/20/2021,808,319,1108,1470,71,56,120,185,275,89,367,471,139,62,235,305,243,100,287,387,80,12,98,120,0
11/21/2021,830,330,1130,1499,71,50,123,188,291,93,373,478,147,60,237,308,230,109,296,401,91,18,101,124,0
11/22/2021,1502,500,1166,1551,151,77,126,191,514,164,386,495,297,89,244,318,391,139,306,418,149,31,104,128,0
11/23/2021,1345,370,1178,1565,142,51,125,189,468,115,392,505,284,68,244,319,346,110,313,423,105,26,105,129,0
11/24/2021,1387,461,1189,1585,156,70,124,188,449,127,395,510,252,76,239,315,375,152,317,435,155,36,113,137,0
11/25/2021,526,265,1081,1459,34,45,105,165,188,79,362,473,103,53,213,282,145,71,294,409,56,17,107,131,0
11/26/2021,1148,435,1078,1461,139,75,109,170,362,109,364,475,193,75,202,271,342,141,296,413,111,34,107,132,0
11/27/2021,942,376,1097,1488,96,57,113,173,294,100,367,479,154,69,204,274,292,113,303,422,105,37,110,139,0
11/28/2021,1050,417,1129,1532,87,63,115,178,316,116,370,486,190,69,210,282,330,134,317,440,127,35,115,146,0
11/29/2021,2284,650,1240,1665,277,111,133,200,655,185,390,509,448,134,232,310,664,180,356,485,239,40,128,160,0
11/30/2021,1861,575,1314,1768,264,103,150,225,545,158,401,526,343,91,240,321,532,190,383,523,176,32,138,171,0
12/01/2021,2035,659,1407,1889,257,94,165,243,662,192,432,566,370,104,257,342,533,219,405,555,213,50,147,182,11000
12/02/2021,1943,633,1609,2144,291,99,202,288,594,171,490,637,348,104,292,385,505,207,457,626,204,52,168,208,11000
12/03/2021,1771,546,1698,2249,230,93,215,303,553,141,517,669,297,90,307,402,493,178,478,653,198,44,180,222,11000
12/04/2021,1240,411,1741,2296,164,82,224,316,371,102,528,680,161,90,308,406,381,106,491,665,163,31,189,229,11000
12/05/2021,1241,461,1768,2330,114,81,228,323,409,128,541,695,204,68,310,407,359,152,495,671,155,32,193,233,11000
12/06/2021,2250,698,1763,2332,272,132,227,325,708,155,549,698,467,161,313,414,574,194,482,660,228,56,191,233,11000
12/07/2021,2020,659,1786,2367,212,90,220,316,672,164,567,717,445,165,327,439,484,197,476,655,207,43,195,239,11000
