date_of_interest,CASE_COUNT,PROBABLE_CASE_COUNT,HOSPITALIZED_COUNT,DEATH_COUNT,PROBABLE_DEATH_COUNT,CASE_COUNT_7DAY_AVG,ALL_CASE_COUNT_7DAY_AVG,HOSP_COUNT_7DAY_AVG,DEATH_COUNT_7DAY_AVG,ALL_DEATH_COUNT_7DAY_AVG,BX_CASE_COUNT,BX_PROBABLE_CASE_COUNT,BX_HOSPITALIZED_COUNT,BX_DEATH_COUNT,BX_PROBABLE_DEATH_COUNT,BX_CASE_COUNT_7DAY_AVG,BX_ALL_CASE_COUNT_7DAY_AVG,BX_HOSPITALIZED_COUNT_7DAY_AVG,BX_DEATH_COUNT_7DAY_AVG,BX_ALL_DEATH_COUNT_7DAY_AVG,BK_CASE_COUNT,BK_PROBABLE_CASE_COUNT,BK_HOSPITALIZED_COUNT,BK_DEATH_COUNT,BK_PROBABLE_DEATH_COUNT,BK_CASE_COUNT_7DAY_AVG,BK_ALL_CASE_COUNT_7DAY_AVG,BK_HOSPITALIZED_COUNT_7DAY_AVG,BK_DEATH_COUNT_7DAY_AVG,BK_ALL_DEATH_COUNT_7DAY_AVG,MN_CASE_COUNT,MN_PROBABLE_CASE_COUNT,MN_HOSPITALIZED_COUNT,MN_DEATH_COUNT,MN_PROBABLE_DEATH_COUNT,MN_CASE_COUNT_7DAY_AVG,MN_ALL_CASE_COUNT_7DAY_AVG,MN_HOSPITALIZED_COUNT_7DAY_AVG,MN_DEATH_COUNT_7DAY_AVG,MN_ALL_DEATH_COUNT_7DAY_AVG,QN_CASE_COUNT,QN_PROBABLE_CASE_COUNT,QN_HOSPITALIZED_COUNT,QN_DEATH_COUNT,QN_PROBABLE_DEATH_COUNT,QN_CASE_COUNT_7DAY_AVG,QN_ALL_CASE_COUNT_7DAY_AVG,QN_HOSPITALIZED_COUNT_7DAY_AVG,QN_DEATH_COUNT_7DAY_AVG,QN_ALL_DEATH_COUNT_7DAY_AVG,SI_CASE_COUNT,SI_PROBABLE_CASE_COUNT,SI_HOSPITALIZED_COUNT,SI_DEATH_COUNT,SI_PROBABLE_DEATH_COUNT,SI_CASE_COUNT_7DAY_AVG,SI_ALL_CASE_COUNT_7DAY_AVG,SI_HOSPITALIZED_COUNT_7DAY_AVG,SI_DEATH_COUNT_7DAY_AVG,SI_ALL_DEATH_COUNT_7DAY_AVG,INCOMPLETE
02/29/2020,1,0,1,0,0,0,0,0,0,0,0,0,0,0,0,0,0,0,0,0,0,0,1,0,0,0,0,0,0,0,1,0,0,0,0,0,0,0,0,0,0,0,0,0,0,0,0,0,0,0,0,0,0,0,0,0,0,0,0,0,0
03/01/2020,0,0,1,0,0,0,0,0,0,0,0,0,1,0,0,0,0,0,0,0,0,0,0,0,0,0,0,0,0,0,0,0,0,0,0,0,0,0,0,0,0,0,0,0,0,0,0,0,0,0,0,0,0,0,0,0,0,0,0,0,0
03/02/2020,0,0,2,0,0,0,0,0,0,0,0,0,0,0,0,0,0,0,0,0,0,0,2,0,0,0,0,0,0,0,0,0,0,0,0,0,0,0,0,0,0,0,0,0,0,0,0,0,0,0,0,0,0,0,0,0,0,0,0,0,0
03/03/2020,1,0,7,0,0,0,0,0,0,0,0,0,1,0,0,0,0,0,0,0,0,0,3,0,0,0,0,0,0,0,0,0,1,0,0,0,0,0,0,0,1,0,2,0,0,0,0,0,0,0,0,0,0,0,0,0,0,0,0,0,0
03/04/2020,5,0,2,0,0,0,0,0,0,0,0,0,0,0,0,0,0,0,0,0,1,0,1,0,0,0,0,0,0,0,2,0,1,0,0,0,0,0,0,0,2,0,0,0,0,0,0,0,0,0,0,0,0,0,0,0,0,0,0,0,0
03/05/2020,3,0,14,0,0,0,0,0,0,0,0,0,1,0,0,0,0,0,0,0,3,0,3,0,0,0,0,0,0,0,0,0,5,0,0,0,0,0,0,0,0,0,4,0,0,0,0,0,0,0,0,0,1,0,0,0,0,0,0,0,0
03/06/2020,8,0,8,0,0,3,3,5,0,0,2,0,1,0,0,0,0,1,0,0,1,0,1,0,0,1,1,2,0,0,3,0,3,0,0,1,1,1,0,0,1,0,2,0,0,1,1,1,0,0,1,0,1,0,0,0,0,0,0,0,0
03/07/2020,7,0,8,0,0,3,3,6,0,0,0,0,1,0,0,0,0,1,0,0,2,0,3,0,0,1,1,2,0,0,1,0,0,0,0,1,1,1,0,0,3,0,4,0,0,1,1,2,0,0,1,0,0,0,0,0,0,0,0,0,0
03/08/2020,21,0,18,0,0,6,6,8,0,0,3,0,5,0,0,1,1,1,0,0,5,0,8,0,0,2,2,3,0,0,6,0,1,0,0,2,2,2,0,0,6,0,4,0,0,2,2,2,0,0,1,0,0,0,0,0,0,0,0,0,0
03/09/2020,57,0,39,0,0,15,15,14,0,0,4,0,8,0,0,1,1,2,0,0,16,0,11,0,0,4,4,4,0,0,24,0,10,0,0,5,5,3,0,0,10,0,8,0,0,3,3,3,0,0,3,0,2,0,0,1,1,1,0,0,0
03/10/2020,69,0,58,0,0,24,24,21,0,0,8,0,6,0,0,2,2,3,0,0,11,0,12,0,0,6,6,6,0,0,24,0,13,0,0,9,9,5,0,0,24,0,23,0,0,7,7,6,0,0,2,0,4,0,0,1,1,1,0,0,0
03/11/2020,155,0,80,1,0,46,46,32,0,0,19,0,23,0,0,5,5,6,0,0,31,0,12,0,0,10,10,7,0,0,62,0,19,0,0,17,17,7,0,0,40,0,23,1,0,12,12,10,0,0,3,0,3,0,0,2,2,2,0,0,0
03/12/2020,355,0,108,0,0,96,96,46,0,0,29,0,18,0,0,9,9,9,0,0,96,0,34,0,0,23,23,12,0,0,137,0,16,0,0,37,37,9,0,0,80,0,37,0,0,23,23,14,0,0,13,0,3,0,0,3,3,2,0,0,0
03/13/2020,619,0,152,0,0,183,183,66,0,0,79,0,27,0,0,20,20,13,0,0,166,0,44,0,0,47,47,18,0,0,182,0,29,0,0,62,62,13,0,0,166,0,50,0,0,47,47,21,0,0,26,0,2,0,0,7,7,2,0,0,0
03/14/2020,642,1,175,2,1,274,274,90,0,1,86,0,21,0,0,33,33,15,0,0,163,0,39,1,0,70,70,23,0,0,176,1,37,0,1,87,87,18,0,0,194,0,71,1,0,74,74,31,0,0,23,0,7,0,0,10,10,3,0,0,0
03/15/2020,1035,0,210,4,0,419,419,117,1,1,119,0,37,1,0,49,49,20,0,0,433,0,53,0,0,131,131,29,0,0,206,0,34,2,0,116,116,23,0,0,230,0,68,1,0,106,106,40,0,0,47,0,18,0,0,17,17,6,0,0,0
03/16/2020,2121,1,346,8,1,714,714,161,2,2,305,0,76,3,0,92,92,30,1,1,740,1,93,1,1,234,234,41,0,0,457,0,46,0,0,178,178,28,0,0,528,0,116,4,0,180,180,55,1,1,91,0,15,0,0,29,29,7,0,0,0
03/17/2020,2452,3,386,8,3,1054,1055,208,3,4,343,0,61,1,0,140,140,38,1,1,783,3,99,4,3,345,345,53,1,1,567,0,76,0,0,255,255,37,0,0,651,0,128,3,0,270,270,70,1,1,108,0,22,0,0,44,44,10,0,0,0
03/18/2020,2971,5,495,20,4,1456,1458,267,6,7,482,1,111,1,1,206,206,50,1,1,966,3,122,6,2,478,479,69,2,3,538,1,86,4,1,323,324,46,1,1,834,0,152,9,0,383,383,89,3,3,150,0,24,0,0,65,65,13,0,0,0
03/19/2020,3707,4,632,24,3,1935,1937,342,9,11,623,3,134,4,3,291,292,67,1,2,1204,0,161,6,0,636,637,87,3,3,556,1,105,4,0,383,384,59,1,2,1065,0,207,6,0,524,524,113,3,3,258,0,25,4,0,100,100,16,1,1,0
03/20/2020,4007,3,747,47,3,2419,2422,427,16,18,723,0,126,13,0,383,384,81,3,4,1137,0,222,11,0,775,776,113,4,5,653,1,118,11,1,450,451,72,3,3,1184,1,249,9,1,669,670,142,5,5,310,1,32,3,1,141,141,20,1,1,0
03/21/2020,2638,6,739,44,6,2704,2708,508,22,25,490,1,162,12,1,441,441,101,5,6,554,2,184,12,2,831,832,133,6,7,399,1,118,5,1,482,483,83,4,4,947,0,241,14,0,777,777,166,7,7,248,2,34,1,2,173,174,24,1,2,0
03/22/2020,2580,4,771,49,3,2925,2929,588,29,32,494,0,174,12,0,494,495,121,7,7,756,1,201,10,0,877,879,155,7,8,317,2,134,7,2,498,499,98,4,5,696,0,231,14,0,844,844,189,8,9,317,1,31,6,1,212,212,26,2,3,0
03/23/2020,3570,14,1145,82,13,3132,3138,702,39,44,730,2,221,12,2,555,556,141,8,9,910,0,302,27,0,901,903,184,11,12,531,4,188,7,3,509,510,118,5,7,1190,7,390,28,7,938,939,228,12,13,209,0,44,8,0,229,229,30,3,4,0
03/24/2020,4500,12,1313,95,12,3425,3432,835,52,58,927,0,271,14,0,638,639,171,10,11,1212,5,366,23,5,963,964,223,14,15,620,2,205,17,2,516,518,136,8,9,1391,5,419,35,5,1044,1046,270,16,18,350,0,52,6,0,263,264,35,4,5,0
03/25/2020,4874,18,1410,124,18,3697,3705,965,66,75,1068,4,306,30,4,722,724,199,14,15,1254,7,418,37,7,1004,1006,265,18,20,586,4,197,20,4,523,525,152,10,12,1572,3,438,33,3,1149,1152,311,20,22,394,0,51,4,0,298,299,38,5,5,0
03/26/2020,5046,42,1542,186,41,3888,3902,1095,90,103,998,8,322,37,8,776,778,226,19,21,1375,10,488,50,10,1028,1032,312,24,28,627,5,234,29,4,533,536,171,14,16,1642,17,444,60,17,1232,1236,345,28,32,404,2,54,10,2,319,320,43,5,6,0
03/27/2020,5117,41,1567,218,41,4046,4066,1212,114,133,1090,10,319,36,10,828,832,254,22,25,1424,11,463,75,11,1069,1074,346,33,38,656,6,218,42,6,534,537,185,18,21,1576,14,505,58,14,1288,1294,381,35,41,371,0,62,7,0,328,328,47,6,7,0
03/28/2020,3480,51,1388,273,51,4167,4193,1305,147,172,762,12,315,62,12,867,872,275,29,34,863,15,398,78,15,1113,1120,377,43,50,388,6,189,28,6,532,536,195,21,25,1201,17,435,92,17,1324,1333,409,46,55,266,1,51,13,1,330,331,49,8,8,0
03/29/2020,3561,63,1503,290,63,4307,4341,1410,181,215,700,10,323,55,10,896,903,297,35,42,1149,20,452,89,20,1170,1179,412,54,64,406,11,166,35,11,545,550,200,25,31,1076,19,499,94,19,1378,1390,447,57,69,230,3,63,17,3,318,319,54,9,10,0
03/30/2020,6130,85,1850,325,85,4673,4717,1510,216,260,1314,16,341,75,16,980,988,314,44,53,1754,26,561,106,26,1290,1304,449,65,79,805,17,273,34,17,584,591,212,29,36,1858,26,603,99,26,1474,1488,478,67,82,398,0,72,11,0,345,346,58,10,11,0
03/31/2020,5459,85,1801,385,84,4810,4865,1580,257,312,1282,16,387,98,16,1031,1041,330,56,67,1513,27,534,126,27,1333,1350,473,80,97,617,11,226,43,10,584,592,215,33,41,1810,30,586,96,30,1534,1552,501,76,94,237,1,68,22,1,329,330,60,12,13,0
04/01/2020,5448,101,1741,447,101,4892,4958,1627,303,370,1240,17,383,93,17,1055,1068,341,65,78,1589,33,493,135,33,1381,1401,484,94,114,573,14,211,59,14,582,592,217,39,48,1783,34,569,144,34,1564,1586,520,92,114,263,3,85,16,3,310,311,65,14,15,0
04/02/2020,5747,168,1678,497,167,4992,5077,1647,348,432,1291,42,360,96,42,1097,1115,347,74,91,1611,50,425,171,50,1415,1441,475,111,137,652,14,243,62,14,585,597,218,43,54,1824,55,576,139,55,1590,1618,539,103,131,369,7,74,29,6,305,307,68,16,18,0
04/03/2020,5669,166,1713,498,166,5071,5173,1668,388,490,1450,32,391,116,32,1148,1169,357,85,106,1440,63,439,143,63,1417,1450,472,121,155,672,23,259,51,23,588,601,224,45,58,1762,44,554,159,44,1616,1648,546,118,150,345,4,70,29,4,301,304,69,20,22,0
04/04/2020,3864,188,1456,510,188,5125,5248,1677,422,544,1011,39,310,106,39,1184,1209,356,91,116,921,65,373,163,65,1425,1466,468,133,174,385,27,200,63,27,587,604,225,50,66,1201,53,521,158,53,1616,1654,558,127,164,345,3,52,20,3,312,315,69,21,23,0
04/05/2020,3781,173,1402,578,173,5157,5295,1663,463,601,823,33,310,123,33,1202,1229,355,101,129,1141,60,392,166,60,1424,1470,460,144,191,358,23,192,86,23,580,599,229,57,75,1135,51,439,181,51,1625,1667,550,139,181,323,6,69,22,6,326,329,70,21,25,0
04/06/2020,6354,224,1742,576,224,5189,5347,1648,499,656,1514,38,388,112,38,1230,1261,361,106,137,1463,90,467,169,90,1383,1438,446,153,209,721,32,264,69,32,568,589,228,62,82,1926,56,545,202,56,1634,1681,541,154,200,730,8,78,24,8,373,378,71,23,28,0
04/07/2020,6042,215,1579,598,215,5272,5449,1616,529,705,1463,38,331,115,38,1256,1290,353,109,143,1395,81,453,180,81,1366,1429,435,161,224,606,29,196,92,29,567,590,224,69,92,1948,58,530,184,58,1654,1704,533,167,217,630,9,69,27,9,429,435,71,24,29,0
04/08/2020,5579,199,1567,568,199,5291,5481,1591,546,737,1305,37,359,114,37,1265,1302,350,112,149,1310,78,445,171,78,1326,1395,428,166,236,546,21,172,66,21,563,587,218,70,94,1856,54,530,183,54,1665,1718,528,172,225,562,9,61,34,9,472,479,68,26,33,0
04/09/2020,5071,193,1354,559,193,5194,5388,1545,555,749,1285,36,269,108,36,1264,1301,337,113,150,1369,71,410,188,71,1291,1364,426,169,241,558,30,190,65,30,549,576,210,70,97,1561,47,431,173,47,1627,1679,507,177,229,298,9,54,25,9,462,469,65,26,33,0
04/10/2020,4510,180,1291,539,180,5029,5225,1484,561,757,1227,38,297,117,38,1233,1270,323,114,151,1151,57,328,178,57,1250,1322,410,174,245,496,22,178,69,22,524,551,199,73,99,1335,58,426,156,58,1566,1620,489,177,231,301,5,62,19,5,456,463,64,24,31,0
04/11/2020,3732,171,1037,542,171,5010,5203,1425,566,759,998,37,249,132,37,1231,1267,315,117,154,1129,56,292,159,56,1280,1350,398,173,243,304,19,132,59,19,513,538,189,72,97,989,55,319,164,55,1536,1590,460,178,232,311,3,45,28,3,451,458,63,26,33,0
04/12/2020,2887,175,955,571,175,4882,5076,1361,565,759,763,35,229,109,35,1222,1259,303,115,152,702,65,252,200,65,1217,1288,378,178,249,252,26,132,62,26,498,523,181,69,94,917,42,298,174,42,1505,1557,440,177,229,253,7,44,26,7,441,448,59,26,33,0
04/13/2020,3312,184,1156,570,184,4448,4636,1277,564,752,692,30,266,122,30,1105,1141,286,117,153,1066,86,320,158,86,1160,1231,357,176,247,394,16,172,71,16,451,474,167,69,92,975,43,342,194,43,1369,1420,411,175,226,185,8,56,25,8,363,370,56,26,33,0
04/14/2020,4144,141,984,507,140,4176,4354,1192,551,728,1076,37,200,111,37,1049,1085,267,116,152,1037,47,256,152,47,1109,1175,329,172,238,441,20,142,59,19,427,449,160,64,86,1300,33,339,161,33,1276,1324,384,172,220,290,4,47,24,4,314,321,53,26,32,0
04/15/2020,3875,105,867,453,105,3933,4097,1092,534,698,1068,30,200,94,30,1016,1050,244,113,148,882,27,243,132,27,1048,1106,300,167,225,429,19,131,55,19,411,432,154,63,84,1179,22,262,148,22,1179,1222,345,167,210,317,7,31,24,7,279,285,48,24,31,0
04/16/2020,3531,136,782,413,136,3713,3869,1010,514,669,940,34,174,86,34,966,1001,231,110,145,884,43,221,126,43,979,1033,273,158,212,356,14,104,55,14,382,401,142,61,81,1140,41,242,132,41,1119,1161,318,161,203,211,3,41,14,3,267,272,47,23,28,0
04/17/2020,3584,92,791,384,92,3581,3724,939,491,635,916,20,168,88,20,922,954,212,106,138,959,35,232,118,35,951,1003,259,149,201,330,8,113,41,8,358,375,132,57,75,1099,25,247,122,25,1086,1123,293,156,194,280,4,31,15,4,264,269,42,22,27,0
04/18/2020,2172,114,588,390,114,3358,3493,875,470,605,552,24,135,62,24,858,888,196,96,126,575,35,154,116,35,872,920,240,143,191,187,15,83,57,15,341,358,125,57,74,705,34,189,136,34,1045,1079,274,152,187,153,6,27,19,6,241,247,40,21,27,0
04/19/2020,2346,88,537,399,88,3281,3403,815,445,568,532,19,140,79,19,825,853,183,92,119,635,25,125,118,25,863,905,222,131,174,177,18,71,48,18,331,346,117,55,71,868,18,175,135,18,1038,1069,257,147,178,134,8,26,19,8,224,230,37,20,26,0
04/20/2020,3792,94,631,363,94,3349,3459,740,416,525,981,22,142,78,22,866,893,166,85,112,983,30,182,95,30,851,885,202,122,157,381,12,92,49,12,329,344,105,52,67,1223,24,186,125,24,1073,1102,234,137,165,224,6,29,16,6,230,235,33,19,24,0
04/21/2020,3063,92,590,323,92,3195,3298,684,389,492,641,18,143,70,18,804,828,157,80,103,896,28,158,92,28,831,862,188,114,146,373,13,89,47,13,319,333,98,50,64,937,28,175,103,28,1022,1049,211,129,156,216,5,25,11,5,219,225,30,17,22,0
04/22/2020,3447,82,516,311,82,3134,3233,634,369,469,927,14,117,67,14,784,806,146,76,97,854,23,134,107,23,827,858,172,110,142,383,20,93,37,20,312,327,92,48,62,1109,21,154,86,21,1012,1039,195,120,147,173,4,18,14,4,199,204,28,15,21,0
04/23/2020,2841,79,444,330,79,3035,3127,585,357,449,735,15,109,58,15,755,774,136,72,91,785,25,124,106,25,812,841,158,107,136,400,9,56,47,9,319,332,85,47,60,793,26,134,106,26,962,987,180,116,141,128,4,21,13,4,187,192,25,15,21,0
04/24/2020,2535,57,463,314,57,2885,2972,538,347,434,580,14,99,62,14,707,725,126,68,86,630,19,120,93,19,765,792,142,104,130,408,6,78,47,6,330,343,80,47,61,774,15,137,98,15,916,939,164,113,136,143,3,29,14,3,167,172,25,15,20,0
04/25/2020,1595,53,326,264,53,2803,2881,501,329,407,418,5,81,57,5,688,703,119,67,83,404,22,88,76,22,741,766,133,98,123,145,7,41,40,7,324,336,74,45,57,540,17,93,82,17,892,913,151,105,126,88,2,23,9,2,158,163,24,14,18,0
04/26/2020,1003,51,319,245,51,2611,2683,470,307,380,196,10,74,54,10,640,654,109,64,78,332,20,77,61,20,698,722,126,90,114,98,12,46,34,12,313,324,71,43,54,331,6,105,89,6,815,835,141,98,118,46,3,17,7,3,145,149,23,12,16,0
04/27/2020,2288,46,370,269,46,2396,2462,433,294,359,550,11,93,53,11,578,591,102,60,73,608,18,93,86,18,644,666,113,89,111,303,5,62,30,5,301,312,66,40,51,721,9,104,91,9,744,761,129,94,111,106,3,18,9,3,129,132,22,11,14,0
04/28/2020,2727,30,353,229,30,2348,2405,399,280,337,668,8,84,56,8,582,593,94,58,69,711,8,94,57,8,618,637,104,84,103,322,4,55,35,4,294,303,62,39,48,896,8,103,73,8,738,752,119,89,104,130,2,17,8,2,116,119,20,11,14,0
04/29/2020,2340,35,311,237,35,2190,2240,369,270,320,556,8,78,40,8,529,539,88,54,64,681,12,89,71,12,593,611,98,79,96,287,4,43,32,4,280,287,54,38,45,692,9,88,80,9,678,691,109,88,101,124,2,13,14,2,109,112,20,11,13,0
04/30/2020,2022,28,255,224,28,2073,2116,342,255,297,482,6,58,45,6,493,502,81,52,61,600,12,71,65,12,567,582,90,73,89,217,3,33,35,3,254,260,51,36,42,593,6,80,68,6,650,660,101,83,93,130,1,13,11,1,110,112,19,10,13,0
05/01/2020,1887,37,267,210,37,1980,2020,314,240,280,449,6,73,45,6,474,482,77,50,58,497,15,65,56,15,548,563,82,67,83,243,4,34,24,4,231,236,45,33,38,620,6,84,77,6,628,636,94,80,89,78,6,11,8,6,100,103,16,9,12,0
05/02/2020,1058,33,205,190,33,1904,1941,297,229,266,263,5,50,49,5,452,460,73,49,57,263,14,52,45,14,527,542,77,63,77,138,6,22,23,6,230,235,42,30,36,333,7,64,61,7,598,605,90,77,84,61,1,17,12,1,96,99,15,10,12,0
05/03/2020,787,28,215,177,28,1873,1907,282,219,253,153,5,44,27,5,446,453,69,45,52,247,12,56,45,12,515,528,74,61,74,103,3,33,35,3,230,235,40,31,35,249,7,69,55,7,586,594,85,72,80,35,1,13,15,1,95,97,15,11,13,0
05/04/2020,1550,34,240,158,34,1767,1799,264,204,236,348,5,58,34,5,417,423,64,42,48,462,10,69,42,10,494,506,71,54,66,214,11,38,19,11,218,223,37,29,34,437,4,61,55,4,546,552,78,67,74,89,4,14,8,4,92,95,14,11,13,0
05/05/2020,1512,16,213,151,16,1594,1624,244,192,223,294,3,62,26,3,364,369,60,38,43,433,6,65,49,6,455,466,67,53,65,243,2,26,18,2,206,211,33,27,31,462,5,49,46,5,484,490,71,63,69,80,0,11,12,0,85,87,13,11,14,0
05/06/2020,1398,28,215,151,28,1459,1488,230,180,209,279,9,57,29,9,324,330,57,36,42,450,15,62,38,15,422,434,63,49,61,165,2,28,17,2,189,193,31,24,29,444,2,54,59,2,448,454,66,60,65,60,0,14,8,0,76,78,13,11,12,0
05/07/2020,1239,17,175,143,17,1347,1375,219,169,196,298,3,41,28,3,298,303,55,34,39,404,7,53,46,7,394,405,60,46,57,119,2,18,23,2,175,179,28,23,27,358,3,52,42,3,415,420,62,56,61,60,2,11,4,2,66,68,13,10,12,0
05/08/2020,1081,21,171,131,21,1232,1257,205,157,183,250,5,43,22,5,269,274,51,31,36,344,4,52,43,4,372,382,58,44,54,99,6,21,13,6,154,159,27,21,26,346,6,44,48,6,376,380,56,52,57,42,0,11,5,0,61,62,13,9,10,0
05/09/2020,657,9,123,99,9,1175,1197,193,144,166,175,0,31,21,0,257,261,48,27,31,119,6,37,28,6,351,360,56,42,50,75,3,11,14,3,145,150,25,20,24,256,0,35,33,0,365,368,52,48,52,32,0,9,3,0,57,58,12,8,9,0
05/10/2020,457,12,102,103,12,1128,1147,177,134,153,75,4,24,13,4,246,250,45,25,29,188,5,35,26,5,343,350,53,39,46,95,2,21,19,2,144,148,23,18,22,85,1,17,37,1,341,344,45,46,49,14,0,5,8,0,54,55,11,7,8,0
05/11/2020,1231,14,186,104,14,1082,1099,169,126,143,226,2,47,27,2,228,232,44,24,27,410,8,54,33,8,335,343,51,38,45,192,3,24,14,3,141,144,21,17,20,376,0,57,27,0,332,335,44,42,44,27,1,4,3,1,45,45,9,6,7,0
05/12/2020,1285,12,115,90,12,1050,1066,155,117,133,355,2,27,19,2,237,240,39,23,26,400,6,38,33,6,331,338,47,35,43,163,2,13,14,2,130,133,19,16,19,314,2,27,18,2,311,313,41,38,40,53,0,10,6,0,41,42,9,5,6,0
05/13/2020,1334,8,127,83,8,1041,1054,143,108,121,461,2,26,16,2,263,265,34,21,23,362,2,46,23,2,318,324,45,33,39,157,2,18,8,2,129,131,18,15,18,307,2,26,30,2,292,294,37,34,36,47,0,11,6,0,39,40,9,5,5,0
05/14/2020,1110,16,146,70,16,1022,1035,139,97,110,255,3,27,11,3,257,259,32,18,21,333,4,39,14,4,308,313,43,29,34,149,5,24,16,5,133,136,19,14,17,331,2,45,23,2,288,290,36,31,33,42,2,11,6,2,37,37,9,5,6,0
05/15/2020,873,11,126,86,11,992,1004,132,91,102,180,1,24,15,1,247,249,29,17,19,260,4,42,27,4,296,301,42,26,31,134,5,23,11,5,138,141,19,14,17,266,1,31,27,1,276,278,34,28,29,33,0,6,6,0,35,36,8,5,6,0
05/16/2020,485,18,93,84,18,968,981,128,89,102,108,2,17,26,2,237,239,27,18,20,165,10,29,24,10,303,308,40,26,31,51,2,12,10,2,134,137,19,13,16,136,4,31,22,4,259,261,33,26,28,25,0,4,2,0,34,35,7,5,6,0
05/17/2020,360,10,82,77,10,954,967,125,85,98,56,1,24,19,1,234,236,27,19,21,138,4,18,19,4,295,301,38,25,30,50,1,7,11,1,128,131,17,12,15,106,4,28,26,4,262,264,35,25,27,10,0,5,2,0,34,34,7,4,5,0
05/18/2020,895,8,114,59,8,906,918,115,78,90,187,0,20,11,0,229,230,24,17,18,266,3,27,17,3,275,280,34,22,27,130,2,25,7,2,119,122,17,11,14,274,3,36,22,3,248,250,32,24,27,38,0,6,2,0,35,36,8,4,5,0
05/19/2020,1003,9,118,55,9,866,877,115,73,85,182,2,27,12,2,204,206,24,16,17,327,5,39,16,5,264,269,34,20,25,166,0,19,10,0,120,122,18,10,13,286,2,27,12,2,244,246,32,23,26,42,0,6,5,0,34,34,7,4,4,0
05/20/2020,1076,5,78,79,5,829,840,108,73,84,278,0,17,15,0,178,179,22,16,17,323,2,31,21,2,259,263,32,20,24,165,1,10,12,1,121,123,17,11,13,254,2,16,24,2,236,239,31,22,25,56,0,4,7,0,35,35,6,4,5,0
05/21/2020,1069,7,85,45,7,823,833,99,69,79,199,3,19,12,3,170,171,21,16,17,336,4,33,15,4,259,264,31,20,24,145,0,9,6,0,120,122,15,10,11,311,0,19,9,0,233,236,27,20,23,78,0,5,3,0,40,40,5,4,4,0
05/22/2020,1037,11,102,65,11,846,856,96,66,76,264,1,23,12,1,182,183,21,15,17,350,8,36,15,8,272,277,30,18,23,152,1,13,5,1,123,124,14,9,10,239,0,26,28,0,229,232,26,20,23,32,1,4,5,1,40,40,5,4,4,0
05/23/2020,456,3,72,60,3,842,850,93,63,70,90,0,17,17,0,179,180,21,14,15,143,2,22,20,2,269,273,29,18,22,49,0,8,7,0,122,123,13,8,9,137,1,21,14,1,230,231,25,19,21,37,0,4,2,0,42,42,5,4,4,0
05/24/2020,467,4,89,48,4,858,864,94,59,65,101,0,20,13,0,186,187,20,13,14,161,1,22,12,1,272,276,30,17,20,69,2,22,5,2,125,126,15,7,8,121,1,20,13,1,232,233,24,17,19,15,0,5,5,0,43,43,5,4,4,0
05/25/2020,465,6,78,47,5,796,803,89,57,63,103,2,26,8,2,174,175,21,13,14,160,1,19,14,0,257,260,29,16,19,70,1,10,12,1,117,117,13,8,9,115,2,20,11,2,209,210,21,16,17,17,0,3,2,0,40,40,4,4,4,0
05/26/2020,1053,7,75,38,5,803,809,83,55,60,284,2,22,10,2,188,190,21,12,14,318,1,19,12,1,256,259,26,16,18,126,2,9,6,2,111,112,12,8,9,267,2,21,9,0,206,207,20,15,16,58,0,4,1,0,42,42,4,4,4,0
05/27/2020,744,4,76,48,3,756,762,82,50,56,182,0,18,9,0,175,176,21,12,13,246,2,19,10,2,245,248,24,14,17,108,2,11,9,1,103,104,12,7,8,165,0,24,18,0,194,194,22,15,15,43,0,4,2,0,40,40,4,3,3,0
05/28/2020,646,5,81,38,4,695,701,82,49,54,118,0,14,12,0,163,164,20,12,12,222,3,27,12,3,229,231,23,14,16,98,0,11,3,0,96,97,12,7,8,178,2,22,10,1,175,176,22,15,15,30,0,7,1,0,33,33,4,3,3,0
05/29/2020,642,13,85,43,8,639,645,79,46,51,164,4,21,6,3,149,150,20,11,12,166,5,22,16,2,202,204,21,14,15,73,1,11,5,1,85,86,12,7,8,212,1,28,14,0,171,172,22,13,13,27,2,3,2,2,32,33,4,2,2,0
05/30/2020,348,5,55,52,4,624,630,77,45,50,80,1,14,13,1,147,149,19,10,11,105,0,18,10,0,197,199,21,12,14,39,2,6,12,2,83,85,11,7,9,109,2,15,16,1,167,168,21,13,14,15,0,2,1,0,29,30,4,2,2,0
05/31/2020,231,8,60,39,3,590,597,73,44,48,30,3,13,6,1,137,139,18,9,10,85,2,17,11,1,186,188,20,12,13,25,1,9,4,1,77,78,10,7,8,79,2,21,16,0,161,162,22,13,14,12,0,0,2,0,29,29,3,2,2,0
06/01/2020,686,11,85,35,5,621,629,74,42,46,158,3,17,3,1,145,147,17,8,10,252,4,36,10,1,199,202,23,12,13,77,3,14,3,2,78,80,10,6,7,157,1,15,16,1,167,168,21,14,15,42,0,3,3,0,32,33,3,2,2,0
06/02/2020,572,8,63,37,6,553,560,72,42,46,122,0,12,8,0,122,124,16,8,9,182,2,22,6,2,180,182,23,11,12,71,1,10,7,1,70,72,10,6,7,163,3,14,15,2,152,153,20,15,16,34,2,5,1,1,29,30,3,2,2,0
06/03/2020,514,4,75,43,3,520,528,72,41,46,113,0,16,11,0,112,114,15,8,9,133,4,27,13,3,164,166,24,11,13,75,0,10,7,0,65,67,10,6,7,148,0,19,9,0,149,151,19,14,14,45,0,3,3,0,29,30,3,2,2,0
06/04/2020,523,11,76,33,5,502,511,71,40,45,127,5,14,4,1,113,116,15,7,8,130,3,28,10,2,150,153,24,11,12,88,0,11,8,0,64,65,10,7,8,148,2,21,9,1,145,147,19,14,14,30,1,2,2,1,29,30,3,2,3,0
06/05/2020,403,14,57,28,3,468,477,67,38,42,108,6,10,9,1,105,108,14,8,8,131,3,18,6,2,145,148,24,9,11,53,0,9,7,0,61,62,10,7,8,103,5,19,5,0,130,132,18,12,13,8,0,1,1,0,27,27,2,2,2,0
06/06/2020,247,7,36,34,2,454,463,65,36,39,50,0,10,12,0,101,104,13,8,8,59,3,7,11,1,139,142,22,10,11,33,2,6,1,0,60,61,10,5,6,98,1,12,10,1,128,130,17,11,12,7,1,1,0,0,25,26,2,2,2,0
06/07/2020,197,13,53,25,4,449,459,64,34,38,43,2,13,7,1,103,105,13,8,8,52,3,17,6,1,134,137,22,9,11,24,2,9,1,1,60,61,10,5,5,74,5,10,10,1,127,130,16,11,11,4,1,4,1,0,24,25,3,2,2,0
06/08/2020,450,23,62,39,7,415,427,60,34,38,97,4,9,10,0,94,97,12,9,9,112,6,20,13,3,114,118,20,9,11,75,6,9,2,1,60,61,9,5,5,147,7,22,14,3,126,129,17,10,11,19,0,2,0,0,21,22,3,1,1,0
06/09/2020,421,9,65,31,3,394,405,61,33,37,84,3,14,6,1,89,92,12,8,9,121,1,23,6,1,105,109,20,9,11,67,0,11,8,0,59,61,9,5,5,130,5,13,9,1,121,125,17,9,10,19,0,4,2,0,19,19,2,1,1,0
06/10/2020,365,19,64,32,6,372,386,59,32,36,76,8,13,9,2,84,88,12,8,9,98,5,16,11,3,100,104,18,9,11,69,1,14,1,0,58,60,10,4,4,108,4,18,9,1,115,120,16,9,11,14,1,3,2,0,14,15,2,1,1,0
06/11/2020,365,18,52,21,5,350,364,56,30,34,65,4,12,6,0,75,79,12,8,9,113,6,15,4,4,98,102,17,8,10,54,5,9,2,1,54,56,10,3,4,117,3,15,8,0,111,115,16,9,10,16,0,1,1,0,12,13,2,1,1,0
06/12/2020,410,17,55,23,3,351,366,55,29,34,80,7,13,5,2,71,75,12,8,9,123,3,22,6,0,97,101,17,8,10,58,2,6,3,0,54,57,9,3,3,131,4,11,9,1,115,119,14,10,11,18,1,3,0,0,14,14,3,1,1,0
06/13/2020,196,13,34,15,2,343,359,55,27,31,46,3,4,5,1,70,75,11,7,8,51,5,10,4,1,96,100,18,7,9,24,1,5,3,0,53,55,9,3,3,73,4,14,2,0,111,116,15,9,10,2,0,1,1,0,13,14,3,1,1,0
06/14/2020,180,14,45,23,0,341,357,54,26,30,27,4,12,7,0,68,73,11,7,8,53,6,14,6,0,96,100,17,7,9,28,1,5,2,0,54,56,8,3,3,68,3,14,6,0,111,115,15,8,9,4,0,0,2,0,13,13,2,1,1,0
06/15/2020,381,18,53,20,0,331,347,53,24,26,80,3,15,5,0,65,70,12,6,7,102,4,21,4,0,94,99,17,6,7,59,4,5,3,0,51,53,8,3,3,122,7,12,6,0,107,111,14,7,7,18,0,0,2,0,13,13,2,1,1,0
06/16/2020,420,17,63,16,3,331,348,52,21,24,80,4,12,2,0,65,70,12,6,6,133,1,24,5,1,96,100,17,6,7,67,1,7,2,0,51,53,7,2,2,120,11,19,7,2,106,111,15,7,7,20,0,1,0,0,13,13,1,1,1,0
06/17/2020,356,13,51,19,1,330,345,50,20,22,68,3,11,2,0,64,68,11,5,5,114,2,15,6,1,98,102,17,5,6,65,5,8,3,0,51,53,6,3,3,92,3,17,8,0,103,108,15,7,7,17,0,0,0,0,14,14,1,1,1,0
06/18/2020,378,9,58,17,1,332,346,51,19,20,60,5,9,1,0,63,67,11,4,4,112,3,16,4,1,98,102,17,5,6,58,0,6,4,0,51,53,6,3,3,123,1,25,6,0,104,109,16,6,7,25,0,2,2,0,15,15,1,1,1,0
06/19/2020,362,23,45,15,0,325,340,50,18,19,83,3,11,3,0,63,67,11,4,4,91,7,23,3,0,94,98,18,5,5,56,1,2,4,0,51,53,5,3,3,123,11,8,3,0,103,109,16,5,6,9,1,1,2,0,14,14,1,1,1,0
06/20/2020,203,16,27,17,1,326,341,49,18,19,53,4,5,5,0,64,68,11,4,4,46,6,10,3,0,93,97,18,4,5,44,2,4,2,0,54,56,5,3,3,54,4,8,5,1,100,106,15,6,6,6,0,0,2,0,14,14,1,1,1,0
06/21/2020,172,12,44,23,0,325,340,49,18,19,25,2,6,6,0,64,68,10,3,3,54,7,16,6,0,93,97,18,4,5,26,1,7,3,0,54,56,6,3,3,58,2,13,7,0,99,104,15,6,6,9,0,2,1,0,15,15,1,1,1,0
06/22/2020,402,15,51,17,0,328,343,48,18,19,92,3,12,1,0,66,69,9,3,3,110,6,19,5,0,94,99,18,5,5,63,3,7,1,0,54,56,6,3,3,119,3,11,8,0,98,103,14,6,7,18,0,2,2,0,15,15,1,1,1,0
06/23/2020,382,13,44,19,1,322,337,46,18,19,73,2,7,6,0,65,68,9,3,3,95,5,17,5,0,89,94,17,5,5,77,4,5,4,1,56,58,6,3,3,121,1,13,4,0,99,102,14,6,6,16,1,2,0,0,14,15,1,1,1,0
06/24/2020,381,14,54,17,0,326,340,46,18,18,90,3,8,2,0,68,71,8,3,3,101,6,20,6,0,87,93,17,5,5,73,0,7,2,0,57,58,5,3,3,103,5,15,6,0,100,104,13,6,6,14,0,4,1,0,14,14,2,1,1,0
06/25/2020,299,10,44,15,1,314,329,44,18,18,64,3,12,4,0,69,71,9,4,4,82,2,10,4,0,83,88,16,5,5,46,0,6,2,0,55,57,5,3,3,79,4,13,4,1,94,98,12,5,6,28,1,3,1,0,14,15,2,1,1,0
06/26/2020,316,17,33,17,1,308,322,42,18,18,66,5,8,3,0,66,69,8,4,4,94,4,14,3,1,83,88,15,5,5,63,1,4,6,0,56,58,6,3,3,77,7,5,4,0,87,91,11,5,6,16,0,2,1,0,15,16,2,1,1,0
06/27/2020,206,12,43,12,4,308,322,45,17,18,26,4,9,1,2,62,65,9,3,4,70,1,21,7,1,87,91,17,5,5,37,1,6,2,0,55,56,6,3,3,60,5,6,1,0,88,92,11,5,5,13,1,1,1,1,16,17,2,1,1,0
06/28/2020,202,16,33,11,1,313,326,43,15,17,35,2,7,3,0,64,67,9,3,3,58,7,11,1,1,87,92,16,4,5,41,3,3,3,0,57,59,5,3,3,57,3,12,4,0,88,92,11,4,5,11,1,0,0,0,17,17,2,1,1,0
06/29/2020,437,19,50,16,3,318,332,43,15,17,75,1,7,3,0,61,64,8,3,3,127,9,23,4,2,90,94,17,4,5,80,1,4,1,0,60,61,5,3,3,132,7,14,5,1,90,94,11,4,4,23,1,2,3,0,17,18,2,1,1,0
06/30/2020,442,15,45,11,0,326,341,43,14,16,77,2,9,2,0,62,65,9,3,3,128,5,16,2,0,94,99,16,4,5,94,2,8,2,0,62,63,5,3,3,114,6,10,5,0,89,94,11,4,4,29,0,2,0,0,19,20,2,1,1,0
07/01/2020,397,21,39,9,1,328,344,41,13,15,62,6,8,1,0,58,61,9,2,3,120,4,12,3,1,97,102,15,3,4,83,3,7,1,0,63,65,5,2,2,93,6,12,3,0,87,93,10,4,4,39,2,0,1,0,23,24,1,1,1,0
07/02/2020,416,14,46,15,4,345,361,41,13,15,74,2,10,1,1,59,62,8,2,2,127,6,14,3,1,103,109,16,3,4,80,2,8,7,1,68,70,6,3,3,118,3,14,1,1,93,98,10,3,4,17,1,0,3,0,21,22,1,1,1,0
07/03/2020,235,14,30,11,1,334,349,41,12,14,41,4,4,5,0,56,59,8,2,3,72,5,14,3,1,100,106,16,3,4,49,3,7,0,0,66,68,6,2,2,65,2,4,3,0,91,96,10,3,3,8,0,1,0,0,20,21,1,1,1,0
07/04/2020,120,11,31,5,1,321,337,39,11,13,21,1,4,1,0,55,58,7,2,2,23,2,8,3,0,94,99,14,3,4,32,4,8,0,1,66,68,6,2,2,32,3,10,0,0,87,92,11,3,3,12,1,1,1,0,20,21,1,1,1,0
07/05/2020,154,10,26,8,1,314,329,38,11,12,19,2,5,4,0,53,55,7,2,3,53,7,4,2,1,93,98,13,3,4,32,0,6,1,0,64,66,7,2,2,38,1,11,1,0,85,89,11,3,3,12,0,0,0,0,20,21,1,1,1,0
07/06/2020,433,24,55,6,4,314,329,39,9,11,67,5,8,2,2,52,55,7,2,3,142,9,18,2,2,95,100,12,3,3,77,4,7,1,0,64,66,7,2,2,118,6,20,1,0,83,86,12,2,2,28,0,2,0,0,21,21,1,1,1,0
07/07/2020,461,24,49,6,1,317,333,39,9,10,112,4,20,1,0,57,60,8,2,3,123,5,7,2,0,94,100,11,3,3,88,7,9,2,0,63,66,7,2,2,106,6,12,1,1,81,85,12,1,2,32,2,1,0,0,21,22,1,1,1,0
07/08/2020,437,16,33,14,3,322,338,39,9,11,83,4,8,3,2,60,63,8,2,3,121,5,12,3,1,94,100,11,3,3,120,3,8,2,0,68,72,8,2,2,88,4,4,4,0,81,84,11,2,2,25,0,1,2,0,19,20,1,1,1,0
07/09/2020,393,18,45,6,0,319,336,38,8,10,90,5,16,1,0,62,65,9,2,3,104,3,11,4,0,91,96,11,3,3,87,3,6,1,0,69,73,7,1,1,94,6,11,0,0,77,81,10,1,2,18,1,1,0,0,19,20,1,0,0,0
07/10/2020,307,20,44,6,0,329,347,40,7,9,65,7,9,3,0,65,69,10,2,3,90,5,16,2,0,94,99,11,3,3,49,4,1,0,0,69,73,6,1,1,90,4,15,1,0,81,85,12,1,1,13,0,3,0,0,20,21,1,0,0,0
07/11/2020,259,17,33,8,1,349,368,41,8,9,40,6,6,1,0,68,73,10,2,3,73,4,13,2,0,101,106,12,2,3,47,3,5,2,0,71,75,6,1,1,86,3,9,3,1,89,93,12,2,2,13,1,0,0,0,20,21,1,0,0,0
07/12/2020,224,12,27,4,2,359,378,41,7,9,44,4,7,0,0,72,77,11,2,2,55,4,10,2,1,101,106,12,2,3,42,1,4,0,0,73,76,6,1,1,70,3,6,2,1,93,98,11,2,2,13,0,0,0,0,20,21,1,0,0,0
07/13/2020,483,21,51,14,2,366,385,40,8,10,108,5,12,5,0,77,82,11,2,2,123,4,16,1,1,98,103,12,2,3,79,4,7,4,0,73,77,6,2,2,138,6,11,4,0,96,101,10,2,3,35,2,5,0,1,21,22,2,0,0,0
07/14/2020,403,15,44,10,0,358,375,40,9,10,70,4,11,2,0,71,76,10,2,2,111,3,9,4,0,97,101,12,3,3,81,5,8,1,0,72,75,6,1,1,122,3,16,3,0,98,102,10,2,3,19,0,0,0,0,19,20,1,0,0,0
07/15/2020,439,22,44,12,2,358,376,41,9,10,107,8,9,2,0,75,80,10,2,2,149,3,20,2,0,101,104,14,2,3,70,2,3,1,1,65,68,5,1,1,91,8,10,7,1,99,103,11,3,3,22,1,2,0,0,19,20,2,0,0,0
07/16/2020,415,22,35,6,0,361,380,40,9,10,95,4,13,1,0,76,81,10,2,2,90,10,8,1,0,99,103,13,2,2,86,2,4,1,0,65,68,5,1,1,109,6,7,3,0,101,106,11,3,4,35,0,3,0,0,21,22,2,0,0,0
07/17/2020,417,19,51,11,1,377,395,41,9,10,75,4,8,1,0,77,82,9,2,2,105,3,15,0,0,101,105,13,2,2,109,3,10,3,0,73,76,6,2,2,105,9,17,7,1,103,108,11,4,5,23,0,1,0,0,23,23,2,0,0,0
07/18/2020,216,20,26,9,2,371,390,40,9,11,54,3,6,1,0,79,84,9,2,2,58,6,6,4,1,99,103,12,2,2,36,3,5,2,1,72,75,6,2,2,49,7,8,2,0,98,104,11,4,4,19,1,1,0,0,24,24,2,0,0,0
07/19/2020,175,26,38,7,2,364,385,41,10,11,38,8,7,1,1,78,83,9,2,2,40,6,11,3,1,97,102,12,2,3,34,5,2,3,0,71,74,6,2,2,46,6,16,0,0,94,101,12,4,4,17,1,2,0,0,24,25,2,0,0,0
07/20/2020,402,29,39,7,2,352,374,40,9,10,95,3,12,1,1,76,81,9,1,2,85,10,11,3,0,91,97,11,2,3,80,5,5,2,0,71,74,5,2,2,109,10,8,1,1,90,97,12,3,4,32,1,3,0,0,24,24,2,0,0,0
07/21/2020,340,15,25,6,0,343,365,37,8,10,71,3,5,2,0,76,81,9,1,2,79,2,9,3,0,87,92,11,2,3,69,4,2,0,0,69,73,4,2,2,100,6,6,1,0,87,94,10,3,3,21,0,3,0,0,24,25,2,0,0,0
07/22/2020,330,19,39,7,2,328,349,36,8,9,79,2,7,2,0,72,76,8,1,2,96,8,14,1,0,79,85,11,2,2,59,1,5,0,0,68,71,5,2,2,76,8,11,4,2,85,92,10,3,3,20,0,2,0,0,24,24,2,0,0,0
07/23/2020,308,14,32,8,1,313,333,36,8,9,69,5,4,0,0,69,73,7,1,1,84,3,7,3,0,78,84,10,2,3,65,4,10,0,1,65,68,6,1,2,63,2,6,5,0,78,85,10,3,3,27,0,5,0,0,23,23,2,0,0,0
07/24/2020,300,16,41,5,0,296,316,34,7,8,73,3,12,1,0,68,72,8,1,1,68,4,12,2,0,73,78,10,3,3,56,3,5,0,0,57,61,5,1,1,75,3,11,1,0,74,80,9,2,2,28,3,1,1,0,23,24,2,0,0,0
07/25/2020,153,15,36,11,1,287,306,36,7,8,25,3,9,6,0,64,68,8,2,2,35,5,11,2,0,70,75,11,2,3,34,2,4,1,0,57,60,5,1,1,46,5,8,2,1,74,79,9,2,3,13,0,4,0,0,23,23,3,0,0,0
07/26/2020,140,17,25,7,1,282,300,34,7,8,30,2,6,1,0,63,66,8,2,2,40,4,6,4,0,70,75,10,3,3,18,5,6,0,1,54,58,5,0,1,33,6,5,2,0,72,77,8,2,3,19,0,2,0,0,23,23,3,0,0,0
07/27/2020,314,18,39,4,0,269,286,34,7,8,58,2,12,1,0,58,61,8,2,2,79,9,11,1,0,69,74,10,2,2,73,4,5,1,0,53,57,5,0,1,78,2,10,1,0,67,72,8,2,3,26,1,1,0,0,22,23,3,0,0,0
07/28/2020,315,17,38,11,1,266,282,36,8,8,58,2,7,5,0,56,59,8,2,2,107,8,19,1,0,73,79,11,2,2,59,3,2,2,0,52,55,5,1,1,73,2,7,3,0,63,67,8,3,3,18,2,3,0,1,22,22,3,0,0,0
07/29/2020,289,23,29,5,0,260,277,34,7,8,80,3,5,1,0,56,59,8,2,2,73,7,11,1,0,69,75,11,2,2,56,4,6,1,0,52,55,5,1,1,67,8,5,1,0,62,66,7,2,2,13,1,2,1,0,21,22,3,0,0,0
07/30/2020,274,11,38,4,1,255,272,35,7,7,58,1,6,1,0,55,57,8,2,2,99,3,16,2,0,72,77,12,2,2,44,2,3,1,0,49,52,4,1,1,61,5,11,0,1,62,66,8,1,2,12,0,2,0,0,18,19,2,0,0,0
07/31/2020,263,23,34,3,1,250,267,34,6,7,55,4,8,1,0,52,54,8,2,2,80,7,9,1,0,73,79,12,2,2,52,4,9,0,0,48,51,5,1,1,58,6,6,1,1,59,64,7,1,2,18,2,2,0,0,17,18,2,0,0,0
08/01/2020,189,13,27,6,1,255,272,33,6,6,37,4,5,2,0,54,56,7,2,2,58,5,14,3,1,77,83,12,2,2,33,2,5,0,0,48,51,5,1,1,54,0,1,1,0,61,65,6,1,2,7,2,2,0,0,16,17,2,0,0,0
08/02/2020,138,10,32,2,0,255,271,34,5,6,30,4,5,0,0,54,57,7,2,2,41,4,9,2,0,77,83,13,2,2,26,0,3,0,0,49,52,5,1,1,33,2,11,0,0,61,64,7,1,1,8,0,4,0,0,15,16,2,0,0,0
08/03/2020,348,25,39,2,1,259,277,34,5,5,96,3,13,1,0,59,62,7,2,2,93,7,11,0,0,79,85,13,1,2,56,8,6,0,1,47,50,5,1,1,84,7,8,1,0,61,66,7,1,1,19,0,1,0,0,14,15,2,0,0,0
08/04/2020,187,19,33,4,2,241,259,33,4,5,47,5,11,1,0,58,61,8,1,1,49,4,13,1,1,70,76,12,1,2,38,7,2,1,0,44,47,5,0,1,46,3,6,1,1,58,62,7,1,1,7,0,1,0,0,12,13,2,0,0,0
08/05/2020,298,21,39,6,1,242,260,35,4,5,66,3,9,1,0,56,59,8,1,1,90,8,14,0,1,73,78,12,1,2,47,6,3,2,0,42,46,4,1,1,80,4,13,3,0,59,63,8,1,1,15,0,0,0,0,12,13,2,0,0,0
08/06/2020,290,18,34,5,1,245,263,34,4,5,65,3,8,1,0,57,60,8,1,1,87,4,12,2,1,71,77,12,1,2,54,6,4,1,0,44,48,5,1,1,66,5,7,1,0,60,64,7,1,1,18,0,3,0,0,13,14,2,0,0,0
08/07/2020,255,25,24,2,0,244,262,33,4,5,53,9,7,0,0,56,61,8,1,1,90,3,8,0,0,73,78,12,1,2,49,2,4,0,0,43,48,4,1,1,57,9,5,2,0,60,64,7,1,1,6,2,0,0,0,11,12,2,0,0,0
08/08/2020,161,25,20,4,0,240,260,32,4,4,30,5,7,0,0,55,60,9,1,1,58,8,7,1,0,73,78,11,1,1,23,4,0,3,0,42,47,3,1,1,43,6,5,0,0,58,64,8,1,1,7,2,1,0,0,11,12,1,0,0,0
08/09/2020,133,17,27,3,0,239,260,31,4,4,19,4,8,1,0,54,58,9,1,1,48,5,9,0,0,74,79,11,1,1,18,3,3,0,0,41,46,3,1,1,36,5,6,2,0,59,64,7,1,2,12,0,1,0,0,12,13,1,0,0,0
08/10/2020,312,31,41,5,0,234,256,31,4,5,89,8,10,1,0,53,58,9,1,1,75,10,14,1,0,71,77,11,1,1,49,3,6,1,0,40,44,3,1,1,77,9,9,2,0,58,64,7,2,2,22,1,2,0,0,12,13,1,0,0,0
08/11/2020,264,27,24,4,1,245,268,30,4,5,70,6,10,0,0,56,61,8,1,1,83,13,9,1,0,76,83,10,1,1,42,3,0,2,1,40,44,3,1,1,51,3,2,1,0,59,64,7,2,2,18,2,3,0,0,14,15,1,0,0,0
08/12/2020,320,18,33,1,1,248,271,29,3,4,59,5,6,1,0,55,61,8,1,1,114,3,9,0,0,79,86,10,1,1,43,2,6,0,0,40,43,3,1,1,86,7,11,0,0,59,66,6,1,1,18,1,1,0,1,14,16,2,0,0,0
08/13/2020,277,34,38,3,3,246,271,30,3,4,60,7,9,1,1,54,61,8,1,1,87,21,13,2,2,79,88,10,1,1,51,2,7,0,0,39,42,4,1,1,67,2,9,0,0,60,65,7,1,1,12,2,0,0,0,14,15,1,0,0,0
08/14/2020,277,21,37,3,1,249,274,31,3,4,68,5,6,1,0,56,62,8,1,1,80,9,10,0,1,78,88,10,1,1,44,3,5,1,0,39,41,4,1,1,69,4,14,0,0,61,66,8,1,1,16,0,2,1,0,15,16,1,0,0,0
08/15/2020,151,15,23,4,1,248,271,32,3,4,42,1,7,2,1,58,63,8,1,1,33,5,6,1,0,74,84,10,1,1,25,2,3,1,0,39,41,4,1,1,42,4,5,0,0,61,66,8,1,1,9,3,2,0,0,15,17,2,0,0,0
08/16/2020,140,19,21,5,0,249,272,31,4,5,23,6,10,2,0,59,64,8,1,1,49,8,5,1,0,74,84,9,1,1,22,2,0,0,0,39,42,4,1,1,39,3,5,2,0,62,66,8,1,1,7,0,1,0,0,15,16,2,0,0,0
08/17/2020,333,25,34,5,0,252,274,30,4,5,71,7,9,0,0,56,61,8,1,1,96,7,6,1,0,77,87,8,1,1,57,2,4,1,0,41,43,4,1,1,95,9,15,2,0,64,69,9,1,1,14,0,0,1,0,13,15,1,0,0,0
08/18/2020,285,25,39,1,0,255,277,32,3,4,55,4,14,1,0,54,59,9,1,1,67,7,9,0,0,75,84,8,1,1,62,6,3,0,0,43,46,4,0,0,87,8,12,0,0,69,75,10,1,1,14,0,1,0,0,13,14,1,0,0,0
08/19/2020,257,39,37,1,0,246,271,33,3,4,50,12,5,0,0,53,59,9,1,1,69,11,15,1,0,69,78,9,1,1,51,6,8,0,0,45,48,4,0,0,69,9,8,0,0,67,72,10,1,1,18,1,1,0,0,13,14,1,0,0,0
08/20/2020,227,21,36,6,0,239,262,32,4,4,64,6,12,2,0,53,59,9,1,1,56,5,8,3,0,64,72,8,1,1,33,3,4,0,0,42,45,4,0,0,54,7,11,1,0,65,71,10,1,1,20,0,1,0,0,14,15,1,0,0,0
08/21/2020,252,27,31,3,1,235,259,32,4,4,52,7,9,0,0,51,57,9,1,1,75,4,9,0,1,64,70,8,1,1,51,3,4,0,0,43,46,4,0,0,60,12,9,3,0,64,71,9,1,1,14,1,0,0,0,14,14,1,0,0,0
08/22/2020,136,21,27,5,1,233,258,32,4,4,29,6,6,0,0,49,56,9,1,1,36,3,6,2,1,64,70,8,1,1,30,4,7,1,0,44,47,4,0,0,34,7,7,1,0,63,70,10,1,1,7,1,1,1,0,13,14,1,0,0,0
08/23/2020,150,20,21,3,0,234,260,32,3,4,32,7,3,2,0,50,57,8,1,1,55,7,5,0,0,65,71,8,1,1,16,2,2,1,0,43,47,5,0,0,40,4,11,0,0,63,71,10,1,1,7,0,0,0,0,13,14,1,0,0,0
08/24/2020,298,22,36,8,0,229,254,32,4,4,64,4,13,5,0,49,56,9,1,1,85,10,9,1,0,63,70,9,1,1,50,1,7,1,0,42,45,5,0,0,84,6,5,0,0,61,69,9,1,1,15,1,2,1,0,14,14,1,0,0,0
08/25/2020,283,19,42,4,0,229,253,33,4,5,64,4,11,2,0,51,57,8,2,2,84,4,14,2,0,66,72,9,1,2,54,3,7,0,0,41,44,6,0,0,69,8,9,0,0,59,66,9,1,1,12,0,1,0,0,13,14,1,0,0,0
08/26/2020,313,24,26,6,1,237,259,31,5,5,64,8,5,1,0,53,59,8,2,2,116,8,13,1,1,72,78,9,1,2,51,1,2,1,0,41,43,5,1,1,66,4,4,3,0,58,65,8,1,1,16,3,2,0,0,13,14,1,0,0,0
08/27/2020,273,22,30,1,0,244,266,30,4,5,52,5,8,1,0,51,57,8,2,2,99,6,8,0,0,79,85,9,1,1,48,5,2,0,0,43,46,4,1,1,61,5,10,0,0,59,66,8,1,1,13,1,2,0,0,12,13,1,0,0,0
08/28/2020,279,18,22,5,1,247,268,29,5,5,77,4,4,3,0,55,60,7,2,2,78,7,9,0,0,79,85,9,1,1,51,1,1,1,0,43,45,4,1,1,52,6,7,1,1,58,64,8,1,1,21,0,1,0,0,13,14,1,0,0,0
08/29/2020,128,25,22,2,2,246,268,28,4,5,28,8,6,1,0,54,60,7,2,2,38,9,10,1,0,79,87,10,1,1,23,3,1,0,2,42,44,3,1,1,32,3,4,0,0,58,63,7,1,1,7,2,1,0,0,13,14,1,0,0,0
08/30/2020,186,21,21,4,2,251,273,28,4,5,20,6,2,2,0,53,58,7,2,2,62,10,5,1,0,80,88,10,1,1,37,1,3,0,1,45,47,3,0,1,42,4,7,1,1,58,63,7,1,1,25,0,4,0,0,16,17,2,0,0,0
08/31/2020,315,16,40,1,0,254,275,29,3,4,46,6,9,1,0,50,56,6,2,2,118,5,13,0,0,85,92,10,1,1,52,2,5,0,0,45,47,3,0,1,77,3,12,0,0,57,62,8,1,1,22,0,1,0,0,17,17,2,0,0,0
09/01/2020,295,34,20,3,0,256,278,26,3,4,52,9,4,1,0,48,55,5,1,1,90,16,8,0,0,86,95,9,0,1,55,4,2,0,0,45,48,2,0,1,73,4,5,1,0,58,62,7,1,1,24,1,1,1,0,18,19,2,0,0,0
09/02/2020,272,25,27,4,1,250,273,26,3,4,43,6,3,0,0,45,52,5,1,1,94,10,13,2,1,83,92,9,1,1,48,6,1,1,0,45,48,2,0,1,69,3,10,1,0,58,62,8,1,1,17,0,0,0,0,18,19,1,0,0,0
09/03/2020,273,29,18,5,1,250,274,24,3,4,40,5,2,2,0,44,50,4,1,1,91,5,7,2,1,82,90,9,1,1,35,4,1,0,0,43,46,2,0,1,90,11,7,1,0,62,67,7,1,1,17,4,1,0,0,19,20,1,0,0,0
09/04/2020,230,19,33,5,0,243,267,26,3,4,44,1,10,1,0,39,45,5,1,1,71,8,9,1,0,81,90,9,1,1,30,4,2,1,0,40,43,2,0,1,59,4,10,2,0,63,68,8,1,1,26,2,2,0,0,20,21,1,0,0,0
09/05/2020,156,11,22,3,0,247,269,26,4,4,30,3,5,0,0,39,44,5,1,1,46,5,10,3,0,82,90,9,1,2,22,0,2,0,0,40,43,2,0,0,34,3,5,0,0,63,68,8,1,1,24,0,0,0,0,22,23,1,0,0,0
09/06/2020,207,24,30,7,0,250,272,27,4,4,18,4,4,2,0,39,44,5,1,1,87,7,15,2,0,85,93,11,1,2,27,6,3,1,0,38,42,2,0,0,62,6,8,2,0,66,71,8,1,1,13,1,0,0,0,20,22,1,0,0,0
09/07/2020,218,23,18,1,0,236,259,24,4,4,32,4,3,0,0,37,42,4,1,1,74,6,6,0,0,79,87,10,1,2,41,4,2,0,0,37,41,2,0,0,52,9,5,1,0,63,68,7,1,1,19,0,2,0,0,20,21,1,0,0,0
09/08/2020,395,23,27,2,0,250,272,25,4,4,81,5,8,1,0,41,45,5,1,1,128,3,9,1,0,84,91,10,2,2,58,5,3,0,0,37,41,2,0,0,98,8,6,0,0,66,73,7,1,1,30,2,1,0,0,21,22,1,0,0,0
09/09/2020,352,31,31,1,0,262,284,26,3,4,56,6,6,1,0,43,47,5,1,1,119,8,11,0,0,88,94,10,1,1,70,4,3,0,0,40,44,2,0,0,82,11,10,0,0,68,76,7,1,1,25,2,1,0,0,22,24,1,0,0,0
09/10/2020,324,28,26,3,1,269,292,27,3,3,45,4,2,1,0,44,48,5,1,1,124,8,9,1,1,93,99,10,1,1,57,8,4,0,0,44,48,3,0,0,71,8,8,1,0,65,72,7,1,1,27,0,3,0,0,23,24,1,0,0,0
09/11/2020,313,31,31,4,1,281,305,26,3,3,55,8,8,2,1,45,50,5,1,1,111,8,9,2,0,98,105,10,1,1,54,5,5,0,0,47,52,3,0,0,77,9,7,0,0,68,76,7,1,1,16,1,2,0,0,22,23,1,0,0,0
09/12/2020,202,25,12,4,0,287,314,25,3,3,35,6,2,1,0,46,51,5,1,1,51,9,3,0,0,99,106,9,1,1,36,3,2,0,0,49,54,3,0,0,61,6,4,3,0,72,80,7,1,1,19,1,1,0,0,21,22,1,0,0,0
09/13/2020,254,27,17,3,0,294,321,23,3,3,19,2,2,0,0,46,51,4,1,1,114,12,8,2,0,103,111,8,1,1,42,4,1,0,0,51,56,3,0,0,66,7,5,1,0,72,81,6,1,1,13,2,1,0,0,21,22,2,0,0,0
09/14/2020,434,28,31,5,0,325,352,25,3,3,75,7,4,1,0,52,58,5,1,1,167,9,14,2,0,116,124,9,1,1,69,3,6,0,0,55,60,3,0,0,97,9,5,2,0,79,87,6,1,1,26,0,2,0,0,22,23,2,0,0,0
09/15/2020,338,49,29,3,1,317,348,25,3,4,54,9,11,2,0,48,54,5,1,1,149,24,6,0,0,119,130,9,1,1,45,4,4,0,1,53,58,4,0,0,72,11,8,1,0,75,84,7,1,1,18,1,0,0,0,21,22,1,0,0,0
09/16/2020,367,38,49,6,0,319,351,28,4,4,49,8,8,1,0,47,54,5,1,1,164,11,26,0,0,126,137,11,1,1,55,4,5,1,0,51,56,4,0,0,82,13,9,3,0,75,84,7,2,2,17,2,1,1,0,19,20,1,0,0,0
09/17/2020,353,35,33,4,0,323,356,29,4,4,59,6,11,1,0,49,56,7,1,1,122,14,12,1,0,125,138,11,1,1,54,6,3,0,0,51,55,4,0,0,93,9,5,2,0,78,87,6,2,2,25,0,2,0,0,19,20,1,0,0,0
09/18/2020,283,39,35,3,0,319,353,29,4,4,45,5,10,1,0,48,54,7,1,1,104,15,14,2,0,124,138,12,1,1,44,5,5,0,0,49,53,4,0,0,66,12,6,0,0,77,86,6,2,2,24,2,0,0,0,20,21,1,0,0,0
09/19/2020,158,23,22,5,0,312,347,31,4,4,30,3,3,1,0,47,53,7,1,1,37,4,6,2,0,122,135,12,1,1,24,8,4,1,0,48,52,4,0,0,53,6,8,1,0,76,85,7,1,1,13,2,1,0,0,19,21,1,0,0,0
09/20/2020,158,26,21,5,0,299,333,31,4,5,24,3,8,0,0,48,54,8,1,1,60,11,6,3,0,115,127,12,1,1,25,4,3,1,0,45,50,4,0,1,28,6,3,1,0,70,80,6,1,1,21,2,1,0,0,21,22,1,0,0,0
09/21/2020,513,54,28,3,0,310,348,31,4,4,69,12,8,1,0,47,54,8,1,1,248,26,12,1,0,126,141,12,1,1,57,4,0,1,0,43,48,3,1,1,115,8,6,0,0,73,82,6,1,1,24,4,2,0,0,20,22,1,0,0,0
09/22/2020,404,56,33,3,1,319,358,32,4,4,59,11,7,0,0,48,55,8,1,1,170,28,12,3,1,129,145,13,2,2,51,5,2,0,0,44,49,3,1,1,99,11,12,0,0,77,86,7,1,1,25,1,0,0,0,21,23,1,0,0,0
09/23/2020,531,65,38,4,0,343,385,30,4,4,80,11,5,1,0,52,60,7,1,1,237,41,24,1,0,140,160,12,2,2,73,3,2,1,0,47,52,3,1,1,104,9,7,0,0,80,88,7,1,1,37,1,0,1,0,24,26,1,0,0,0
09/24/2020,476,73,43,3,1,360,408,31,4,4,63,5,7,0,0,53,60,7,1,1,236,43,15,1,0,156,180,13,2,2,58,7,5,2,1,47,53,3,1,1,93,14,13,0,0,80,89,8,0,0,26,4,3,0,0,24,27,1,0,0,0
09/25/2020,456,57,47,4,0,385,436,33,4,4,49,8,8,2,0,53,61,7,1,1,187,26,20,0,0,168,193,14,2,2,68,6,7,1,0,51,56,3,1,1,124,10,11,1,0,88,97,9,0,0,28,7,1,0,0,25,28,1,0,0,0
09/26/2020,279,34,27,5,0,402,455,34,4,4,42,10,5,3,0,55,64,7,1,1,108,8,8,1,0,178,204,14,1,2,35,5,3,0,0,52,57,3,1,1,61,9,9,1,0,89,99,9,0,0,33,2,2,0,0,28,31,1,0,0,0
09/27/2020,382,48,34,2,2,434,490,36,3,4,32,5,5,0,0,56,65,6,1,1,181,18,16,2,0,195,222,15,1,1,35,4,2,0,2,54,59,3,1,1,106,20,8,0,0,100,112,9,0,0,28,1,3,0,0,29,32,2,0,0,0
09/28/2020,436,40,36,3,1,423,477,37,3,4,82,10,6,1,0,58,67,6,1,1,139,14,12,1,0,180,205,15,1,1,58,2,3,0,0,54,59,3,1,1,109,11,13,1,1,99,111,10,0,1,47,3,2,0,0,32,35,2,0,0,0
09/29/2020,686,71,51,7,0,464,519,39,4,5,64,10,7,3,0,59,67,6,1,1,334,35,19,2,0,203,230,16,1,1,81,9,9,0,0,58,63,4,1,1,174,16,13,2,0,110,123,11,1,1,33,1,3,0,0,33,36,2,0,0,0
09/30/2020,582,83,51,8,1,471,529,41,5,5,52,8,2,3,0,55,63,6,2,2,270,43,33,4,1,208,235,18,2,2,86,12,7,1,0,60,67,5,1,1,134,17,9,0,0,114,128,11,1,1,40,3,0,0,0,34,37,2,0,0,0
10/01/2020,614,79,41,5,1,491,550,41,5,6,76,2,7,0,0,57,64,6,2,2,292,44,22,1,1,216,243,19,2,2,87,9,4,0,0,64,71,5,0,1,134,21,7,4,0,120,135,10,1,1,25,2,1,0,0,33,36,2,0,0,0
10/02/2020,597,84,47,3,0,511,574,41,5,5,80,8,5,0,0,61,69,5,1,1,264,38,24,1,0,227,255,19,2,2,77,8,3,0,0,66,73,4,0,0,140,21,13,2,0,123,139,10,1,2,36,9,2,0,0,35,38,2,0,0,0
10/03/2020,278,42,25,5,1,511,575,41,5,6,34,4,1,1,0,60,67,5,1,1,82,16,11,1,1,223,253,20,2,2,48,2,5,0,0,67,74,5,0,0,97,11,5,2,0,128,144,10,2,2,17,9,3,1,0,32,36,2,0,0,0
10/04/2020,335,64,44,7,0,504,570,42,5,6,34,10,4,0,0,60,68,5,1,1,162,22,22,3,0,220,251,20,2,2,29,3,4,0,0,67,73,5,0,0,84,18,11,3,0,125,141,10,2,2,26,11,3,1,0,32,37,2,0,0,0
10/05/2020,763,116,56,0,0,551,628,45,5,5,94,14,10,0,0,62,70,5,1,1,353,52,25,0,0,251,287,22,2,2,84,24,2,0,0,70,80,5,0,0,195,19,17,0,0,137,154,11,2,2,37,7,2,0,0,31,37,2,0,0,0
10/06/2020,571,71,48,3,1,534,611,45,4,5,67,11,6,0,0,62,71,5,1,1,251,30,23,2,1,239,274,23,2,2,79,7,7,0,0,70,79,5,0,0,145,19,11,1,0,133,151,10,2,2,29,4,1,0,0,30,36,2,0,0,0
10/07/2020,542,84,46,4,0,529,606,44,4,4,75,12,9,1,0,66,74,6,0,0,223,31,21,1,0,232,266,21,1,2,75,8,5,1,0,68,77,4,0,0,132,23,11,1,0,132,151,11,2,2,37,10,0,0,0,30,37,2,0,0,0
10/08/2020,523,76,45,6,1,516,592,44,4,4,83,8,8,1,0,67,76,6,0,0,216,40,18,3,1,222,254,21,2,2,79,6,7,0,0,67,76,5,0,0,112,19,8,2,0,129,148,11,2,2,33,3,4,0,0,31,38,2,0,0,0
10/09/2020,524,92,55,2,0,505,583,46,4,4,92,6,5,1,0,68,78,6,1,1,184,37,30,0,0,210,243,21,1,2,74,7,4,0,0,67,75,5,0,0,143,30,13,1,0,130,150,11,1,1,31,12,3,0,0,30,38,2,0,0,0
10/10/2020,313,43,37,4,0,510,588,47,4,4,36,7,3,1,0,69,78,6,1,1,95,10,18,0,0,212,244,22,1,2,46,6,5,0,0,67,75,5,0,0,99,14,6,2,0,130,150,11,1,1,36,6,5,1,0,33,40,3,0,0,0
10/11/2020,281,50,46,7,0,502,578,48,4,4,38,8,12,2,0,69,79,8,1,1,115,17,18,2,0,205,236,22,1,1,29,8,5,2,0,67,76,5,0,0,85,11,11,1,0,130,149,11,1,1,14,6,0,0,0,31,38,2,0,0,0
10/12/2020,515,69,52,8,0,467,536,47,5,5,53,16,3,1,0,63,73,7,1,1,223,28,29,1,0,187,214,22,1,2,85,7,7,4,0,67,74,6,1,1,116,16,13,1,0,119,138,10,1,1,37,2,0,1,0,31,37,2,0,0,0
10/13/2020,588,111,50,4,0,469,544,47,5,5,91,29,9,0,0,67,79,7,1,1,225,24,18,3,0,183,210,22,1,2,100,23,3,0,0,70,79,5,1,1,127,27,15,1,0,116,136,11,1,1,45,8,5,0,0,33,40,2,0,0,0
10/14/2020,579,139,58,6,2,475,558,49,5,6,89,21,4,2,1,69,82,6,1,1,213,52,23,3,0,182,211,22,2,2,84,23,6,0,0,71,82,5,1,1,159,34,20,1,0,120,142,12,1,1,33,8,5,0,1,33,39,3,0,0,0
10/15/2020,600,131,73,8,0,486,576,53,6,6,91,29,13,1,0,70,87,7,1,1,237,40,32,2,0,185,214,24,2,2,90,27,5,2,0,73,87,5,1,1,142,28,20,3,0,124,147,14,1,1,40,7,3,0,0,34,41,3,0,0,0
10/16/2020,503,126,51,7,1,483,578,52,6,7,78,20,9,1,0,68,87,8,1,1,163,39,20,3,0,182,212,23,2,2,91,28,5,2,0,75,92,5,1,1,132,27,12,1,0,123,145,14,1,1,38,12,5,0,1,35,42,3,0,1,0
10/17/2020,366,108,34,6,0,490,595,52,7,7,64,14,7,1,0,72,92,8,1,1,91,43,8,3,0,181,216,21,2,2,61,9,4,0,0,77,95,5,1,1,110,34,9,2,0,124,150,14,1,1,39,8,6,0,0,35,42,3,0,0,0
10/18/2020,411,117,40,4,0,509,623,51,6,7,45,11,5,2,0,73,93,7,1,1,170,43,17,1,0,189,227,21,2,2,40,19,4,0,0,79,98,5,1,1,123,26,11,0,0,130,157,14,1,1,33,18,3,1,0,38,47,4,0,1,0
10/19/2020,626,168,66,7,1,525,653,53,6,7,108,26,10,0,0,81,102,8,1,1,204,52,25,6,1,186,228,20,3,3,101,26,10,0,0,81,103,5,1,1,178,50,17,0,0,139,171,15,1,1,35,14,4,1,0,38,48,4,0,1,0
10/20/2020,602,162,73,6,0,527,663,56,6,7,91,23,9,0,0,81,101,8,1,1,214,48,30,2,0,185,230,22,3,3,105,27,9,1,0,82,104,6,1,1,154,48,21,3,0,143,178,16,1,1,38,15,4,0,0,37,48,4,0,1,0
10/21/2020,653,166,50,5,0,537,677,55,6,6,96,26,10,0,0,82,103,9,1,1,203,51,18,3,0,183,228,21,3,3,118,28,4,1,0,87,110,6,1,1,187,50,12,0,0,147,184,15,1,1,49,11,6,1,0,39,51,4,0,1,0
10/22/2020,758,180,52,3,0,560,707,52,5,6,122,13,9,0,0,86,105,8,1,1,242,59,14,2,0,184,232,19,3,3,136,28,10,0,0,93,117,7,1,1,182,54,15,1,0,152,194,14,1,1,76,26,4,0,0,44,59,5,0,1,0
10/23/2020,602,175,60,4,1,574,728,54,5,5,115,26,9,1,0,92,111,8,1,1,198,49,23,0,0,189,238,19,2,3,79,34,6,1,1,91,116,7,0,1,162,53,18,1,0,157,202,15,1,1,48,13,4,1,0,45,60,4,1,1,0
10/24/2020,386,135,46,1,1,577,734,55,4,5,74,24,8,0,0,93,114,9,0,0,119,39,22,0,1,193,242,21,2,2,58,20,5,0,0,91,117,7,0,1,103,37,7,1,0,156,201,14,1,1,32,15,4,0,0,44,60,4,1,1,0
10/25/2020,362,152,45,9,0,570,732,56,5,5,66,25,8,2,0,96,119,9,0,0,129,46,24,3,0,187,236,22,2,3,48,28,3,2,0,92,119,7,1,1,87,33,8,1,0,150,197,14,1,1,32,20,2,1,0,44,61,4,1,1,0
10/26/2020,695,218,55,4,1,580,749,54,5,5,132,34,8,0,0,99,124,9,0,0,221,49,13,2,1,189,238,21,2,2,118,44,7,1,0,95,124,6,1,1,154,58,22,1,0,147,195,15,1,1,69,33,5,0,0,49,68,4,0,0,0
10/27/2020,739,234,45,8,0,599,779,50,5,5,119,33,8,3,0,103,129,9,1,1,237,78,25,3,0,193,246,20,2,2,126,45,3,1,0,98,130,5,1,1,180,50,6,1,0,151,199,13,1,1,76,28,3,0,0,55,75,4,0,0,0
10/28/2020,785,223,45,4,1,618,806,50,5,5,125,28,8,0,0,108,134,8,1,1,231,60,16,3,0,197,251,20,2,2,135,46,5,0,0,100,135,6,1,1,203,60,13,0,1,153,202,13,1,1,91,29,3,1,0,61,84,4,0,0,0
10/29/2020,618,229,59,4,0,598,793,51,5,5,100,36,11,0,0,104,134,9,1,1,192,50,22,2,0,190,243,21,2,2,115,45,9,1,0,97,134,5,1,1,155,64,12,1,0,149,200,12,1,1,56,34,5,0,0,58,82,4,0,0,0
10/30/2020,653,221,56,10,0,605,807,50,6,6,115,40,12,1,0,104,136,9,1,1,191,54,13,4,0,189,242,19,2,3,102,48,5,2,0,100,140,5,1,1,168,54,20,1,0,150,201,13,1,1,77,25,6,2,0,62,88,4,1,1,0
10/31/2020,404,140,48,4,0,608,810,50,6,6,65,34,7,0,0,103,136,9,1,1,118,32,17,2,0,188,241,19,3,3,52,28,6,0,0,99,140,5,1,1,117,30,13,2,0,152,202,13,1,1,52,16,5,0,0,65,91,4,1,1,0
11/01/2020,501,235,52,12,0,628,842,51,7,7,57,55,7,0,0,102,139,9,1,1,230,64,17,9,0,203,258,18,4,4,66,43,10,0,0,102,145,6,1,1,102,52,10,2,0,154,207,14,1,1,46,21,8,1,0,67,93,5,1,1,0
11/02/2020,952,330,65,10,0,665,895,53,7,8,159,65,15,1,0,106,147,10,1,1,336,77,20,7,0,219,279,19,4,4,144,52,8,1,0,106,150,7,1,1,220,92,18,1,0,164,221,13,1,1,93,44,4,0,0,70,98,5,1,1,0
11/03/2020,903,302,77,12,3,688,928,57,8,9,153,39,11,2,0,111,153,10,1,1,319,78,29,6,2,231,290,19,5,5,158,50,13,2,0,110,155,8,1,1,181,90,19,2,1,164,227,15,1,2,92,45,5,0,0,72,103,5,1,1,0
11/04/2020,1110,376,66,9,0,734,996,60,9,9,187,64,12,0,0,119,167,11,1,1,311,90,26,7,0,242,306,21,5,6,198,73,10,0,0,119,168,9,1,1,277,104,12,1,0,174,244,15,1,2,137,45,6,1,0,79,112,6,1,1,0
11/05/2020,1140,398,82,9,1,809,1095,64,9,10,198,55,14,3,1,133,184,11,1,1,312,119,25,4,0,260,333,21,6,6,213,76,14,0,0,133,186,9,1,1,306,100,20,2,0,196,270,16,2,2,111,48,9,0,0,87,122,6,1,1,0
11/06/2020,1035,423,63,10,1,864,1178,65,9,10,191,66,8,4,0,144,198,11,1,2,238,129,21,2,0,266,350,22,5,6,179,70,14,0,0,144,200,11,0,0,297,103,19,3,1,214,296,16,2,2,130,55,1,1,0,94,134,5,0,0,0
11/07/2020,843,356,59,13,0,926,1272,66,11,11,134,52,16,1,0,154,211,12,2,2,223,87,10,5,0,281,373,21,6,6,147,76,6,2,0,158,221,11,1,1,250,87,24,4,0,233,323,17,2,2,89,54,3,1,0,100,144,5,1,1,0
11/08/2020,789,370,65,7,1,967,1332,68,10,11,106,67,12,2,0,161,219,13,2,2,224,90,18,2,1,280,376,21,5,5,134,75,7,0,0,168,235,10,1,1,226,77,17,2,0,251,344,18,2,2,99,61,11,1,0,107,158,6,1,1,0
11/09/2020,1545,541,78,4,2,1052,1447,70,9,10,240,71,19,0,0,173,232,13,2,2,416,147,25,1,0,292,398,22,4,4,268,112,8,0,1,185,261,10,1,1,418,146,21,3,1,279,380,19,2,3,203,65,5,0,0,123,176,6,1,1,0
11/10/2020,1593,499,87,7,0,1151,1574,71,8,9,274,69,18,2,0,190,253,14,2,2,457,126,29,2,0,312,424,22,3,3,309,84,9,2,0,207,288,10,1,1,407,130,22,1,0,312,418,19,2,3,146,90,9,0,0,131,190,6,1,1,0
11/11/2020,1538,472,95,9,0,1212,1649,76,8,9,239,78,21,1,0,197,263,15,2,2,393,120,10,2,0,323,440,20,3,3,290,107,17,3,0,220,306,11,1,1,447,116,29,2,0,336,444,22,2,3,169,51,18,1,0,135,196,8,1,1,0
11/12/2020,1501,504,79,16,0,1263,1716,75,9,10,247,89,21,4,0,204,275,16,2,2,384,127,20,6,0,334,452,19,3,3,300,106,11,2,0,232,322,10,1,1,406,122,18,2,0,350,462,21,2,3,164,60,9,2,0,143,205,8,1,1,0
11/13/2020,1496,511,89,5,0,1329,1794,79,9,9,272,83,20,1,0,216,289,18,2,2,357,108,30,1,0,351,466,20,3,3,264,102,9,1,0,245,339,10,1,2,430,159,20,1,0,369,489,22,2,2,173,59,10,1,0,149,212,9,1,1,0
11/14/2020,1026,429,100,9,2,1355,1831,85,8,9,193,86,24,1,1,224,302,19,2,2,238,92,29,5,1,353,468,23,3,3,160,68,12,1,0,246,340,10,1,1,324,132,23,1,0,380,506,21,2,2,111,51,12,1,0,152,215,11,1,1,0
11/15/2020,897,421,87,14,0,1371,1853,88,9,10,135,70,13,2,0,229,307,19,2,2,232,112,23,6,0,354,473,24,3,3,134,71,13,1,0,246,339,11,1,2,244,122,27,1,0,382,515,23,2,2,152,46,11,4,0,160,220,11,1,1,0
11/16/2020,1832,527,123,10,0,1412,1892,94,10,10,314,76,24,1,0,239,318,20,2,2,496,147,32,2,0,365,484,25,3,4,332,100,15,4,0,256,347,12,2,2,503,135,44,1,0,394,525,26,1,1,187,69,8,2,0,157,218,11,2,2,0
11/17/2020,1728,547,101,10,0,1431,1918,96,10,11,337,83,20,1,0,248,329,20,2,2,492,150,30,3,0,370,493,25,4,4,287,103,12,0,0,252,346,13,2,2,422,166,31,4,0,397,533,27,2,2,190,45,8,2,0,164,218,11,2,2,0
11/18/2020,1752,532,120,10,2,1462,1958,100,11,11,307,93,25,0,0,258,341,21,1,2,468,155,38,4,0,381,508,29,4,4,335,95,13,0,0,259,351,12,1,1,444,137,30,4,2,396,535,28,2,2,198,52,14,2,0,168,222,10,2,2,0
11/19/2020,1855,523,131,9,1,1512,2011,107,10,10,362,93,23,1,0,274,358,21,1,1,491,149,37,6,0,396,527,31,4,4,346,90,13,1,0,265,355,12,1,1,456,142,38,1,1,403,545,30,2,2,200,49,20,0,0,173,226,12,2,2,0
11/20/2020,1772,505,133,7,2,1552,2049,114,10,11,326,112,25,2,0,282,370,22,1,1,434,136,36,2,1,407,542,32,4,4,328,85,18,0,1,275,362,14,1,1,459,134,35,2,0,407,546,33,2,2,225,38,19,1,0,180,230,13,2,2,0
11/21/2020,1290,355,121,11,0,1589,2077,117,10,11,254,90,19,1,0,291,379,21,1,1,354,81,27,3,0,424,557,32,4,4,195,53,15,3,0,280,365,14,1,1,326,99,42,0,0,408,541,35,2,2,161,32,18,4,0,188,235,14,2,2,0
11/22/2020,1148,413,112,10,0,1625,2111,120,10,10,183,78,15,4,0,298,387,22,1,1,339,115,37,1,0,439,572,34,3,3,160,76,13,0,0,283,369,14,1,1,287,109,30,4,0,414,546,36,2,3,178,35,17,1,0,191,237,15,2,2,0
11/23/2020,2314,580,146,13,2,1694,2188,123,10,11,438,107,34,0,1,315,409,23,1,1,572,165,37,7,1,450,586,35,4,4,410,96,15,1,0,294,380,14,1,1,605,155,39,4,0,428,563,35,3,3,289,57,21,1,0,206,250,17,2,2,0
11/24/2020,2071,605,130,16,2,1743,2245,128,11,12,374,110,19,2,1,321,418,23,1,2,553,165,39,2,0,459,597,36,4,4,370,105,13,5,1,306,392,14,1,2,536,179,40,4,0,445,581,36,3,3,238,46,19,3,0,213,257,18,2,2,0
11/25/2020,2366,638,137,13,0,1831,2348,130,11,12,423,101,25,2,0,337,436,23,2,2,631,152,41,4,0,482,620,36,4,4,383,131,12,2,0,313,404,14,2,2,634,191,41,1,0,472,616,38,2,2,295,63,18,4,0,227,272,19,2,2,0
11/26/2020,810,379,154,7,1,1682,2178,133,11,12,137,56,26,1,0,305,398,23,2,2,243,104,40,3,1,447,578,37,3,4,137,75,26,1,0,283,372,16,2,2,200,113,43,0,0,435,575,39,2,2,93,31,19,2,0,211,254,19,2,2,0
11/27/2020,2300,763,155,15,1,1757,2290,136,12,13,386,145,24,1,0,314,412,23,2,2,604,195,42,3,0,471,610,38,3,4,386,147,25,2,0,292,389,17,2,2,651,202,37,4,0,463,612,39,2,2,273,74,27,5,1,218,266,20,3,3,0
11/28/2020,1786,584,127,13,2,1828,2394,137,12,14,332,126,22,4,1,325,428,24,2,2,444,151,34,3,0,484,633,39,3,4,295,104,19,3,1,306,411,18,2,2,500,153,41,2,0,488,645,39,3,3,215,50,11,1,0,226,277,19,2,3,0
11/29/2020,1728,625,164,15,0,1911,2507,145,13,14,230,118,30,3,0,331,440,26,2,2,503,178,43,3,0,507,666,39,4,4,233,96,19,1,0,316,424,18,2,2,484,168,48,4,0,516,682,41,3,3,278,65,24,4,0,240,295,20,3,3,0
11/30/2020,2801,790,186,18,2,1980,2607,150,14,15,456,142,40,5,0,334,448,27,3,3,863,200,39,4,0,549,712,40,3,3,388,128,33,1,0,313,425,21,2,2,717,227,61,6,1,532,708,44,3,3,377,93,13,2,1,253,313,19,3,3,0
12/01/2020,3142,987,203,20,2,2133,2814,161,14,16,580,171,44,1,0,363,486,30,2,3,879,245,48,3,1,595,770,41,3,4,480,188,22,2,0,329,453,22,2,2,841,276,66,5,0,575,765,48,3,3,362,107,23,9,1,270,339,19,4,4,0
12/02/2020,3005,825,170,27,0,2225,2932,166,16,18,525,140,28,5,0,378,506,31,3,3,808,217,47,10,0,621,805,42,4,4,458,148,23,2,0,340,466,24,2,2,832,230,49,6,0,604,799,49,4,4,382,89,23,4,0,283,356,20,4,4,0
12/03/2020,2883,900,208,18,2,2521,3303,173,18,19,521,157,47,0,0,433,576,34,3,3,823,223,51,4,0,703,905,43,4,4,437,155,19,7,2,382,520,23,3,3,766,273,57,4,0,684,903,51,4,5,336,92,34,3,0,318,399,22,4,4,0
12/04/2020,2810,758,183,25,1,2594,3375,177,19,21,562,142,38,5,0,458,600,36,3,3,763,195,56,6,0,726,927,45,5,5,400,123,22,2,0,384,519,22,3,3,757,236,43,6,0,700,923,52,5,5,328,62,24,6,1,325,405,22,4,5,0
12/05/2020,1881,654,171,23,1,2607,3398,184,21,22,325,111,32,3,0,457,597,37,3,3,505,184,39,6,1,735,941,46,5,5,207,86,23,2,0,372,504,23,2,3,597,186,57,8,0,713,941,54,6,6,247,87,20,4,0,330,415,23,5,5,0
12/06/2020,1753,661,180,21,0,2611,3407,186,22,23,248,113,37,2,0,460,599,38,3,3,555,186,52,4,0,742,949,47,5,6,218,108,22,2,0,370,503,23,3,3,516,202,47,11,0,718,951,54,7,7,216,52,22,2,0,321,404,23,4,5,0
12/07/2020,3307,1010,220,19,1,2683,3511,191,22,23,556,193,47,2,0,474,621,39,3,3,962,266,56,7,1,756,973,50,6,6,451,160,28,2,0,379,517,23,3,3,968,307,61,6,0,754,998,54,7,7,370,84,28,2,0,320,402,25,4,5,0
12/08/2020,3064,908,219,22,1,2672,3488,193,22,23,499,172,40,4,0,462,609,38,3,3,922,216,68,8,1,763,975,53,6,7,452,158,34,1,0,375,509,24,3,3,900,268,57,5,0,762,1005,53,7,7,291,94,20,4,0,310,390,24,4,4,0
12/09/2020,3107,966,275,27,2,2686,3523,208,22,23,527,178,57,4,1,463,615,43,3,3,911,243,78,9,1,777,993,57,6,7,498,140,45,2,0,380,513,28,3,3,852,331,62,7,0,765,1023,55,7,7,319,74,33,5,0,301,379,26,4,4,0
12/10/2020,3148,905,241,25,3,2724,3562,213,23,24,571,155,44,7,1,470,622,42,4,4,940,254,69,2,1,794,1015,60,6,7,463,157,27,5,1,384,517,29,2,2,898,267,73,9,0,784,1041,57,7,7,276,71,28,2,0,292,367,25,4,4,0
12/11/2020,2980,892,243,30,1,2749,3605,221,24,25,500,134,57,3,1,461,612,45,4,4,835,208,59,8,0,804,1027,60,6,7,496,175,32,2,0,398,538,30,2,2,882,308,73,10,0,802,1069,61,8,8,266,67,22,7,0,284,359,25,4,4,0
12/12/2020,2203,583,211,34,1,2795,3641,227,25,27,392,108,40,5,0,470,621,46,4,4,597,157,56,9,0,817,1036,63,7,7,297,90,31,3,1,411,552,31,2,3,699,187,60,9,0,816,1084,62,8,8,218,41,24,8,0,279,348,25,4,4,0
12/13/2020,2176,898,227,25,5,2855,3735,234,26,28,311,146,40,4,1,479,635,46,4,5,645,249,56,5,1,830,1058,63,7,8,296,143,34,7,1,422,568,33,3,4,676,296,78,3,1,839,1120,66,7,7,248,64,19,6,1,284,355,25,5,5,0
12/14/2020,3578,1084,257,30,0,2894,3785,239,28,29,612,180,49,4,0,487,641,47,4,5,1110,320,75,6,0,851,1087,66,7,7,499,152,35,3,0,429,574,34,3,4,1005,338,78,13,0,845,1130,69,8,8,351,91,20,4,0,281,353,24,5,5,0
12/15/2020,3668,949,236,32,2,2980,3877,241,29,31,634,187,41,2,0,507,662,47,4,5,1060,235,76,11,1,871,1109,67,7,8,550,159,39,4,0,443,588,35,4,4,1086,298,61,9,0,871,1160,69,9,9,338,69,19,6,1,288,356,24,5,6,0
12/16/2020,2785,785,212,39,1,2934,3805,232,31,33,444,131,48,8,0,495,644,46,5,5,842,230,67,15,1,861,1097,65,8,9,452,138,22,3,0,436,581,31,4,4,811,228,62,9,0,865,1140,69,9,9,236,58,13,4,0,276,342,21,5,6,0
12/17/2020,1925,777,235,34,4,2759,3612,232,32,34,265,139,52,7,0,451,598,47,5,5,647,216,69,6,2,819,1050,65,9,9,339,137,30,6,0,418,560,32,4,4,489,227,65,10,2,807,1076,68,9,9,185,58,19,5,0,263,327,19,6,6,0
12/18/2020,3430,840,274,39,1,2824,3669,236,33,35,619,156,68,7,0,468,618,48,5,5,1024,215,79,13,0,846,1078,68,9,10,524,142,37,3,0,422,560,33,4,4,926,262,71,12,0,813,1075,68,9,10,337,65,19,4,1,273,337,19,5,6,0
12/19/2020,2558,692,232,31,3,2874,3735,239,33,35,404,123,45,6,0,470,622,49,5,6,764,199,66,9,3,870,1108,70,9,10,332,90,31,4,0,427,565,33,4,4,798,217,71,8,0,827,1094,69,9,10,260,63,19,4,0,279,346,18,5,5,0
12/20/2020,2349,716,244,29,4,2899,3734,241,33,36,293,124,42,4,1,467,616,49,5,6,767,214,78,5,1,888,1120,73,9,10,294,99,31,7,0,427,558,32,4,4,702,205,72,6,0,831,1085,69,10,10,293,74,21,7,2,286,354,19,5,5,0
12/21/2020,4342,1050,328,41,3,3008,3838,252,35,38,715,177,63,5,0,482,630,51,6,6,1310,322,95,7,1,916,1149,76,9,11,598,147,60,10,1,441,572,36,5,5,1290,317,92,16,1,872,1122,71,10,10,429,87,18,3,0,297,365,18,5,5,0
12/22/2020,4101,954,284,53,2,3070,3901,258,38,41,733,203,53,8,0,496,647,53,6,7,1252,272,87,16,0,944,1182,77,10,11,546,127,49,7,1,441,566,37,6,6,1206,276,72,12,1,889,1136,72,10,11,364,76,23,10,0,301,369,19,5,6,0
12/23/2020,3845,936,304,39,3,3221,4074,272,38,41,638,168,46,7,1,524,680,53,6,7,1098,308,113,13,2,980,1230,84,10,11,523,108,45,7,0,451,572,40,6,7,1188,268,76,7,0,943,1196,74,10,11,398,84,24,5,0,324,396,20,5,6,0
12/24/2020,3015,638,279,39,2,3377,4209,278,39,41,500,98,50,6,0,557,707,52,6,6,966,173,96,9,1,1026,1269,88,10,11,433,83,41,5,0,464,578,42,6,6,876,234,80,15,0,998,1252,76,11,11,240,50,12,4,1,332,403,19,5,6,0
12/25/2020,1048,601,262,39,2,3037,3835,276,39,41,154,86,44,6,0,491,631,49,6,6,342,179,83,12,2,928,1167,88,10,12,156,85,50,6,0,412,517,44,7,7,300,186,72,8,0,909,1152,76,10,11,96,64,13,7,0,297,368,19,6,6,0
12/26/2020,3448,903,275,36,2,3164,3992,282,39,42,534,146,45,8,0,510,653,49,6,7,1021,253,90,9,2,965,1211,92,10,11,430,114,35,7,0,426,535,44,7,7,1070,294,84,11,0,947,1202,78,11,11,392,96,21,1,0,316,392,19,5,6,0
12/27/2020,2886,926,247,42,3,3241,4099,283,41,44,480,169,37,4,0,536,686,48,6,6,912,230,91,14,1,986,1234,94,11,13,314,128,32,9,1,429,542,45,7,8,869,318,69,6,1,971,1242,78,11,11,311,81,18,9,0,319,395,18,6,6,0
12/28/2020,5380,1201,354,44,3,3389,4269,286,42,44,1015,209,69,8,1,579,733,49,7,7,1597,347,106,13,0,1027,1279,95,12,13,672,160,56,5,0,439,554,44,7,7,1534,395,103,11,2,1006,1288,79,10,11,562,90,20,7,0,338,415,19,6,6,0
12/29/2020,5209,1008,321,50,4,3547,4435,292,41,44,994,196,61,9,0,616,770,50,7,7,1413,283,84,15,2,1050,1303,95,12,14,611,126,58,8,1,448,563,45,7,7,1605,320,100,9,1,1063,1351,83,10,10,585,82,18,9,0,369,447,18,6,6,0
12/30/2020,4973,1062,318,40,4,3708,4614,294,41,44,968,185,68,4,0,664,819,53,6,7,1395,299,96,16,2,1092,1344,92,13,14,650,156,42,5,0,467,588,45,6,7,1496,330,93,11,1,1107,1404,86,10,11,463,92,19,4,1,378,458,17,6,6,0
12/31/2020,3381,780,288,41,1,3761,4687,295,42,44,663,133,56,4,0,687,847,54,6,6,934,200,91,21,1,1088,1344,92,14,16,386,104,42,3,0,460,585,45,6,6,1010,272,80,10,0,1126,1428,86,9,10,388,71,19,3,0,400,482,18,6,6,0
01/01/2021,1324,790,300,37,4,3800,4753,300,41,44,203,160,63,9,1,694,865,57,7,7,409,168,82,17,2,1097,1352,91,15,16,161,125,36,2,1,461,591,43,6,6,428,260,93,6,0,1145,1457,89,9,10,123,77,26,3,0,403,488,20,5,5,0
01/02/2021,4195,1072,325,56,2,3907,4884,308,44,47,724,189,56,13,0,721,898,59,7,8,1108,275,89,17,1,1110,1367,91,16,17,516,176,52,5,0,473,612,45,5,6,1334,323,99,13,1,1182,1499,91,9,10,512,109,29,8,0,421,507,21,6,6,0
01/03/2021,3448,994,297,38,3,3987,4974,315,44,47,510,178,52,8,1,725,904,61,8,8,1054,264,91,11,0,1130,1392,91,16,17,396,162,38,5,0,485,629,46,5,5,1090,308,101,9,2,1214,1529,96,10,11,398,82,15,5,0,433,519,21,6,6,0
01/04/2021,6573,1412,395,61,3,4158,5174,321,46,49,1249,285,64,9,1,759,948,60,8,8,1892,328,130,24,2,1172,1432,95,17,19,908,236,62,6,0,518,673,47,5,5,1868,417,113,14,0,1262,1580,97,10,11,656,145,26,8,0,446,540,22,6,6,0
01/05/2021,6144,1353,348,66,5,4291,5357,324,48,52,1158,244,70,12,0,782,978,61,8,9,1759,397,97,22,1,1222,1497,97,18,20,886,202,52,9,2,558,723,46,5,5,1825,411,104,18,2,1293,1625,98,12,12,516,99,25,5,0,437,533,23,5,5,0
01/06/2021,5662,1265,379,60,4,4390,5485,333,51,54,1109,226,74,13,2,802,1004,62,10,10,1599,347,106,19,0,1251,1533,98,19,20,757,214,43,2,0,573,747,46,5,5,1672,388,126,20,2,1318,1658,102,13,14,524,90,30,6,0,445,541,24,5,5,0
01/07/2021,5407,1173,356,52,2,4679,5830,343,53,56,972,222,64,4,0,846,1061,63,10,10,1630,336,111,18,0,1350,1652,101,18,19,789,174,33,13,1,630,815,45,6,7,1563,350,120,10,1,1397,1748,108,13,14,453,91,28,7,0,455,554,26,6,6,0
01/08/2021,5296,1097,349,61,3,5246,6442,350,56,59,987,203,64,10,0,958,1179,63,10,10,1456,277,108,14,1,1500,1817,105,18,19,780,168,32,10,1,719,909,45,7,8,1594,375,119,19,1,1564,1931,112,15,16,479,73,26,8,0,505,604,26,7,7,0
01/09/2021,3691,907,321,73,2,5174,6346,349,59,62,681,178,62,16,0,952,1172,64,10,11,1006,265,87,22,2,1485,1801,104,19,19,446,132,35,11,0,709,893,42,8,9,1186,260,109,19,0,1543,1901,113,16,17,372,72,28,5,0,485,579,25,6,6,0
01/10/2021,3199,991,307,52,4,5139,6310,351,61,64,462,207,52,9,1,945,1169,64,10,11,1008,310,83,17,1,1479,1801,103,19,20,363,144,46,3,0,704,886,43,8,8,1022,258,100,19,2,1533,1884,113,17,18,344,72,26,4,0,478,569,27,6,6,0
01/11/2021,5892,1355,402,58,2,5042,6205,352,60,63,1132,272,88,7,0,929,1150,68,10,11,1753,413,120,12,1,1459,1794,102,18,19,844,193,55,6,0,695,870,42,8,8,1693,392,112,31,1,1508,1856,113,19,21,468,85,27,2,0,451,534,27,5,5,0
01/12/2021,5223,1183,381,73,5,4910,6049,356,61,64,994,235,89,9,1,905,1126,70,10,10,1610,336,116,29,3,1437,1764,104,19,20,667,171,50,9,1,664,835,42,8,8,1537,335,98,21,0,1467,1804,112,20,21,415,106,28,5,0,436,521,28,5,5,0
01/13/2021,5165,1226,429,67,2,4839,5972,364,62,65,1040,263,96,4,0,895,1121,74,8,9,1538,334,129,22,1,1429,1753,108,19,20,693,203,60,7,0,655,824,44,8,9,1515,331,113,28,1,1444,1773,110,21,22,379,95,31,6,0,416,501,28,5,5,0
01/14/2021,5252,1141,437,65,5,4817,5945,375,64,67,997,234,81,6,1,899,1126,76,9,9,1555,336,137,22,2,1418,1742,111,20,21,744,185,63,7,1,648,819,49,8,8,1537,295,122,25,1,1441,1761,110,23,24,419,90,34,5,0,411,496,29,5,5,0
01/15/2021,4799,1099,400,63,5,4746,5875,382,64,68,917,231,75,13,0,889,1120,78,9,10,1396,335,128,10,1,1409,1742,114,19,21,654,142,52,12,1,630,797,52,8,8,1477,315,115,19,2,1424,1736,110,23,24,355,76,30,9,1,393,478,29,5,5,0
01/16/2021,3480,925,362,66,3,4716,5847,388,63,67,613,215,70,12,1,879,1116,79,9,9,1072,275,98,20,2,1419,1753,116,19,20,442,130,53,5,0,630,796,54,7,7,1055,246,118,27,0,1405,1715,111,24,25,298,59,23,2,0,383,466,28,5,5,0
01/17/2021,2905,1043,331,56,1,4674,5813,392,64,67,497,198,72,8,0,884,1120,82,8,9,902,334,97,24,1,1404,1741,118,20,21,391,160,53,6,0,634,803,55,7,8,860,286,87,16,0,1382,1696,109,24,25,255,65,22,2,0,370,452,28,4,5,0
01/18/2021,4630,1327,437,74,5,4493,5628,397,66,70,756,269,98,17,0,831,1066,83,10,10,1463,402,134,22,3,1362,1698,120,21,23,597,198,56,9,0,598,768,55,8,8,1436,341,119,20,1,1345,1652,110,22,23,378,116,30,6,1,357,444,28,5,5,0
01/19/2021,5133,1348,384,81,5,4481,5639,397,67,71,1088,260,74,12,0,844,1083,81,10,11,1474,438,112,28,3,1343,1693,119,21,23,715,218,62,11,0,605,782,57,8,8,1520,348,115,24,1,1343,1652,113,23,24,336,83,21,6,1,346,429,27,5,6,0
01/20/2021,4906,1275,361,74,4,4444,5609,387,68,72,1038,249,86,7,2,844,1080,79,11,11,1354,394,94,27,1,1317,1676,114,22,24,725,199,50,8,0,610,786,56,8,9,1434,357,113,25,1,1331,1644,113,22,23,355,75,18,7,0,342,423,25,5,6,0
01/21/2021,4915,1246,416,63,4,4395,5576,384,68,72,959,259,89,11,1,838,1078,81,11,12,1397,354,116,20,3,1294,1656,111,22,24,710,175,66,12,0,605,779,56,9,9,1499,371,120,16,0,1326,1649,112,21,22,350,87,25,4,0,332,413,24,5,6,0
01/22/2021,4695,1235,433,79,6,4381,5580,389,70,74,1047,271,102,12,0,857,1103,84,11,12,1323,354,123,31,6,1284,1648,111,25,27,707,189,56,9,0,612,794,57,9,9,1289,332,123,24,0,1299,1625,114,22,22,328,89,29,3,0,329,411,24,4,5,0
01/23/2021,3278,1035,327,78,7,4352,5567,384,72,77,668,209,77,12,0,865,1110,85,11,12,908,283,91,28,4,1260,1626,110,26,29,460,176,58,9,1,615,803,57,9,9,997,301,81,19,2,1291,1624,108,21,21,245,66,20,10,0,321,404,24,5,6,0
01/24/2021,2840,967,338,67,5,4342,5547,385,74,79,490,197,78,9,0,864,1109,86,11,12,889,263,98,20,3,1258,1614,110,25,28,372,171,51,9,0,612,802,57,10,10,911,276,92,23,1,1298,1630,109,22,22,178,60,19,6,1,310,392,23,6,6,0
01/25/2021,5655,1427,397,65,5,4489,5708,379,72,78,1152,275,102,10,0,920,1166,87,10,11,1713,436,107,19,1,1294,1654,106,25,28,811,233,64,12,1,643,837,58,10,10,1620,393,109,17,2,1324,1664,108,21,22,357,90,15,7,1,307,386,21,6,7,0
01/26/2021,4701,1247,365,79,3,4427,5632,377,72,77,995,283,84,9,0,907,1156,88,10,10,1367,320,91,30,3,1279,1622,103,25,28,688,224,52,12,0,639,834,57,10,10,1371,349,118,26,0,1303,1643,108,21,22,280,70,20,2,0,299,376,21,6,6,0
01/27/2021,4783,1225,422,91,3,4410,5607,385,75,79,969,271,87,12,0,897,1149,88,11,11,1449,373,131,30,1,1292,1633,108,25,28,708,209,56,23,0,637,833,58,12,13,1378,303,123,21,2,1295,1627,109,21,22,279,69,25,5,0,288,364,22,5,6,0
01/28/2021,4669,1177,395,86,4,4374,5562,382,78,83,963,231,107,20,1,898,1146,91,12,12,1405,371,116,16,1,1293,1636,108,25,28,689,191,52,16,2,634,833,56,13,13,1342,325,105,27,0,1273,1598,107,22,23,269,59,15,7,0,277,348,20,6,6,0
01/29/2021,3677,1019,404,88,2,4229,5386,378,79,83,733,239,84,19,0,853,1096,88,13,13,1103,305,124,26,1,1262,1598,108,24,26,528,164,70,9,1,608,803,58,13,14,1079,249,110,28,0,1243,1556,105,23,24,234,62,16,6,0,263,331,19,6,6,0
01/30/2021,2857,835,268,77,5,4169,5297,370,79,83,559,184,59,14,1,837,1077,86,13,14,862,243,72,27,1,1255,1586,106,24,26,356,129,44,9,1,593,782,56,13,14,916,229,75,23,2,1231,1534,105,24,25,163,49,18,4,0,251,317,18,5,6,0
01/31/2021,2887,956,310,74,1,4176,5302,366,80,83,548,202,64,7,0,846,1086,84,13,13,878,261,100,27,0,1254,1584,106,25,26,332,195,41,10,0,587,780,54,13,14,911,242,89,24,1,1231,1530,104,24,25,218,55,16,6,0,257,322,18,5,5,0
02/01/2021,977,558,284,64,1,3507,4510,350,80,83,169,110,82,12,0,705,922,81,13,14,345,170,83,22,0,1058,1350,102,25,26,185,99,38,5,0,498,671,50,12,13,234,157,68,22,1,1033,1298,98,24,25,44,22,13,3,0,212,268,18,5,5,0
02/02/2021,2664,541,399,77,5,3216,4118,355,80,83,435,114,93,13,0,625,818,82,14,14,873,148,136,30,1,988,1255,109,25,26,447,95,59,7,1,464,618,51,11,12,767,150,93,21,3,947,1183,95,24,25,142,33,18,6,0,193,243,17,5,5,0
02/03/2021,5131,1094,447,76,2,3266,4149,358,77,80,1095,248,101,15,0,643,833,84,14,15,1502,311,148,20,0,995,1254,111,24,25,814,209,72,13,0,479,633,54,10,11,1400,262,107,21,2,950,1180,92,24,25,320,64,19,7,0,199,248,16,6,6,0
02/04/2021,4856,1129,424,91,6,3293,4169,362,78,81,1071,260,83,21,1,659,852,81,14,15,1389,307,142,26,4,993,1242,115,25,26,703,199,71,15,0,481,636,56,10,10,1408,293,116,26,1,959,1185,94,24,25,285,70,12,3,0,201,252,16,5,5,0
02/05/2021,4154,1130,444,81,3,3361,4253,368,77,80,955,250,104,14,1,690,886,84,14,14,1240,302,135,32,1,1013,1262,117,26,27,539,219,70,11,0,482,646,56,10,10,1179,287,116,20,1,974,1205,95,22,24,241,72,19,4,0,202,254,16,5,5,0
02/06/2021,3082,874,356,77,5,3393,4290,381,77,80,720,181,82,12,0,713,908,87,13,14,899,256,96,26,1,1018,1269,120,26,27,389,157,63,9,1,487,655,59,10,10,894,226,94,23,3,970,1201,98,22,24,180,54,21,7,0,204,257,17,5,5,0
02/07/2021,1648,734,313,80,2,3216,4082,381,78,81,324,157,81,21,0,681,870,89,15,16,566,219,102,19,2,973,1218,120,25,26,203,132,41,15,0,469,627,59,11,11,454,180,79,22,0,905,1127,96,22,24,101,46,10,3,0,188,239,16,5,5,0
02/08/2021,4433,1176,392,83,3,3710,4664,396,81,84,972,281,99,20,1,796,1009,92,17,17,1345,349,128,24,0,1116,1387,127,25,27,610,175,56,16,1,529,699,62,12,13,1239,299,93,18,1,1049,1291,100,22,23,267,72,16,5,0,219,278,16,5,5,0
02/09/2021,3724,1039,403,71,1,3861,4886,397,80,83,877,225,98,10,0,859,1088,93,16,17,1086,305,107,25,0,1147,1439,123,25,26,519,176,60,12,1,540,721,62,13,13,997,277,114,21,0,1082,1342,103,22,23,245,56,24,3,0,234,296,17,5,5,0
02/10/2021,3778,998,370,79,1,3668,4679,386,80,83,869,191,84,21,0,827,1048,90,17,17,1059,259,121,21,0,1083,1369,119,25,26,568,184,48,9,0,504,682,58,12,13,1009,290,96,23,1,1026,1290,101,22,23,273,73,21,5,0,227,291,18,4,4,0
02/11/2021,3420,927,320,96,2,3463,4445,371,81,83,729,187,66,22,0,778,988,88,17,17,936,299,106,30,1,1019,1303,114,25,26,550,171,51,13,1,483,656,56,12,13,976,219,82,26,0,964,1218,96,22,23,228,51,15,5,0,219,280,18,5,5,0
02/12/2021,3321,854,338,81,3,3344,4287,356,81,83,730,202,79,13,0,746,949,84,17,17,936,240,106,26,3,975,1251,109,24,25,495,138,44,10,0,476,638,52,12,13,928,231,86,26,0,928,1174,92,23,23,231,43,23,6,0,218,274,19,5,5,0
02/13/2021,2203,827,284,81,5,3218,4155,346,82,84,418,167,69,14,0,703,904,82,17,17,669,232,75,25,2,942,1214,106,24,25,278,150,44,12,2,460,621,49,12,13,703,223,88,25,1,901,1146,91,23,23,135,55,8,5,0,211,268,17,5,5,0
02/14/2021,1895,804,253,80,1,3253,4200,337,82,84,370,158,58,13,0,709,911,79,16,16,584,240,85,29,0,945,1220,104,26,27,247,119,34,16,1,467,626,48,13,13,580,228,63,19,0,919,1171,89,23,23,114,59,13,3,0,213,272,17,5,5,0
02/15/2021,2843,709,322,82,5,3026,3906,327,81,84,527,141,70,15,1,646,827,75,15,16,851,205,96,26,4,874,1129,99,26,27,364,88,50,14,0,432,578,47,12,13,867,225,89,22,0,866,1108,88,23,23,233,50,16,5,0,208,264,17,5,5,0
02/16/2021,3724,964,351,85,2,3026,3895,320,83,86,792,201,78,17,0,634,812,72,16,17,1113,293,116,32,1,878,1131,101,27,29,613,161,53,6,0,445,589,46,11,12,1016,242,93,27,1,868,1105,85,24,24,190,67,11,3,0,201,257,15,5,5,0
02/17/2021,3442,1040,290,81,3,2978,3853,308,84,87,775,232,68,25,2,620,804,70,17,17,1011,304,97,23,1,871,1130,97,27,29,545,159,41,5,0,442,583,45,11,11,915,289,76,25,0,855,1092,82,24,25,196,56,8,3,0,190,244,13,4,4,0
02/18/2021,2041,805,266,54,3,2781,3639,301,78,81,382,165,53,8,0,571,751,68,15,15,592,248,80,20,1,822,1074,94,26,28,405,154,37,8,0,421,559,43,10,11,552,205,86,16,2,794,1029,83,23,23,110,33,10,2,0,173,225,13,4,4,0
02/19/2021,3024,995,305,57,2,2739,3617,296,74,77,621,205,76,9,0,555,736,67,14,15,860,315,84,17,1,811,1074,90,25,26,460,161,42,11,0,416,558,43,10,11,857,249,88,20,0,784,1022,83,22,23,226,65,15,0,1,172,227,12,3,3,0
02/20/2021,2496,933,298,69,3,2781,3674,298,73,75,509,201,72,20,2,568,754,68,15,16,681,287,87,19,0,813,1083,92,24,25,349,147,43,9,0,426,567,43,10,10,785,256,87,14,1,796,1038,83,20,21,172,42,9,7,0,177,230,12,3,3,0
02/21/2021,2276,589,276,59,2,2835,3697,301,70,72,358,115,59,18,1,566,746,68,16,17,791,184,85,16,0,843,1105,92,22,23,311,60,36,5,0,435,568,43,8,8,665,201,83,17,1,808,1046,86,20,21,151,29,13,3,0,183,231,12,3,3,0
02/22/2021,3613,981,344,74,0,2945,3846,304,68,71,753,186,82,12,0,599,785,70,16,16,1111,305,115,27,0,880,1156,95,22,23,541,167,54,12,0,461,605,44,8,8,979,259,80,18,0,824,1067,85,20,20,229,64,13,5,0,182,233,11,3,3,0
02/23/2021,3469,1064,334,72,6,2909,3824,302,67,69,726,238,71,18,1,589,781,69,16,17,1076,301,107,20,1,875,1152,94,20,21,536,172,48,12,0,450,595,43,9,9,930,307,96,20,3,812,1064,85,19,20,200,46,12,2,1,183,231,11,3,3,0
02/24/2021,3465,1003,356,79,3,2912,3822,311,66,69,713,188,76,14,0,580,766,70,14,15,1023,306,108,22,2,876,1154,95,20,21,571,184,48,19,0,453,603,44,11,11,941,288,117,16,1,816,1068,91,17,18,217,36,7,8,0,186,231,11,4,4,0
02/25/2021,3478,988,296,74,6,3117,4053,316,69,72,718,210,70,19,0,628,820,72,16,16,1025,303,86,21,3,938,1224,96,20,21,515,157,46,12,0,469,619,45,11,11,958,263,83,19,3,874,1134,91,18,19,262,55,11,3,0,208,256,11,4,4,0
02/26/2021,3241,988,322,71,3,3148,4083,318,71,74,670,220,53,12,0,635,829,69,16,17,953,269,102,15,0,951,1231,99,20,21,517,174,52,17,1,477,629,47,12,12,886,255,102,23,2,878,1139,93,18,20,215,70,13,4,0,207,255,11,5,5,0
02/27/2021,2010,801,234,65,2,3079,3995,309,71,74,374,141,51,8,0,616,801,66,14,15,622,267,64,28,0,943,1219,95,21,22,249,126,33,8,0,463,611,45,12,12,626,230,75,19,2,855,1113,91,19,21,139,36,11,2,0,202,250,11,4,4,0
02/28/2021,2032,890,243,69,3,3044,4003,304,72,75,331,153,54,11,1,612,803,65,13,14,729,282,86,23,1,934,1225,95,22,23,252,140,30,10,1,454,614,44,13,13,571,248,68,23,0,842,1106,89,20,21,149,67,5,2,0,202,255,10,4,4,0
03/01/2021,3720,1185,328,62,2,3059,4048,302,70,74,729,227,75,4,0,609,805,64,12,13,1179,323,89,22,1,944,1237,92,22,23,525,201,50,8,0,452,617,44,12,13,1026,366,99,23,0,848,1128,91,20,22,261,68,15,5,1,206,260,11,4,4,0
03/02/2021,3107,1025,271,54,2,3008,3990,293,68,71,563,198,56,11,1,585,776,62,11,12,936,275,81,15,0,924,1213,88,21,22,495,184,46,5,1,446,613,44,11,12,859,319,68,18,0,838,1119,87,20,21,253,49,20,5,0,214,268,12,4,4,0
03/03/2021,3236,1133,305,72,2,2975,3976,286,67,70,637,228,69,20,0,575,771,61,12,12,954,355,93,15,1,914,1210,86,20,21,521,187,48,16,0,439,606,44,11,11,858,301,82,17,1,826,1109,82,20,21,266,62,13,4,0,221,279,13,4,4,0
03/04/2021,3112,1006,302,62,2,2923,3927,286,65,67,577,186,72,11,0,554,748,61,11,11,934,315,95,15,1,901,1199,87,19,20,495,165,53,10,1,436,604,45,11,11,852,266,71,21,0,811,1095,81,21,21,252,74,11,5,0,219,280,13,4,4,0
03/05/2021,2882,912,260,55,0,2871,3864,278,63,65,553,183,69,8,0,538,726,64,10,11,884,256,73,18,0,891,1187,83,19,20,402,159,34,11,0,420,586,42,10,10,807,253,65,13,0,800,1083,75,19,20,236,61,19,5,0,222,282,13,4,4,0
03/06/2021,2043,701,241,56,1,2876,3855,279,61,63,331,136,44,13,0,532,719,63,11,11,594,183,65,13,1,887,1171,83,17,18,259,130,36,12,0,421,588,42,10,11,687,207,84,15,0,809,1089,77,19,19,172,45,12,3,0,227,288,14,4,4,0
03/07/2021,1874,856,252,61,1,2853,3827,280,60,62,291,142,53,10,0,526,712,63,11,11,598,243,75,22,0,868,1147,82,17,18,237,143,40,10,0,419,586,44,10,11,600,283,69,16,1,813,1098,77,18,18,148,45,15,3,0,227,285,15,4,4,0
03/08/2021,3394,1176,293,71,3,2807,3780,275,62,63,624,203,60,16,0,511,693,60,13,13,1110,351,69,18,2,859,1141,79,17,17,489,185,49,11,1,414,579,44,11,11,911,370,93,19,0,796,1082,76,17,17,260,67,22,7,0,227,284,16,5,5,0
03/09/2021,3324,1089,287,71,1,2838,3820,277,64,65,586,187,64,17,1,514,695,62,14,14,1082,343,73,18,0,879,1172,78,17,18,525,196,47,11,0,418,585,44,12,12,899,308,86,24,0,802,1086,79,18,18,232,55,17,1,0,224,282,16,4,4,0
03/10/2021,3193,1111,281,62,3,2832,3810,274,63,64,562,201,56,17,0,503,680,60,13,13,949,324,91,19,0,879,1167,77,18,18,520,178,38,7,0,418,583,42,10,11,902,327,83,14,3,808,1096,79,17,18,260,81,13,5,0,223,284,16,4,4,0
03/11/2021,3093,1030,295,58,2,2829,3811,273,62,64,535,189,54,15,0,497,675,57,14,14,964,291,101,20,0,883,1167,78,18,19,468,143,43,5,2,414,576,41,10,10,916,330,83,13,0,817,1114,80,16,17,210,76,14,5,0,217,278,16,4,4,0
03/12/2021,3199,899,295,75,1,2874,3855,278,65,67,570,158,58,17,0,500,674,56,15,15,942,260,95,26,0,891,1176,81,19,20,484,138,35,13,0,426,585,41,10,10,958,285,94,18,1,839,1140,85,17,18,245,58,13,1,0,218,279,15,4,4,0
03/13/2021,2172,833,216,63,3,2893,3892,274,66,68,328,164,37,12,1,499,677,55,15,15,628,259,63,22,0,896,1192,81,21,21,285,110,31,7,2,430,586,40,9,10,754,248,81,17,0,849,1156,84,17,18,177,52,4,5,0,219,281,14,4,4,0
03/14/2021,1914,824,248,42,3,2898,3893,274,63,65,249,151,43,9,1,493,672,53,15,15,641,258,79,15,1,902,1200,82,20,20,221,126,30,3,1,427,581,39,8,9,655,237,86,14,0,856,1157,87,17,18,148,52,10,1,0,219,282,13,4,4,0
03/15/2021,3385,1107,289,47,2,2897,3882,273,60,62,569,181,60,8,0,486,661,53,14,14,1056,328,81,17,0,895,1189,83,20,20,451,182,35,12,1,422,575,37,8,9,1084,326,97,5,1,881,1176,87,15,16,225,90,16,5,0,214,280,12,3,3,0
03/16/2021,3186,1006,247,66,1,2877,3850,267,59,61,574,189,43,14,1,484,660,50,13,14,985,302,75,20,0,881,1170,84,20,20,488,180,42,8,0,417,568,36,8,9,926,261,72,18,0,885,1173,85,14,15,213,74,15,6,0,211,280,12,4,4,0
03/17/2021,3161,1140,268,47,1,2873,3850,265,57,59,514,226,44,9,0,477,657,48,12,12,939,312,96,7,0,879,1166,84,18,18,506,221,43,13,0,415,572,37,9,10,936,316,68,14,1,890,1176,83,14,15,266,65,17,4,0,212,279,13,4,4,0
03/18/2021,2908,1000,296,61,1,2846,3819,266,57,59,497,158,59,12,0,472,647,49,12,12,854,262,90,18,0,864,1147,83,18,18,446,205,30,12,0,412,578,35,10,10,880,297,93,16,1,885,1166,84,15,15,231,77,24,3,0,215,282,14,4,4,0
03/19/2021,3036,1034,250,44,1,2823,3815,259,53,55,542,187,52,10,0,468,647,48,11,11,907,308,85,8,0,859,1148,81,15,15,431,175,36,9,1,404,575,35,9,10,889,316,61,15,0,875,1161,80,14,15,267,48,16,2,0,218,284,15,4,4,0
03/20/2021,2155,901,255,50,3,2821,3822,265,51,53,335,136,53,4,0,469,644,51,9,10,661,257,84,16,2,863,1153,84,14,15,267,147,31,9,0,401,578,35,9,10,731,295,70,17,0,872,1164,78,14,15,160,66,17,4,1,216,283,16,4,4,0
03/21/2021,2069,836,253,50,0,2843,3846,265,52,53,289,129,34,7,0,474,647,49,9,9,703,246,84,13,0,872,1160,85,14,14,229,142,29,9,0,403,581,35,10,11,674,261,87,18,0,874,1170,78,15,15,174,58,19,3,0,219,288,18,4,4,0
03/22/2021,3840,1259,321,57,1,2908,3933,270,54,55,640,234,55,16,0,484,664,49,10,10,1204,387,93,21,0,893,1190,87,15,15,569,225,49,6,1,419,604,37,9,10,1108,329,102,11,0,878,1174,79,16,16,318,84,22,3,0,233,300,19,4,4,0
03/23/2021,3211,1121,266,54,0,2911,3953,273,52,53,556,177,57,8,0,482,660,51,9,9,1019,307,87,16,0,898,1195,88,14,14,460,187,32,10,0,415,601,36,10,10,924,382,74,16,0,877,1191,79,15,16,252,68,16,4,0,238,305,19,3,3,0
03/24/2021,3434,1182,279,42,3,2950,3998,274,51,52,582,222,64,5,0,492,669,53,9,9,1036,332,91,13,1,912,1212,88,15,15,518,203,22,4,1,417,601,33,8,9,1013,344,80,16,0,888,1206,81,16,16,285,80,22,4,0,241,310,19,3,3,0
03/25/2021,3744,1233,284,70,3,3070,4151,273,52,54,632,213,51,13,0,511,696,52,9,9,1140,368,101,24,2,953,1268,89,16,17,567,212,31,10,1,434,619,33,8,9,1113,359,80,20,0,922,1248,79,16,16,292,81,21,3,0,250,319,19,3,3,0
03/26/2021,3396,1042,299,64,0,3121,4203,280,55,57,567,177,59,12,0,514,698,53,9,9,994,274,93,23,0,965,1275,90,18,19,493,187,37,5,0,443,629,33,8,8,1034,348,81,18,0,942,1274,82,17,17,308,56,29,6,0,256,326,21,4,4,0
03/27/2021,2205,827,256,54,6,3128,4200,280,56,58,362,138,56,15,0,518,703,54,11,11,628,232,77,16,2,961,1267,89,18,19,263,161,34,10,3,443,631,33,8,9,738,227,75,11,0,943,1265,83,16,16,214,68,14,2,0,263,334,20,4,4,0
03/28/2021,1727,729,196,57,0,3080,4136,272,57,59,249,122,34,10,0,513,696,54,11,11,574,203,59,15,0,942,1243,86,18,19,216,159,19,7,0,441,631,32,7,8,535,194,68,19,0,924,1235,80,16,16,153,51,16,6,0,260,330,20,4,4,0
03/29/2021,3508,1211,273,49,4,3032,4081,265,56,58,616,226,54,14,2,509,691,54,11,11,1032,327,86,12,0,918,1209,85,17,18,473,203,36,6,0,427,615,30,7,8,1077,348,79,16,1,919,1234,77,17,17,310,106,18,1,0,259,332,19,4,4,0
03/30/2021,3143,989,247,41,5,3022,4053,262,54,57,587,176,63,6,1,514,696,54,11,11,939,325,81,14,3,906,1201,84,17,18,458,189,31,2,0,427,615,30,6,7,912,255,57,17,1,917,1214,74,17,17,247,44,15,2,0,258,328,19,3,3,0
03/31/2021,3152,996,275,61,3,2982,3986,261,57,60,499,211,52,7,0,502,682,53,11,11,957,278,89,24,1,895,1182,84,18,19,505,150,28,8,1,425,605,31,7,8,930,281,85,16,1,906,1193,75,17,17,261,75,21,6,0,255,324,19,4,4,0
04/01/2021,2827,848,247,57,0,2851,3800,256,55,57,488,141,51,14,0,481,651,53,11,12,860,250,88,18,0,855,1125,82,17,18,438,154,39,6,0,407,578,32,6,7,815,253,55,16,0,863,1135,71,16,17,226,50,14,3,0,246,310,18,4,4,0
04/02/2021,2584,802,246,55,0,2735,3650,249,53,56,353,151,33,9,0,451,617,49,11,11,842,228,81,23,0,833,1096,80,17,18,378,157,30,7,0,390,558,31,7,7,792,201,83,14,0,828,1080,72,16,16,219,64,19,2,0,233,298,17,3,3,0
04/03/2021,2023,594,219,47,2,2709,3590,243,52,54,310,95,45,8,0,443,603,47,10,10,626,182,66,17,1,833,1089,79,18,18,229,100,28,6,0,385,544,30,6,6,658,178,69,16,0,817,1061,71,16,17,200,38,11,0,0,231,292,16,3,3,0
04/04/2021,1459,608,200,48,1,2671,3535,244,51,53,191,103,44,11,0,435,592,49,10,10,494,177,63,13,0,821,1074,79,17,18,179,91,21,6,1,380,529,30,6,6,453,188,59,15,0,805,1049,70,16,16,142,49,13,3,0,229,290,16,2,2,0
04/05/2021,3243,997,251,53,2,2633,3466,241,52,54,498,169,45,13,1,418,567,48,10,10,1042,292,78,10,1,823,1070,78,17,18,466,177,27,7,0,379,524,29,6,6,952,290,86,18,0,787,1023,71,16,16,285,69,15,5,0,226,281,15,3,3,0
04/06/2021,2982,948,217,47,1,2610,3438,236,53,54,497,185,54,7,0,405,556,46,10,10,932,256,66,17,0,822,1059,76,17,18,455,185,31,4,0,379,523,29,6,7,852,247,60,15,0,779,1013,71,16,16,246,75,6,4,1,226,286,14,3,3,0
04/07/2021,2742,856,207,43,3,2551,3359,227,50,51,459,168,42,5,0,399,544,45,10,10,868,243,67,10,2,809,1042,73,15,16,416,141,20,7,0,366,509,28,6,6,774,239,61,13,1,757,985,68,15,15,225,65,17,8,0,220,279,14,4,4,0
04/08/2021,2543,753,203,54,1,2511,3305,220,50,51,410,155,39,14,0,388,535,43,10,10,806,221,63,20,1,801,1030,69,16,16,326,124,27,7,0,350,489,26,6,6,767,205,63,10,0,750,971,69,14,15,234,47,11,3,0,222,280,13,4,4,0
04/09/2021,2454,764,193,54,5,2492,3281,213,49,52,357,123,41,9,0,389,531,44,10,10,800,228,48,26,2,795,1024,64,16,17,321,125,27,8,1,342,476,26,6,7,725,229,57,10,2,740,965,65,14,14,251,59,20,1,0,226,284,13,3,4,0
04/10/2021,1702,614,181,48,4,2446,3238,207,50,52,231,135,36,6,0,378,526,43,9,9,559,186,54,14,2,786,1015,63,16,17,195,84,26,7,0,337,469,26,7,7,573,153,54,18,2,728,950,63,14,15,144,56,11,3,0,218,278,13,4,4,0
04/11/2021,1287,638,149,52,3,2422,3218,200,50,53,175,124,27,5,1,375,527,41,8,9,449,196,46,21,1,779,1011,60,17,18,143,92,14,7,1,332,464,25,7,7,391,184,54,17,0,719,940,62,14,15,129,42,8,2,0,216,275,13,4,4,0
04/12/2021,2498,833,186,40,0,2315,3088,191,48,51,396,131,36,7,0,361,507,39,8,8,847,271,49,16,0,752,980,56,18,19,326,117,32,5,0,312,436,25,6,7,728,246,58,11,0,687,902,58,13,14,201,68,11,1,0,204,263,12,3,3,0
04/13/2021,2329,748,188,35,2,2222,2966,187,47,49,378,131,31,4,0,344,482,36,7,7,769,245,57,13,0,728,955,55,17,18,334,114,30,5,0,294,408,25,7,7,678,223,59,10,1,662,874,58,13,14,169,34,11,3,0,193,246,13,3,3,0
04/14/2021,2216,659,177,35,3,2147,2863,182,45,48,341,119,33,6,1,327,458,35,7,8,716,190,62,11,0,707,926,54,17,18,315,110,22,6,1,280,389,25,6,7,628,199,49,11,0,641,847,56,12,13,216,40,11,1,0,192,241,12,2,2,0
04/15/2021,1981,624,199,38,4,2067,2764,182,43,46,347,109,42,7,1,318,442,35,6,7,625,193,55,10,1,681,896,53,16,17,277,89,28,7,1,273,377,26,6,7,553,181,60,9,0,611,813,56,12,13,179,51,14,5,0,184,234,12,2,2,0
04/16/2021,1811,641,177,29,6,1975,2654,180,40,43,256,141,30,3,0,303,431,34,5,6,597,187,60,13,1,652,861,55,14,15,221,99,22,2,2,259,359,25,6,6,555,167,50,9,1,587,780,55,12,13,182,45,15,2,0,174,222,12,2,2,0
04/17/2021,1239,476,148,35,1,1909,2569,175,38,40,201,81,25,4,1,299,419,32,5,6,400,162,49,17,0,629,835,54,14,15,124,75,15,5,0,249,348,23,5,6,399,117,50,8,0,562,750,54,11,11,115,41,9,1,0,170,216,11,2,2,0
04/18/2021,1027,506,149,34,2,1872,2513,175,35,38,157,93,29,2,1,297,412,32,5,5,352,136,58,15,0,615,813,56,14,14,125,66,11,8,0,246,342,23,5,6,288,162,42,7,0,547,732,53,9,10,105,48,9,2,0,167,213,11,2,2,0
04/19/2021,1850,635,152,39,4,1779,2392,170,35,38,278,127,25,5,1,280,394,31,4,5,632,202,47,15,1,584,772,55,13,14,226,73,21,4,0,232,321,21,5,6,529,186,48,12,0,519,695,51,9,10,185,45,11,3,0,164,208,11,2,2,0
04/20/2021,1563,513,140,33,2,1670,2249,163,35,38,278,119,29,6,0,265,378,30,5,5,504,149,54,13,1,547,721,55,13,14,219,73,18,2,0,215,299,20,5,5,420,134,32,10,0,482,645,47,9,10,142,37,7,2,0,161,204,11,2,2,11000
04/21/2021,1360,573,96,27,7,1547,2114,152,34,37,193,116,14,0,0,244,357,28,4,4,497,178,31,9,0,515,688,51,13,14,175,70,12,3,0,195,273,18,4,5,369,152,30,15,1,445,602,45,10,10,126,51,9,0,0,148,193,11,2,2,11000
04/22/2021,1318,464,138,33,9,1453,1997,143,33,37,215,90,39,4,0,225,335,27,3,4,472,124,42,14,0,493,656,49,14,14,137,61,9,2,0,175,249,15,4,4,366,149,43,10,1,418,570,42,10,11,126,33,5,3,1,140,183,9,2,2,11000
04/23/2021,1226,431,135,36,9,1369,1883,137,34,39,204,77,25,9,0,218,318,27,4,5,415,142,36,7,0,467,624,45,13,13,120,44,17,6,0,161,227,15,4,4,357,126,47,13,0,390,536,42,11,11,130,33,10,1,0,133,174,9,2,2,11000
04/24/2021,797,341,84,22,8,1306,1801,128,32,38,109,65,20,3,0,205,303,26,4,4,295,97,21,6,1,452,599,41,11,12,78,54,8,4,0,154,217,14,4,4,240,89,27,8,0,367,510,38,11,11,75,29,8,1,0,127,166,8,2,2,11000
04/25/2021,673,277,64,13,11,1255,1717,116,29,36,77,44,16,3,0,193,285,24,4,4,245,79,20,3,0,437,576,36,10,10,57,54,9,2,0,145,206,13,3,3,231,72,18,3,1,359,489,35,10,11,62,18,1,2,0,121,156,7,2,2,11000
04/26/2021,993,363,15,12,9,1133,1556,96,25,33,145,80,8,3,0,174,259,22,4,4,358,112,2,4,0,398,524,29,8,8,133,48,2,1,0,131,189,11,3,3,272,90,3,3,0,322,438,29,9,9,83,24,0,1,0,106,138,6,1,2,11000
