date_of_interest,DEATH_COUNT,PROBABLE_DEATH_COUNT,DEATH_COUNT_7DAY_AVG,ALL_DEATH_COUNT_7DAY_AVG,BX_DEATH_COUNT,BX_PROBABLE_DEATH_COUNT,BX_DEATH_COUNT_7DAY_AVG,BX_ALL_DEATH_COUNT_7DAY_AVG,BK_DEATH_COUNT,BK_PROBABLE_DEATH_COUNT,BK_DEATH_COUNT_7DAY_AVG,BK_ALL_DEATH_COUNT_7DAY_AVG,MN_DEATH_COUNT,MN_PROBABLE_DEATH_COUNT,MN_DEATH_COUNT_7DAY_AVG,MN_ALL_DEATH_COUNT_7DAY_AVG,QN_DEATH_COUNT,QN_PROBABLE_DEATH_COUNT,QN_DEATH_COUNT_7DAY_AVG,QN_ALL_DEATH_COUNT_7DAY_AVG,SI_DEATH_COUNT,SI_PROBABLE_DEATH_COUNT,SI_DEATH_COUNT_7DAY_AVG,SI_ALL_DEATH_COUNT_7DAY_AVG,INCOMPLETE
02/29/2020,0,0,0,0,0,0,0,0,0,0,0,0,0,0,0,0,0,0,0,0,0,0,0,0,
03/01/2020,0,0,0,0,0,0,0,0,0,0,0,0,0,0,0,0,0,0,0,0,0,0,0,0,
03/02/2020,0,0,0,0,0,0,0,0,0,0,0,0,0,0,0,0,0,0,0,0,0,0,0,0,
03/03/2020,0,0,0,0,0,0,0,0,0,0,0,0,0,0,0,0,0,0,0,0,0,0,0,0,
03/04/2020,0,0,0,0,0,0,0,0,0,0,0,0,0,0,0,0,0,0,0,0,0,0,0,0,
03/05/2020,0,0,0,0,0,0,0,0,0,0,0,0,0,0,0,0,0,0,0,0,0,0,0,0,
03/06/2020,0,0,0,0,0,0,0,0,0,0,0,0,0,0,0,0,0,0,0,0,0,0,0,0,
03/07/2020,0,0,0,0,0,0,0,0,0,0,0,0,0,0,0,0,0,0,0,0,0,0,0,0,
03/08/2020,0,0,0,0,0,0,0,0,0,0,0,0,0,0,0,0,0,0,0,0,0,0,0,0,
03/09/2020,0,0,0,0,0,0,0,0,0,0,0,0,0,0,0,0,0,0,0,0,0,0,0,0,
03/10/2020,0,0,0,0,0,0,0,0,0,0,0,0,0,0,0,0,0,0,0,0,0,0,0,0,
03/11/2020,1,0,0,0,0,0,0,0,0,0,0,0,0,0,0,0,1,0,0,0,0,0,0,0,
03/12/2020,0,0,0,0,0,0,0,0,0,0,0,0,0,0,0,0,0,0,0,0,0,0,0,0,
03/13/2020,0,0,0,0,0,0,0,0,0,0,0,0,0,0,0,0,0,0,0,0,0,0,0,0,
03/14/2020,2,1,0,1,0,0,0,0,1,0,0,0,0,1,0,0,1,0,0,0,0,0,0,0,
03/15/2020,4,0,1,1,1,0,0,0,0,0,0,0,2,0,0,0,1,0,0,0,0,0,0,0,
03/16/2020,8,1,2,2,3,0,1,1,1,1,0,0,0,0,0,0,4,0,1,1,0,0,0,0,
03/17/2020,8,4,3,4,1,0,1,1,4,3,1,1,0,0,0,0,3,0,1,1,0,1,0,0,
03/18/2020,20,4,6,7,1,1,1,1,6,2,2,3,4,1,1,1,9,0,3,3,0,0,0,0,
03/19/2020,24,3,9,11,4,3,1,2,6,0,3,3,4,0,1,2,6,0,3,3,4,0,1,1,
03/20/2020,47,3,16,18,13,0,3,4,11,0,4,5,11,1,3,3,9,1,5,5,3,1,1,1,
03/21/2020,44,6,22,25,12,1,5,6,12,2,6,7,5,1,4,4,14,0,7,7,1,2,1,2,
03/22/2020,49,3,29,32,12,0,7,7,10,0,7,8,7,2,4,5,14,0,8,9,6,1,2,3,
03/23/2020,82,14,39,44,12,2,8,9,27,1,11,12,7,3,5,7,28,8,12,13,8,0,3,4,
03/24/2020,95,12,52,58,14,0,10,11,23,5,14,15,17,2,8,9,35,5,16,18,6,0,4,5,
03/25/2020,124,19,66,75,30,4,14,15,37,7,18,20,20,4,10,12,33,4,20,22,4,0,5,5,
03/26/2020,187,40,90,104,38,8,19,21,50,10,24,28,29,4,14,16,60,16,28,32,10,2,5,6,
03/27/2020,217,43,114,134,36,10,22,26,75,12,33,39,41,6,18,21,58,15,35,41,7,0,6,7,
03/28/2020,272,51,147,173,62,12,29,34,77,15,43,50,28,6,21,25,92,17,46,55,13,1,8,8,
03/29/2020,290,62,181,215,55,10,35,42,89,19,54,64,35,11,25,30,94,19,57,69,17,3,9,10,
03/30/2020,323,87,215,260,75,16,44,53,106,27,65,79,34,17,29,36,98,27,67,82,10,0,10,10,
03/31/2020,386,87,257,313,98,16,56,67,127,28,80,97,43,11,33,41,96,31,76,94,22,1,12,13,
04/01/2020,447,102,303,371,93,18,65,78,135,34,94,115,59,14,38,48,144,33,92,114,16,3,14,15,
04/02/2020,499,169,348,434,96,42,74,91,171,52,111,138,62,14,43,54,141,55,103,131,29,6,16,18,
04/03/2020,499,168,388,492,116,32,85,106,144,64,121,155,51,22,45,58,159,46,118,150,29,4,19,22,
04/04/2020,511,188,422,545,106,39,91,116,165,65,134,175,62,27,49,66,158,54,127,165,20,3,20,23,
04/05/2020,578,172,463,602,124,32,101,129,165,59,145,192,86,23,57,75,181,52,140,182,22,6,21,24,
04/06/2020,576,228,499,659,112,38,106,137,169,92,154,210,69,33,62,82,202,57,154,201,24,8,23,28,
04/07/2020,598,218,530,708,115,40,109,143,180,82,161,225,92,29,69,92,184,58,167,218,27,9,24,29,
04/08/2020,568,203,547,739,114,38,112,149,171,78,166,237,66,23,70,94,183,55,173,226,34,9,26,33,
04/09/2020,558,196,555,752,108,36,114,150,188,72,169,242,65,30,70,97,172,49,177,230,25,9,26,33,
04/10/2020,537,186,561,760,116,39,114,151,178,61,174,246,69,23,73,100,155,58,176,231,19,5,24,31,
04/11/2020,544,173,566,762,132,36,117,154,160,58,173,245,60,19,72,98,164,57,177,232,28,3,26,33,
04/12/2020,573,174,565,762,110,35,115,153,201,64,178,251,62,26,69,95,174,42,176,230,26,7,26,33,
04/13/2020,567,185,564,754,122,30,117,153,157,88,176,248,71,15,69,93,192,44,175,227,25,8,26,33,
04/14/2020,507,141,551,730,111,37,116,152,152,47,172,239,59,19,65,87,161,34,172,220,24,4,26,32,
04/15/2020,456,105,535,700,95,30,113,148,133,29,167,227,56,19,63,85,148,21,167,210,24,6,24,30,
04/16/2020,413,137,514,671,86,35,110,145,126,43,158,214,55,15,62,81,132,41,161,203,14,3,23,28,
04/17/2020,384,94,492,636,88,19,106,138,118,37,150,202,41,8,58,75,122,26,156,194,15,4,22,27,
04/18/2020,390,117,470,606,62,24,96,126,116,35,143,192,57,15,57,74,136,37,152,187,19,6,21,26,
04/19/2020,399,88,445,569,79,20,92,120,118,25,131,175,48,17,55,71,135,18,147,178,19,8,20,26,
04/20/2020,362,95,416,527,78,22,86,112,95,30,123,158,49,12,52,67,124,25,137,166,16,6,19,24,
04/21/2020,323,93,390,494,70,18,80,104,92,29,114,147,47,13,50,65,103,28,129,157,11,5,17,22,
04/22/2020,311,83,369,470,67,17,76,98,107,23,110,142,37,17,48,62,86,22,120,148,14,4,15,21,
04/23/2020,330,79,357,450,58,15,72,91,106,25,107,137,47,9,47,60,106,26,116,142,13,4,15,21,
04/24/2020,314,58,347,435,62,14,68,87,93,19,104,130,47,7,47,60,98,15,113,137,14,3,15,20,
04/25/2020,265,52,329,407,57,6,67,83,77,21,98,123,40,6,45,57,82,17,105,126,9,2,14,18,
04/26/2020,245,51,307,380,54,10,64,78,61,20,90,114,34,12,43,54,89,6,98,118,7,3,12,16,
04/27/2020,270,45,294,360,54,10,60,73,86,18,89,111,30,5,40,50,91,9,94,111,9,3,11,14,
04/28/2020,229,31,281,338,56,8,58,70,57,9,84,103,35,4,39,47,73,8,89,104,8,2,11,14,
04/29/2020,237,35,270,320,40,7,54,64,71,12,79,96,32,5,38,45,80,9,88,101,14,2,11,13,
04/30/2020,223,28,255,298,45,6,53,61,65,12,73,89,35,3,36,42,67,6,83,93,11,1,10,13,
05/01/2020,210,38,240,280,45,6,50,58,56,15,68,83,24,5,33,39,77,6,80,89,8,6,9,12,
05/02/2020,189,33,229,266,49,6,49,57,45,14,63,77,22,5,30,36,61,7,77,84,12,1,10,12,
05/03/2020,177,28,219,253,27,5,45,52,45,12,61,74,35,3,30,35,55,7,72,79,15,1,11,13,
05/04/2020,157,34,203,236,33,6,42,48,42,10,54,66,19,10,29,34,55,4,67,74,8,4,11,13,
05/05/2020,151,16,192,222,26,2,38,43,49,7,53,65,18,2,26,31,46,5,63,69,12,0,11,14,
05/06/2020,151,28,180,209,29,9,36,42,38,15,49,61,17,2,24,29,59,2,60,65,8,0,11,12,
05/07/2020,141,18,168,196,28,4,34,39,46,8,46,57,23,2,23,27,40,2,56,61,4,2,10,12,
05/08/2020,131,23,157,182,22,5,31,36,43,5,44,54,13,6,21,25,48,7,52,57,5,0,9,10,
05/09/2020,99,9,144,166,21,0,27,31,28,6,42,51,14,3,20,24,33,0,48,52,3,0,8,9,
05/10/2020,102,12,133,153,12,4,24,29,26,5,39,47,19,2,18,21,37,1,45,48,8,0,7,8,
05/11/2020,103,14,125,143,27,2,24,27,32,8,37,45,14,3,17,20,27,0,41,44,3,1,6,7,
05/12/2020,90,13,117,133,19,2,23,26,33,6,35,43,14,2,16,19,18,3,37,40,6,0,5,6,
05/13/2020,83,8,107,121,16,2,21,23,23,2,33,39,8,2,15,18,30,2,33,35,6,0,5,5,
05/14/2020,70,15,97,110,11,1,18,21,14,4,28,34,16,6,14,17,23,2,31,33,6,2,5,6,
05/15/2020,86,11,90,102,15,1,17,19,27,4,26,31,11,5,14,17,27,1,28,29,6,0,5,6,
05/16/2020,84,18,88,101,27,1,18,20,24,11,26,31,10,2,13,16,21,4,26,28,2,0,5,6,
05/17/2020,77,11,85,98,19,2,19,21,19,4,25,30,11,1,12,15,26,4,25,27,2,0,4,5,
05/18/2020,59,8,78,90,11,0,17,18,17,3,22,27,7,2,11,14,22,3,24,27,2,0,4,5,
05/19/2020,55,9,73,85,12,2,16,17,16,5,20,25,10,0,10,13,12,2,23,26,5,0,4,4,
05/20/2020,79,5,73,84,15,0,16,17,21,2,20,24,12,1,11,13,24,2,22,25,7,0,4,5,
05/21/2020,44,7,69,79,11,3,16,17,15,4,20,25,6,0,10,11,9,0,20,22,3,0,4,4,
05/22/2020,66,11,66,76,13,1,15,17,15,8,18,23,5,1,9,10,28,0,20,22,5,1,4,4,
05/23/2020,60,3,63,71,17,0,14,15,20,2,18,22,7,0,8,9,14,1,19,21,2,0,4,4,
05/24/2020,48,4,59,65,13,0,13,14,12,1,17,20,5,2,7,8,13,1,17,19,5,0,4,4,
05/25/2020,47,5,57,63,8,2,13,14,14,0,16,19,12,1,8,9,11,2,16,17,2,0,4,4,
05/26/2020,36,5,54,60,9,2,12,13,11,1,15,18,6,2,8,9,9,0,15,16,1,0,4,4,
05/27/2020,48,3,50,55,9,0,11,13,10,2,14,16,9,1,7,8,18,0,15,15,2,0,3,3,
05/28/2020,38,4,49,54,12,0,12,12,12,3,13,16,3,0,7,8,10,1,15,15,1,0,3,3,
05/29/2020,43,8,46,50,6,3,11,12,16,2,14,15,5,1,7,8,14,0,13,13,2,2,2,2,
05/30/2020,53,4,45,49,13,1,10,11,10,0,12,13,12,2,7,9,17,1,13,14,1,0,2,2,
05/31/2020,39,3,43,48,6,1,9,10,11,1,12,13,4,1,7,8,16,0,14,14,2,0,2,2,
06/01/2020,34,6,42,46,3,3,8,10,10,1,11,13,3,1,6,7,15,1,14,15,3,0,2,2,
06/02/2020,37,6,42,47,8,0,8,9,6,2,11,12,7,1,6,7,15,2,15,16,1,1,2,2,
06/03/2020,43,3,41,46,11,0,8,10,13,3,11,13,7,0,6,7,9,0,14,14,3,0,2,2,
06/04/2020,33,5,40,45,4,1,7,9,10,2,11,12,8,0,7,7,9,1,14,14,2,1,2,3,
06/05/2020,27,3,38,42,9,0,8,9,6,2,9,11,7,0,7,8,4,1,12,13,1,0,2,2,
06/06/2020,34,2,35,39,12,0,8,8,11,1,10,11,1,0,5,6,10,1,11,12,0,0,2,2,
06/07/2020,25,4,33,37,7,1,8,8,6,1,9,11,1,1,5,5,10,1,10,11,1,0,2,2,
06/08/2020,39,6,34,38,10,0,9,9,13,3,9,11,2,1,5,5,14,2,10,11,0,0,1,1,
06/09/2020,30,3,33,37,6,1,8,9,6,1,9,11,7,0,5,5,9,1,9,10,2,0,1,1,
06/10/2020,32,6,31,36,9,2,8,9,11,3,9,11,1,0,4,4,9,1,9,10,2,0,1,1,
06/11/2020,21,5,30,34,6,0,8,9,4,4,8,10,2,1,3,3,8,0,9,10,1,0,1,1,
06/12/2020,22,4,29,33,4,2,8,9,6,0,8,10,3,1,2,3,9,1,10,11,0,0,1,1,
06/13/2020,15,2,26,31,5,1,7,8,4,1,7,9,3,0,3,3,2,0,9,10,1,0,1,1,
06/14/2020,23,0,26,30,7,0,7,8,6,0,7,9,2,0,3,3,6,0,8,9,2,0,1,1,
06/15/2020,20,0,23,26,5,0,6,7,4,0,6,7,3,0,3,3,6,0,7,7,2,0,1,1,
06/16/2020,16,3,21,24,2,0,5,6,5,1,6,7,2,0,2,3,7,2,7,7,0,0,1,1,
06/17/2020,20,1,20,22,2,0,4,5,6,1,5,6,3,0,3,3,9,0,7,7,0,0,1,1,
06/18/2020,15,1,19,20,1,0,4,4,4,1,5,6,4,0,3,3,5,0,6,7,1,0,1,1,
06/19/2020,15,0,18,19,3,0,4,4,3,0,5,5,4,0,3,3,3,0,5,6,2,0,1,1,
06/20/2020,17,1,18,19,5,0,4,4,3,0,4,5,2,0,3,3,5,1,6,6,2,0,1,1,
06/21/2020,22,0,18,19,5,0,3,3,6,0,4,5,3,0,3,3,7,0,6,6,1,0,1,1,
06/22/2020,18,0,18,18,2,0,3,3,5,0,5,5,1,0,3,3,8,0,6,7,2,0,1,1,
06/23/2020,17,2,18,18,5,0,3,3,4,0,4,5,4,2,3,3,4,0,6,6,0,0,1,1,
06/24/2020,18,0,17,18,2,0,3,3,6,0,4,5,2,0,3,3,7,0,6,6,1,0,1,1,
06/25/2020,15,1,17,18,4,0,4,4,4,0,4,4,2,0,3,3,4,1,5,6,1,0,1,1,
06/26/2020,17,1,18,18,3,0,4,4,3,1,4,5,6,0,3,3,4,0,6,6,1,0,1,1,
06/27/2020,12,4,17,18,1,2,3,3,7,1,5,5,2,0,3,3,1,0,5,5,1,1,1,1,
06/28/2020,11,1,15,17,3,0,3,3,1,1,4,5,3,0,3,3,4,0,5,5,0,0,1,1,
06/29/2020,16,3,15,17,3,0,3,3,4,2,4,5,1,0,3,3,5,1,4,4,3,0,1,1,
06/30/2020,11,0,14,16,2,0,3,3,2,0,4,5,2,0,3,3,5,0,4,5,0,0,1,1,
07/01/2020,9,1,13,15,1,0,2,3,3,1,3,4,1,0,2,2,3,0,4,4,1,0,1,1,
07/02/2020,16,2,13,15,0,1,2,2,3,1,3,4,8,0,3,3,2,0,3,4,3,0,1,1,
07/03/2020,11,1,12,14,5,0,2,3,3,1,3,4,0,0,2,2,3,0,3,3,0,0,1,1,
07/04/2020,5,1,11,13,1,0,2,2,3,0,3,4,0,1,2,2,0,0,3,3,1,0,1,1,
07/05/2020,8,1,11,12,4,0,2,2,1,1,3,4,2,0,2,2,1,0,3,3,0,0,1,1,
07/06/2020,7,4,10,11,2,2,2,3,2,2,2,3,1,0,2,2,2,0,2,2,0,0,1,1,
07/07/2020,6,1,9,10,1,0,2,2,2,0,2,3,2,0,2,2,1,1,2,2,0,0,1,1,
07/08/2020,13,3,9,11,3,2,2,3,2,1,2,3,2,0,2,2,4,0,2,2,2,0,1,1,
07/09/2020,5,0,8,9,1,0,2,3,4,0,2,3,0,0,1,1,0,0,2,2,0,0,0,0,
07/10/2020,5,0,7,8,3,0,2,3,1,0,2,3,0,0,1,1,1,0,1,1,0,0,0,0,
07/11/2020,8,1,7,9,1,0,2,3,2,0,2,3,2,0,1,1,3,1,2,2,0,0,0,0,
07/12/2020,4,3,7,9,0,1,2,2,2,1,2,3,0,0,1,1,2,1,2,2,0,0,0,0,
07/13/2020,13,2,8,9,5,0,2,2,1,1,2,2,3,0,1,1,4,0,2,3,0,1,0,0,
07/14/2020,10,0,8,10,2,0,2,3,4,0,2,3,1,0,1,1,3,0,2,3,0,0,0,0,
07/15/2020,12,2,8,9,2,0,2,2,2,0,2,3,1,1,1,1,7,1,3,3,0,0,0,0,
07/16/2020,6,0,8,9,1,0,2,2,1,0,2,2,1,0,1,1,3,0,3,4,0,0,0,0,
07/17/2020,9,1,9,10,1,0,2,2,0,1,2,2,2,0,1,2,6,0,4,4,0,0,0,0,
07/18/2020,9,2,9,10,1,0,2,2,4,1,2,3,2,1,1,2,2,0,4,4,0,0,0,0,
07/19/2020,7,2,9,11,1,1,2,2,3,1,2,3,3,0,2,2,0,0,4,4,0,0,0,0,
07/20/2020,8,2,9,10,1,1,1,2,4,0,3,3,2,0,2,2,1,1,3,3,0,0,0,0,
07/21/2020,6,0,8,9,2,0,1,2,3,0,2,3,0,0,2,2,1,0,3,3,0,0,0,0,
07/22/2020,6,2,7,9,2,0,1,2,1,0,2,3,0,0,1,2,3,2,2,3,0,0,0,0,
07/23/2020,7,1,7,9,0,0,1,1,3,0,3,3,0,1,1,2,4,0,2,3,0,0,0,0,
07/24/2020,5,0,7,8,1,0,1,1,1,0,3,3,0,0,1,1,2,0,2,2,1,0,0,0,
07/25/2020,10,1,7,8,5,0,2,2,2,0,2,3,1,0,1,1,2,1,2,2,0,0,0,0,
07/26/2020,7,1,7,8,1,0,2,2,4,0,3,3,0,1,0,1,2,0,2,3,0,0,0,0,
07/27/2020,3,0,6,7,1,0,2,2,1,0,2,2,1,0,0,1,0,0,2,2,0,0,0,0,
07/28/2020,12,1,7,8,5,0,2,2,1,0,2,2,2,0,1,1,4,0,2,3,0,1,0,0,
07/29/2020,4,0,7,7,1,0,2,2,1,0,2,2,0,0,1,1,1,0,2,2,1,0,0,0,
07/30/2020,4,1,6,7,1,0,2,2,2,0,2,2,1,0,1,1,0,1,2,2,0,0,0,0,
07/31/2020,3,1,6,7,1,0,2,2,1,0,2,2,0,0,1,1,1,1,1,2,0,0,0,0,
08/01/2020,6,1,6,6,2,0,2,2,3,1,2,2,0,0,1,1,1,0,1,2,0,0,0,0,
08/02/2020,2,0,5,5,0,0,2,2,2,0,2,2,0,0,1,1,0,0,1,1,0,0,0,0,
08/03/2020,2,1,5,5,1,0,2,2,0,0,1,2,0,1,0,1,1,0,1,1,0,0,0,0,
08/04/2020,4,2,4,4,1,0,1,1,1,1,1,2,1,0,0,0,1,1,1,1,0,0,0,0,
08/05/2020,5,1,4,5,0,0,1,1,0,1,1,2,2,0,1,1,3,0,1,1,0,0,0,0,
08/06/2020,5,1,4,5,1,0,1,1,2,1,1,2,1,0,1,1,1,0,1,1,0,0,0,0,
08/07/2020,2,0,4,5,0,0,1,1,0,0,1,2,0,0,1,1,2,0,1,1,0,0,0,0,
08/08/2020,4,0,3,4,0,0,0,0,1,0,1,1,3,0,1,1,0,0,1,1,0,0,0,0,
08/09/2020,3,0,4,4,1,0,1,1,0,0,1,1,0,0,1,1,2,0,1,2,0,0,0,0,
08/10/2020,5,0,4,5,1,0,1,1,1,0,1,1,1,0,1,1,2,0,2,2,0,0,0,0,
08/11/2020,4,1,4,4,0,0,0,0,1,0,1,1,2,1,1,1,1,0,2,2,0,0,0,0,
08/12/2020,1,2,3,4,1,0,1,1,0,0,1,1,0,0,1,1,0,1,1,1,0,1,0,0,
08/13/2020,3,3,3,4,1,1,1,1,2,2,1,1,0,0,1,1,0,0,1,1,0,0,0,0,
08/14/2020,2,1,3,4,1,0,1,1,0,1,1,1,0,0,1,1,0,0,1,1,1,0,0,0,
08/15/2020,4,1,3,4,2,1,1,1,1,0,1,1,1,0,1,1,0,0,1,1,0,0,0,0,
08/16/2020,5,0,3,5,2,0,1,1,1,0,1,1,0,0,1,1,2,0,1,1,0,0,0,0,
08/17/2020,5,0,3,5,0,0,1,1,1,0,1,1,1,0,1,1,2,0,1,1,1,0,0,0,
08/18/2020,1,1,3,4,1,1,1,2,0,0,1,1,0,0,0,0,0,0,1,1,0,0,0,0,
08/19/2020,1,0,3,4,0,0,1,1,1,0,1,1,0,0,0,0,0,0,1,1,0,0,0,0,
08/20/2020,7,0,4,4,3,0,1,2,3,0,1,1,0,0,0,0,1,0,1,1,0,0,0,0,
08/21/2020,3,1,4,4,0,0,1,1,0,1,1,1,0,0,0,0,3,0,1,1,0,0,0,0,
08/22/2020,6,1,4,4,0,0,1,1,2,1,1,1,1,0,0,0,2,0,1,1,1,0,0,0,
08/23/2020,3,0,4,4,2,0,1,1,0,0,1,1,1,0,0,0,0,0,1,1,0,0,0,0,
08/24/2020,8,0,4,5,5,0,2,2,1,0,1,1,1,0,0,0,0,0,1,1,1,0,0,0,
08/25/2020,3,0,4,5,1,0,2,2,2,0,1,2,0,0,0,0,0,0,1,1,0,0,0,0,
08/26/2020,6,1,5,6,1,0,2,2,0,1,1,2,2,0,1,1,3,0,1,1,0,0,0,0,
08/27/2020,1,0,4,5,1,0,1,1,0,0,1,1,0,0,1,1,0,0,1,1,0,0,0,0,
08/28/2020,4,1,4,5,2,0,2,2,0,0,1,1,1,0,1,1,1,1,1,1,0,0,0,0,
08/29/2020,2,2,4,4,1,0,2,2,1,0,1,1,0,2,1,1,0,0,1,1,0,0,0,0,
08/30/2020,4,2,4,5,2,0,2,2,1,0,1,1,0,1,1,1,1,1,1,1,0,0,0,0,
08/31/2020,1,0,3,4,1,0,1,1,0,0,1,1,0,0,0,1,0,0,1,1,0,0,0,0,
09/01/2020,3,0,3,4,1,0,1,1,0,0,0,0,0,0,0,1,1,0,1,1,1,0,0,0,
09/02/2020,4,1,3,4,0,0,1,1,2,1,1,1,1,0,0,1,1,0,1,1,0,0,0,0,
09/03/2020,3,1,3,4,1,0,1,1,2,1,1,1,0,0,0,1,0,0,1,1,0,0,0,0,
09/04/2020,5,0,3,4,1,0,1,1,1,0,1,1,1,0,0,1,2,0,1,1,0,0,0,0,
09/05/2020,3,0,3,4,0,0,1,1,3,0,1,2,0,0,0,0,0,0,1,1,0,0,0,0,
09/06/2020,7,0,4,4,2,0,1,1,2,0,1,2,1,0,0,0,2,0,1,1,0,0,0,0,
09/07/2020,0,0,4,4,0,0,1,1,0,0,1,2,0,0,0,0,0,0,1,1,0,0,0,0,
09/08/2020,2,0,3,4,1,0,1,1,1,0,2,2,0,0,0,0,0,0,1,1,0,0,0,0,
09/09/2020,2,0,3,3,1,0,1,1,0,0,1,1,0,0,0,0,1,0,1,1,0,0,0,0,
09/10/2020,3,1,3,3,1,0,1,1,1,1,1,1,0,0,0,0,1,0,1,1,0,0,0,0,
09/11/2020,4,1,3,3,2,1,1,1,2,0,1,1,0,0,0,0,0,0,1,1,0,0,0,0,
09/12/2020,4,0,3,3,1,0,1,1,0,0,1,1,0,0,0,0,3,0,1,1,0,0,0,0,
09/13/2020,3,0,3,3,0,0,1,1,2,0,1,1,0,0,0,0,1,0,1,1,0,0,0,0,
09/14/2020,5,0,3,4,1,0,1,1,2,0,1,1,0,0,0,0,2,0,1,1,0,0,0,0,
09/15/2020,3,1,3,4,2,0,1,1,0,0,1,1,0,1,0,0,1,0,1,1,0,0,0,0,
09/16/2020,6,0,4,4,1,0,1,1,0,0,1,1,1,0,0,0,3,0,2,2,1,0,0,0,
09/17/2020,4,0,4,4,1,0,1,1,1,0,1,1,0,0,0,0,2,0,2,2,0,0,0,0,
09/18/2020,3,0,4,4,1,0,1,1,2,0,1,1,0,0,0,0,0,0,2,2,0,0,0,0,
09/19/2020,5,0,4,4,1,0,1,1,2,0,1,1,1,0,0,0,1,0,1,1,0,0,0,0,
09/20/2020,5,0,4,5,0,0,1,1,3,0,1,1,1,0,0,1,1,0,1,1,0,0,0,0,
09/21/2020,3,0,4,4,1,0,1,1,1,0,1,1,1,0,1,1,0,0,1,1,0,0,0,0,
09/22/2020,3,1,4,4,0,0,1,1,3,1,2,2,0,0,1,1,0,0,1,1,0,0,0,0,
09/23/2020,4,1,4,4,1,0,1,1,1,0,2,2,1,1,1,1,0,0,1,1,1,0,0,0,
09/24/2020,3,1,4,4,0,0,1,1,1,0,2,2,2,1,1,1,0,0,0,0,0,0,0,0,
09/25/2020,5,0,4,4,2,0,1,1,1,0,2,2,1,0,1,1,1,0,0,0,0,0,0,0,
09/26/2020,5,0,4,4,3,0,1,1,1,0,2,2,0,0,1,1,1,0,0,0,0,0,0,0,
09/27/2020,2,2,4,4,0,0,1,1,2,0,1,2,0,2,1,1,0,0,0,0,0,0,0,0,
09/28/2020,3,2,4,5,1,0,1,1,1,1,1,2,0,0,1,1,1,1,0,1,0,0,0,0,
09/29/2020,6,0,4,5,2,0,1,1,2,0,1,1,0,0,1,1,2,0,1,1,0,0,0,0,
09/30/2020,8,1,5,5,2,0,1,1,4,1,2,2,1,0,1,1,0,0,1,1,1,0,0,0,
10/01/2020,5,1,5,6,0,0,1,1,1,1,2,2,0,0,0,1,4,0,1,1,0,0,0,0,
10/02/2020,3,0,5,5,0,0,1,1,1,0,2,2,0,0,0,0,2,0,1,2,0,0,0,0,
10/03/2020,5,1,5,6,1,0,1,1,1,1,2,2,0,0,0,0,2,0,2,2,1,0,0,0,
10/04/2020,7,0,5,6,0,0,1,1,3,0,2,2,0,0,0,0,3,0,2,2,1,0,0,0,
10/05/2020,0,0,5,5,0,0,1,1,0,0,2,2,0,0,0,0,0,0,2,2,0,0,0,0,
10/06/2020,3,1,4,5,0,0,0,0,2,1,2,2,0,0,0,0,1,0,2,2,0,0,0,0,
10/07/2020,4,0,4,4,1,0,0,0,1,0,1,2,1,0,0,0,1,0,2,2,0,0,0,0,
10/08/2020,5,1,4,4,0,0,0,0,3,1,2,2,0,0,0,0,2,0,2,2,0,0,0,0,
10/09/2020,2,0,4,4,1,0,0,0,0,0,1,2,0,0,0,0,1,0,1,1,0,0,0,0,
10/10/2020,4,0,4,4,1,0,0,0,0,0,1,2,0,0,0,0,2,0,1,1,1,0,0,0,
10/11/2020,7,0,4,4,2,0,1,1,2,0,1,1,2,0,0,0,1,0,1,1,0,0,0,0,
10/12/2020,8,0,5,5,1,0,1,1,1,0,1,2,4,0,1,1,1,0,1,1,1,0,0,0,
10/13/2020,5,0,5,5,0,0,1,1,3,0,1,2,0,0,1,1,2,0,1,1,0,0,0,0,
10/14/2020,6,2,5,6,2,0,1,1,3,1,2,2,0,0,1,1,1,0,1,1,0,1,0,0,
10/15/2020,8,0,6,6,1,0,1,1,2,0,2,2,2,0,1,1,3,0,2,2,0,0,0,0,
10/16/2020,7,1,6,7,1,0,1,1,3,0,2,2,2,0,1,1,1,0,2,2,0,1,0,1,
10/17/2020,5,0,7,7,1,0,1,1,3,0,2,3,0,0,1,1,1,0,1,1,0,0,0,0,
10/18/2020,4,0,6,7,2,0,1,1,1,0,2,2,0,0,1,1,0,0,1,1,1,0,0,1,
10/19/2020,7,1,6,7,0,0,1,1,6,1,3,3,0,0,1,1,0,0,1,1,1,0,0,1,
10/20/2020,5,0,6,7,0,0,1,1,2,0,3,3,0,0,1,1,3,0,1,1,0,0,0,1,
10/21/2020,5,0,6,6,0,0,1,1,3,0,3,3,1,0,1,1,0,0,1,1,1,0,0,1,
10/22/2020,3,0,5,5,0,0,1,1,2,0,3,3,0,0,0,0,1,0,1,1,0,0,0,1,
10/23/2020,5,1,5,5,1,0,1,1,1,0,3,3,1,1,0,0,1,0,1,1,1,0,1,1,
10/24/2020,1,1,4,5,0,0,0,0,0,1,2,2,0,0,0,0,1,0,1,1,0,0,1,1,
10/25/2020,9,0,5,5,2,0,0,0,3,0,2,3,2,0,1,1,1,0,1,1,1,0,1,1,
10/26/2020,4,1,5,5,0,0,0,0,2,1,2,2,1,0,1,1,1,0,1,1,0,0,0,0,
10/27/2020,9,0,5,6,3,0,1,1,3,0,2,2,2,0,1,1,1,0,1,1,0,0,0,0,
10/28/2020,4,1,5,6,0,0,1,1,3,0,2,2,0,0,1,1,0,1,1,1,1,0,0,0,
10/29/2020,4,0,5,6,0,0,1,1,2,0,2,2,1,0,1,1,1,0,1,1,0,0,0,0,
10/30/2020,10,0,6,6,1,0,1,1,4,0,2,3,2,0,1,1,1,0,1,1,2,0,1,1,
10/31/2020,4,0,6,7,0,0,1,1,2,0,3,3,0,0,1,1,2,0,1,1,0,0,1,1,
11/01/2020,12,0,7,7,0,0,1,1,9,0,4,4,0,0,1,1,2,0,1,1,1,0,1,1,
11/02/2020,10,0,8,8,1,0,1,1,7,0,4,4,1,0,1,1,1,0,1,1,0,0,1,1,
11/03/2020,12,3,8,9,2,0,1,1,6,2,5,5,2,0,1,1,2,1,1,2,0,0,1,1,
11/04/2020,9,0,9,9,0,0,1,1,7,0,5,6,0,0,1,1,1,0,1,2,1,0,1,1,
11/05/2020,9,1,9,10,3,1,1,1,4,0,6,6,0,0,1,1,2,0,2,2,0,0,1,1,
11/06/2020,10,1,9,10,4,0,1,2,2,0,5,6,0,0,0,0,3,1,2,2,1,0,0,0,
11/07/2020,13,0,11,11,1,0,2,2,5,0,6,6,2,0,1,1,4,0,2,2,1,0,1,1,
11/08/2020,8,1,10,11,2,0,2,2,3,1,5,5,0,0,1,1,2,0,2,2,1,0,1,1,
11/09/2020,5,1,9,10,0,0,2,2,1,0,4,4,0,1,1,1,4,0,3,3,0,0,1,1,
11/10/2020,7,0,9,9,2,0,2,2,2,0,3,4,2,0,1,1,1,0,2,3,0,0,1,1,
11/11/2020,9,0,9,9,1,0,2,2,2,0,3,3,3,0,1,1,2,0,3,3,1,0,1,1,
11/12/2020,16,0,10,10,4,0,2,2,6,0,3,3,2,0,1,1,2,0,3,3,2,0,1,1,
11/13/2020,6,0,9,9,1,0,2,2,2,0,3,3,1,0,1,2,1,0,2,2,1,0,1,1,
11/14/2020,9,2,9,9,1,1,2,2,5,1,3,3,1,0,1,1,1,0,2,2,1,0,1,1,
11/15/2020,14,0,9,10,2,0,2,2,6,0,3,4,1,0,1,2,1,0,2,2,4,0,1,1,
11/16/2020,8,0,10,10,0,0,2,2,1,0,3,4,4,0,2,2,1,0,1,1,2,0,2,2,
11/17/2020,10,0,10,11,1,0,1,2,3,0,4,4,0,0,2,2,4,0,2,2,2,0,2,2,
11/18/2020,10,2,10,11,0,0,1,1,4,0,4,4,0,0,1,1,4,2,2,2,2,0,2,2,
11/19/2020,9,1,9,10,1,0,1,1,6,0,4,4,1,0,1,1,1,1,2,2,0,0,2,2,
11/20/2020,7,3,10,11,2,0,1,1,2,1,4,4,0,1,1,1,2,1,2,3,1,0,2,2,
11/21/2020,11,0,10,11,1,0,1,1,3,0,4,4,3,0,1,1,0,0,2,2,4,0,2,2,
11/22/2020,10,0,9,10,4,0,1,1,1,0,3,3,0,0,1,1,4,0,2,3,1,0,2,2,
11/23/2020,13,1,10,11,0,1,1,1,7,0,4,4,1,0,1,1,4,0,3,3,1,0,2,2,
11/24/2020,16,2,11,12,2,1,1,2,2,0,4,4,5,1,1,2,4,0,3,3,3,0,2,2,
11/25/2020,13,0,11,12,2,0,2,2,4,0,4,4,2,0,2,2,1,0,2,3,4,0,2,2,
11/26/2020,7,1,11,12,1,0,2,2,3,1,3,3,1,0,2,2,0,0,2,2,2,0,2,2,
11/27/2020,15,2,12,13,1,0,2,2,3,1,3,4,2,0,2,2,4,0,2,2,5,1,3,3,
11/28/2020,13,1,12,13,4,1,2,2,3,0,3,4,3,0,2,2,2,0,3,3,1,0,2,3,
11/29/2020,15,0,13,14,3,0,2,2,3,0,4,4,1,0,2,2,4,0,3,3,4,0,3,3,
11/30/2020,18,2,14,15,5,0,3,3,4,0,3,3,1,0,2,2,6,1,3,3,2,1,3,3,
12/01/2020,20,2,14,16,1,0,2,3,3,1,3,4,2,0,2,2,5,0,3,3,9,1,4,4,
12/02/2020,27,0,16,18,5,0,3,3,10,0,4,5,2,0,2,2,6,0,4,4,4,0,4,4,
12/03/2020,18,2,18,19,0,0,3,3,4,0,4,5,7,2,3,3,4,0,4,5,3,0,4,4,
12/04/2020,26,2,20,21,5,0,3,3,6,1,5,5,2,0,3,3,7,0,5,5,6,1,4,5,
12/05/2020,23,1,21,22,3,0,3,3,6,1,5,6,2,0,2,3,8,0,6,6,4,0,5,5,
12/06/2020,21,0,22,23,2,0,3,3,4,0,5,6,2,0,3,3,11,0,7,7,2,0,4,5,
12/07/2020,19,1,22,23,2,0,3,3,7,1,6,6,2,0,3,3,6,0,7,7,2,0,4,5,
12/08/2020,22,1,22,23,4,0,3,3,8,1,6,7,1,0,3,3,5,0,7,7,4,0,4,4,
12/09/2020,27,2,22,24,4,1,3,3,9,1,6,7,2,0,3,3,7,0,7,7,5,0,4,4,
12/10/2020,25,3,23,25,7,1,4,4,2,1,6,7,5,1,2,2,9,0,8,8,2,0,4,4,
12/11/2020,30,1,24,25,3,1,4,4,8,0,6,7,2,0,2,2,10,0,8,8,7,0,4,4,
12/12/2020,33,1,25,27,5,0,4,4,9,0,7,7,2,1,2,3,9,0,8,8,8,0,4,4,
12/13/2020,26,5,26,28,4,1,4,5,5,1,7,8,7,1,3,3,4,1,7,7,6,1,5,5,
12/14/2020,30,0,28,29,4,0,4,5,6,0,7,7,3,0,3,4,13,0,8,8,4,0,5,5,
12/15/2020,32,2,29,31,2,0,4,5,11,1,7,8,4,0,4,4,9,0,9,9,6,1,5,6,
12/16/2020,40,2,31,33,8,0,5,5,15,2,8,9,4,0,4,4,9,0,9,9,4,0,5,6,
12/17/2020,35,3,32,34,7,0,5,5,7,1,9,9,6,1,4,4,10,1,9,9,5,0,6,6,
12/18/2020,39,1,34,36,7,0,5,5,13,0,9,10,3,0,4,5,12,0,9,10,4,1,5,6,
12/19/2020,30,3,33,35,5,0,5,5,9,3,9,11,4,0,4,5,8,0,9,10,4,0,5,5,
12/20/2020,30,4,34,36,4,1,5,5,5,1,9,11,7,0,4,5,7,0,10,10,7,2,5,5,
12/21/2020,41,4,35,38,5,0,5,6,7,1,10,11,10,1,5,6,16,2,10,11,3,0,5,5,
12/22/2020,53,2,38,41,8,0,6,6,16,0,10,11,7,1,6,6,12,1,11,11,10,0,5,6,
12/23/2020,39,3,38,41,7,1,6,6,13,2,10,11,7,0,6,7,7,0,10,11,5,0,5,6,
12/24/2020,39,2,39,41,6,0,6,6,9,1,10,11,5,0,6,6,15,0,11,11,4,1,5,6,
12/25/2020,39,2,39,42,6,0,6,6,12,2,10,12,6,0,7,7,8,0,10,11,7,0,6,6,
12/26/2020,37,2,40,42,8,0,6,7,9,2,10,11,7,0,7,7,11,0,11,11,2,0,5,6,
12/27/2020,45,1,42,44,4,0,6,6,16,0,12,13,9,1,7,8,7,0,11,11,9,0,6,6,
12/28/2020,43,3,42,44,8,1,7,7,13,0,13,14,4,0,6,7,11,1,10,10,7,1,6,7,
12/29/2020,49,4,42,44,9,0,7,7,14,2,12,14,8,1,7,7,9,1,10,10,9,0,6,6,
12/30/2020,40,4,42,44,4,0,6,7,16,2,13,14,5,0,6,7,11,1,10,11,4,1,6,6,
12/31/2020,41,1,42,44,4,0,6,6,21,1,14,16,3,0,6,6,10,0,10,10,3,0,6,6,
01/01/2021,35,4,41,44,9,1,7,7,16,2,15,16,2,1,5,6,5,0,9,10,3,0,5,6,
01/02/2021,57,2,44,47,13,0,7,8,18,1,16,17,5,0,5,6,13,1,9,10,8,0,6,6,
01/03/2021,39,2,43,46,8,1,8,8,11,0,16,17,5,0,5,5,10,1,10,11,5,0,6,6,
01/04/2021,61,3,46,49,9,1,8,8,24,2,17,19,6,0,5,5,14,0,10,11,8,0,6,6,
01/05/2021,66,5,48,51,12,0,8,9,22,1,18,20,9,2,5,5,18,2,12,12,5,0,5,5,
01/06/2021,59,5,51,54,12,3,10,10,19,0,19,20,2,0,5,5,20,2,13,14,6,0,5,5,
01/07/2021,52,2,53,56,4,0,10,10,18,0,18,19,13,1,6,7,10,1,13,14,7,0,6,6,
01/08/2021,60,3,56,59,9,0,10,10,15,1,18,19,9,1,7,8,19,1,15,16,8,0,7,7,
01/09/2021,70,2,58,61,16,0,10,11,20,2,18,19,11,0,8,8,19,0,16,17,4,0,6,6,
01/10/2021,52,4,60,63,9,1,10,11,17,1,19,20,3,0,8,8,19,2,17,18,4,0,6,6,
01/11/2021,58,3,60,63,8,0,10,11,12,1,18,18,6,0,8,8,30,2,19,21,2,0,5,5,
01/12/2021,73,5,61,64,8,1,9,10,30,3,19,20,9,1,8,8,21,0,20,21,5,0,5,5,
01/13/2021,67,3,62,65,4,0,8,9,22,1,19,20,7,0,8,9,28,2,21,22,6,0,5,5,
01/14/2021,65,5,64,67,6,1,9,9,22,2,20,21,7,0,7,8,25,1,23,24,5,1,5,5,
01/15/2021,62,6,64,68,12,0,9,9,10,1,19,21,12,2,8,8,19,2,23,24,9,1,5,5,
01/16/2021,66,3,63,67,12,1,8,9,20,2,19,21,5,0,7,7,27,0,24,25,2,0,5,5,
01/17/2021,55,1,64,67,7,0,8,9,24,1,20,22,6,0,7,8,16,0,24,25,2,0,4,5,
01/18/2021,73,5,66,70,17,0,9,10,22,3,21,23,8,0,8,8,20,1,22,23,6,1,5,5,
01/19/2021,82,5,67,71,11,0,10,10,28,3,21,23,11,0,8,8,26,1,23,24,6,1,5,6,
01/20/2021,74,4,68,72,6,2,10,11,27,1,22,24,9,0,8,9,25,1,23,23,7,0,5,6,
01/21/2021,63,4,68,72,11,1,11,11,20,3,22,24,12,0,9,9,16,0,21,22,4,0,5,6,
01/22/2021,79,7,70,74,11,1,11,11,31,6,25,27,9,0,9,9,24,0,22,22,4,0,4,5,
01/23/2021,78,7,72,77,12,0,11,11,28,4,26,29,9,1,9,9,19,2,21,22,10,0,6,6,
01/24/2021,68,5,74,79,9,0,11,12,20,3,25,28,9,0,10,10,23,1,22,23,7,1,6,7,
01/25/2021,65,5,73,78,10,0,10,11,19,1,25,28,12,1,10,10,17,2,21,22,7,1,6,7,
01/26/2021,79,4,72,77,9,1,10,10,30,3,25,28,12,0,10,11,26,0,21,22,2,0,6,6,
01/27/2021,90,3,75,80,11,0,10,11,30,1,25,28,23,0,12,13,21,2,21,22,5,0,6,6,
01/28/2021,86,4,78,83,20,1,12,12,16,1,25,28,16,2,13,13,27,0,22,23,7,0,6,6,
01/29/2021,88,2,79,83,19,0,13,13,26,1,24,26,9,1,13,14,28,0,23,24,6,0,6,7,
01/30/2021,79,5,79,83,14,2,13,14,27,1,24,26,9,0,13,13,25,2,24,25,4,0,5,6,
01/31/2021,73,2,80,84,7,1,13,14,27,0,25,26,9,0,13,13,24,1,24,25,6,0,5,5,
02/01/2021,64,1,80,83,12,0,13,14,22,0,25,26,5,0,12,12,22,1,25,26,3,0,5,5,
02/02/2021,77,6,80,83,13,1,14,14,30,1,25,26,7,1,11,12,21,3,24,25,6,0,5,5,
02/03/2021,76,2,78,81,15,0,14,15,19,0,24,24,14,0,10,10,21,2,24,25,7,0,6,6,
02/04/2021,90,6,78,82,20,1,14,15,26,4,25,26,15,0,10,10,26,1,24,25,3,0,5,5,
02/05/2021,81,3,77,81,13,1,13,14,32,1,26,27,12,0,10,10,20,1,23,24,4,0,5,5,
02/06/2021,77,4,77,80,12,0,13,14,26,1,26,27,9,1,10,10,23,2,22,24,7,0,5,5,
02/07/2021,78,2,78,81,20,0,15,15,18,2,25,26,15,0,11,11,22,0,22,24,3,0,5,5,
02/08/2021,81,4,80,84,19,1,16,17,23,0,25,26,16,1,13,13,18,2,22,23,5,0,5,5,
02/09/2021,71,1,79,82,10,0,16,16,25,0,24,25,12,1,13,14,21,0,22,23,3,0,5,5,
02/10/2021,78,1,79,82,21,0,16,17,20,0,24,25,9,0,13,13,23,1,22,23,5,0,4,4,
02/11/2021,96,2,80,83,22,0,17,17,30,1,25,26,13,1,12,13,26,0,22,23,5,0,5,5,
02/12/2021,81,3,80,83,13,0,17,17,26,3,24,25,10,0,12,13,27,0,23,24,5,0,5,5,
02/13/2021,82,4,81,83,14,0,17,17,25,2,24,25,13,1,13,13,25,1,23,24,5,0,4,4,
02/14/2021,80,1,81,84,13,0,16,16,29,0,25,26,16,1,13,13,19,0,23,23,3,0,4,4,
02/15/2021,82,3,81,84,15,1,15,16,28,2,26,27,13,0,12,13,22,0,23,24,4,0,4,4,
02/16/2021,85,1,83,86,17,0,16,17,33,0,27,28,6,0,11,12,26,1,24,24,3,0,4,4,
02/17/2021,80,4,84,86,24,2,17,17,23,1,28,29,5,1,11,11,25,0,24,25,3,0,4,4,
02/18/2021,54,3,78,80,8,0,15,15,20,1,26,28,8,0,10,11,16,2,23,23,2,0,4,4,
02/19/2021,57,3,74,77,9,0,14,15,17,1,25,26,11,0,10,11,20,1,22,23,0,1,3,3,
02/20/2021,69,4,72,75,20,3,15,16,19,0,24,25,9,0,10,10,14,1,20,21,7,0,3,3,
02/21/2021,59,1,69,72,19,0,16,17,15,0,22,23,5,0,8,8,17,1,20,21,3,0,3,3,
02/22/2021,74,0,68,71,12,0,16,16,27,0,22,22,12,0,8,8,18,0,19,20,5,0,3,3,
02/23/2021,73,6,67,70,18,1,16,17,20,1,20,21,12,0,9,9,20,4,19,20,3,0,3,3,
02/24/2021,79,4,66,69,14,1,14,15,22,2,20,21,19,0,11,11,16,1,17,19,8,0,4,4,
02/25/2021,72,7,69,73,18,0,16,16,21,3,20,21,12,0,11,11,18,4,18,19,3,0,4,4,
02/26/2021,71,5,71,75,12,1,16,17,15,0,20,21,18,1,12,13,22,2,18,20,4,1,5,5,
02/27/2021,65,2,70,74,8,0,14,15,28,0,21,22,8,0,12,12,19,2,19,21,2,0,4,4,
02/28/2021,69,3,72,76,11,1,13,14,23,1,22,23,10,1,13,13,23,0,19,21,2,0,4,4,
03/01/2021,62,2,70,74,4,0,12,13,22,1,22,23,8,0,12,13,23,0,20,22,5,1,4,4,
03/02/2021,53,2,67,71,10,1,11,12,15,0,21,22,5,1,11,12,18,0,20,21,5,0,4,4,
03/03/2021,71,3,66,70,20,0,12,12,14,2,20,21,16,0,11,11,17,1,20,21,4,0,4,4,
03/04/2021,60,2,64,67,10,0,11,11,14,1,19,19,10,1,11,11,21,0,20,21,5,0,4,4,
03/05/2021,54,0,62,64,8,0,10,10,18,0,19,20,11,0,10,10,12,0,19,19,5,0,4,4,
03/06/2021,56,0,61,62,13,0,11,11,13,0,17,18,12,0,10,11,15,0,18,19,3,0,4,4,
03/07/2021,60,1,59,61,10,0,11,11,22,0,17,17,9,0,10,10,16,1,17,18,3,0,4,4,
03/08/2021,67,3,60,62,14,0,12,12,16,2,16,17,11,1,11,11,19,0,17,17,7,0,5,5,
03/09/2021,71,1,63,64,17,1,13,13,18,0,16,17,11,0,11,12,24,0,18,18,1,0,4,4,
03/10/2021,62,3,61,63,17,0,13,13,19,0,17,18,7,0,10,10,15,3,17,18,4,0,4,4,
03/11/2021,56,2,61,62,13,0,13,13,20,0,18,18,5,2,9,10,13,0,16,17,5,0,4,4,
03/12/2021,72,1,63,65,15,0,14,14,26,0,19,19,13,0,10,10,17,1,17,18,1,0,3,3,
03/13/2021,62,3,64,66,11,1,14,14,22,0,20,21,7,2,9,10,17,0,17,18,5,0,4,4,
03/14/2021,40,4,61,64,8,1,14,14,15,1,19,20,3,2,8,9,13,0,17,17,1,0,3,3,
03/15/2021,44,3,58,61,6,0,12,13,17,0,20,20,12,1,8,9,5,2,15,16,4,0,3,3,
03/16/2021,64,1,57,60,14,1,12,12,19,0,20,20,8,0,8,9,18,0,14,15,5,0,4,4,
03/17/2021,45,1,55,57,8,0,11,11,8,0,18,18,12,0,9,10,13,1,14,14,4,0,4,4,
03/18/2021,59,1,55,57,11,0,10,11,17,0,18,18,12,0,10,10,16,1,14,15,3,0,3,3,
03/19/2021,45,2,51,53,10,0,10,10,8,1,15,15,9,1,9,10,15,0,14,14,3,0,4,4,
03/20/2021,49,3,49,52,4,0,9,9,16,2,14,15,9,0,9,10,16,0,14,14,4,1,3,4,
03/21/2021,50,1,51,53,7,0,9,9,13,0,14,14,9,0,10,10,18,1,14,15,3,0,4,4,
03/22/2021,54,1,52,54,15,0,10,10,19,0,14,15,6,1,9,10,11,0,15,16,3,0,4,4,
03/23/2021,54,0,51,52,8,0,9,9,16,0,14,14,10,0,10,10,16,0,15,15,4,0,3,4,
03/24/2021,41,1,50,52,5,0,9,9,13,1,15,15,4,0,8,9,15,0,15,16,4,0,3,4,
03/25/2021,70,3,52,53,13,0,9,9,24,2,16,16,10,1,8,9,20,0,16,16,3,0,3,4,
03/26/2021,64,0,55,56,12,0,9,9,23,0,18,18,5,0,8,8,18,0,16,16,6,0,4,4,
03/27/2021,52,6,55,57,15,0,11,11,17,2,18,19,9,3,8,8,9,1,15,16,2,0,4,4,
03/28/2021,57,0,56,58,10,0,11,11,15,0,18,19,7,0,7,8,19,0,15,16,6,0,4,4,
03/29/2021,48,3,55,57,14,2,11,11,12,0,17,18,6,0,7,8,15,1,16,16,1,0,4,4,
03/30/2021,42,4,53,56,6,1,11,11,15,2,17,18,2,0,6,7,17,1,16,17,2,0,3,3,
03/31/2021,61,3,56,59,7,0,11,11,24,1,19,20,8,1,7,7,16,1,16,17,6,0,4,4,
04/01/2021,57,0,54,57,14,0,11,12,18,0,18,18,6,0,6,7,16,0,16,16,3,0,4,4,
04/02/2021,54,0,53,55,9,0,11,11,23,0,18,18,6,0,6,7,14,0,15,16,2,0,3,3,
04/03/2021,48,1,52,54,8,0,10,10,18,1,18,18,6,0,6,6,16,0,16,17,0,0,3,3,
04/04/2021,47,1,51,53,10,0,10,10,13,0,18,18,6,1,6,6,15,0,16,16,3,0,2,2,
04/05/2021,54,1,52,53,13,0,10,10,11,1,17,18,7,0,6,6,18,0,16,16,5,0,3,3,
04/06/2021,46,1,52,53,8,0,10,10,15,0,17,18,4,0,6,6,15,0,16,16,4,1,3,3,
04/07/2021,42,3,50,51,5,0,10,10,9,2,15,16,7,0,6,6,14,1,15,16,7,0,3,4,
04/08/2021,54,1,49,50,14,0,10,10,20,1,16,16,7,0,6,6,10,0,15,15,3,0,3,4,
04/09/2021,54,4,49,51,9,0,10,10,26,1,16,17,8,1,6,7,10,2,14,14,1,0,3,3,
04/10/2021,48,3,49,51,6,0,9,9,13,2,15,16,7,0,7,7,19,1,14,15,3,0,4,4,
04/11/2021,53,2,50,52,6,0,9,9,21,1,16,18,7,1,7,7,17,0,15,15,2,0,4,4,
04/12/2021,41,1,48,50,7,0,8,8,16,0,17,18,5,0,6,7,12,1,14,15,1,0,3,3,
04/13/2021,36,1,47,49,5,0,7,7,13,0,17,18,5,0,7,7,11,1,13,14,2,0,3,3,
04/14/2021,35,1,46,48,7,0,8,8,11,0,17,18,6,1,6,7,10,0,13,13,1,0,2,2,
04/15/2021,42,1,44,46,7,0,7,7,11,0,16,16,8,1,7,7,11,0,13,14,5,0,2,2,
04/16/2021,30,4,41,43,2,0,6,6,14,1,14,15,2,2,6,6,10,1,13,13,2,0,2,2,
04/17/2021,35,0,39,40,4,0,5,5,17,0,15,15,5,0,5,6,8,0,11,12,1,0,2,2,
04/18/2021,35,1,36,38,2,1,5,5,17,0,14,14,7,0,5,6,7,0,10,10,2,0,2,2,
04/19/2021,42,1,36,38,5,0,5,5,15,1,14,14,5,0,5,6,12,0,10,10,4,0,2,2,
04/20/2021,33,1,36,37,4,0,4,5,13,1,14,14,2,0,5,6,12,0,10,10,2,0,2,2,
04/21/2021,35,1,36,37,2,0,4,4,12,0,14,15,4,0,5,5,17,1,11,11,0,0,2,2,
04/22/2021,41,2,36,37,5,0,3,4,18,0,15,16,4,0,4,4,11,1,11,11,3,1,2,2,
04/23/2021,46,0,38,39,12,0,5,5,11,0,15,15,6,0,5,5,15,0,12,12,2,0,2,2,
04/24/2021,29,1,37,38,3,0,5,5,10,1,14,14,6,0,5,5,9,0,12,12,1,0,2,2,
04/25/2021,24,2,36,37,5,0,5,5,6,0,12,13,2,1,4,4,9,1,12,13,2,0,2,2,
04/26/2021,31,0,34,35,5,0,5,5,16,0,12,13,2,0,4,4,7,0,11,12,1,0,2,2,
04/27/2021,31,2,34,35,5,0,5,5,10,1,12,12,5,0,4,4,9,1,11,12,2,0,2,2,
04/28/2021,29,3,33,34,4,1,6,6,12,1,12,12,4,0,4,4,9,1,10,10,0,0,2,2,
04/29/2021,31,1,32,33,7,0,6,6,8,0,10,11,3,0,4,4,12,0,10,10,1,1,1,1,
04/30/2021,38,1,30,32,5,0,5,5,14,1,11,11,5,0,4,4,11,0,9,10,3,0,1,2,
05/01/2021,31,2,31,32,4,0,5,5,10,2,11,12,5,0,4,4,10,0,10,10,2,0,2,2,
05/02/2021,30,0,32,33,1,0,4,5,13,0,12,13,4,0,4,4,10,0,10,10,2,0,2,2,
05/03/2021,23,1,30,32,4,0,4,4,6,1,10,11,4,0,4,4,5,0,9,10,4,0,2,2,
05/04/2021,28,0,30,31,4,0,4,4,10,0,10,11,1,0,4,4,6,0,9,9,7,0,3,3,
05/05/2021,26,1,30,30,7,1,5,5,8,0,10,10,4,0,4,4,6,0,9,9,1,0,3,3,
05/06/2021,27,1,29,30,3,0,4,4,10,0,10,11,6,0,4,4,7,0,8,8,1,1,3,3,
05/07/2021,36,0,29,29,4,0,4,4,10,0,10,10,4,0,4,4,14,0,8,8,4,0,3,3,
05/08/2021,24,0,28,28,1,0,3,4,12,0,10,10,4,0,4,4,5,0,8,8,2,0,3,3,
05/09/2021,26,2,27,28,5,2,4,4,9,0,9,9,3,0,4,4,8,0,7,7,1,0,3,3,
05/10/2021,28,1,28,29,6,0,4,5,9,0,10,10,3,0,4,4,9,0,8,8,1,1,2,3,
05/11/2021,21,1,27,28,2,0,4,4,6,0,9,9,7,0,4,4,4,0,8,8,2,1,2,2,
05/12/2021,18,1,26,27,1,0,3,3,8,1,9,9,2,0,4,4,5,0,7,7,2,0,2,2,
05/13/2021,24,1,25,26,4,0,3,4,7,1,9,9,4,0,4,4,8,0,8,8,1,0,2,2,
05/14/2021,28,0,24,25,5,0,3,4,9,0,9,9,3,0,4,4,10,0,7,7,1,0,1,2,
05/15/2021,10,2,22,23,2,2,4,4,3,0,7,8,1,0,3,3,4,0,7,7,0,0,1,1,
05/16/2021,16,1,21,22,1,0,3,3,7,0,7,7,2,1,3,3,5,0,6,6,1,0,1,1,
05/17/2021,16,0,19,20,4,0,3,3,7,0,7,7,0,0,3,3,5,0,6,6,0,0,1,1,
05/18/2021,14,0,18,19,2,0,3,3,5,0,7,7,3,0,2,2,4,0,6,6,0,0,1,1,
05/19/2021,14,0,17,18,4,0,3,3,7,0,6,7,1,0,2,2,1,0,5,5,1,0,1,1,
05/20/2021,14,0,16,16,2,0,3,3,6,0,6,6,3,0,2,2,0,0,4,4,3,0,1,1,
05/21/2021,13,0,14,14,2,0,2,3,5,0,6,6,2,0,2,2,3,0,3,3,1,0,1,1,
05/22/2021,17,0,15,15,0,0,2,2,5,0,6,6,2,0,2,2,8,0,4,4,2,0,1,1,
05/23/2021,11,0,14,14,2,0,2,2,3,0,5,5,0,0,2,2,4,0,4,4,2,0,1,1,
05/24/2021,10,0,13,13,0,0,2,2,6,0,5,5,1,0,2,2,3,0,3,3,0,0,1,1,
05/25/2021,6,0,12,12,2,0,2,2,1,0,5,5,0,0,1,1,3,0,3,3,0,0,1,1,
05/26/2021,4,1,11,11,1,0,1,1,0,1,4,4,1,0,1,1,1,0,3,3,1,0,1,1,
05/27/2021,9,0,10,10,1,0,1,1,3,0,3,3,2,0,1,1,1,0,3,3,2,0,1,1,
05/28/2021,12,0,10,10,1,0,1,1,3,0,3,3,2,0,1,1,3,0,3,3,3,0,1,1,
05/29/2021,9,0,9,9,1,0,1,1,3,0,3,3,0,0,1,1,5,0,3,3,0,0,1,1,
05/30/2021,8,0,8,8,2,0,1,1,5,0,3,3,0,0,1,1,1,0,2,2,0,0,1,1,
05/31/2021,12,0,9,9,3,0,2,2,2,0,2,3,3,0,1,1,4,0,3,3,0,0,1,1,
06/01/2021,12,0,9,10,1,0,1,1,8,0,3,4,2,0,1,1,1,0,2,2,0,0,1,1,
06/02/2021,11,0,10,10,1,0,1,1,4,0,4,4,1,0,1,1,5,0,3,3,0,0,1,1,
06/03/2021,10,0,11,11,0,0,1,1,4,0,4,4,1,0,1,1,3,0,3,3,2,0,1,1,
06/04/2021,7,0,10,10,1,0,1,1,2,0,4,4,1,0,1,1,3,0,3,3,0,0,0,0,
06/05/2021,6,0,9,9,0,0,1,1,3,0,4,4,0,0,1,1,2,0,3,3,1,0,0,0,
06/06/2021,5,0,9,9,1,0,1,1,2,0,4,4,1,0,1,1,1,0,3,3,0,0,0,0,
06/07/2021,6,0,8,8,2,0,1,1,0,0,3,3,0,0,1,1,4,0,3,3,0,0,0,0,
06/08/2021,10,0,8,8,0,0,1,1,3,0,3,3,1,0,1,1,4,0,3,3,2,0,1,1,
06/09/2021,9,0,8,8,1,0,1,1,5,0,3,3,0,0,1,1,3,0,3,3,0,0,1,1,
06/10/2021,6,0,7,7,1,0,1,1,1,0,2,2,1,0,1,1,3,0,3,3,0,0,0,0,
06/11/2021,7,0,7,7,1,0,1,1,2,0,2,2,1,0,1,1,3,0,3,3,0,0,0,0,
06/12/2021,5,0,7,7,2,0,1,1,1,0,2,2,1,0,1,1,1,0,3,3,0,0,0,0,
06/13/2021,6,0,7,7,2,0,1,1,1,0,2,2,2,0,1,1,1,0,3,3,0,0,0,0,
06/14/2021,7,1,7,7,1,0,1,1,4,0,2,2,0,1,1,1,1,0,2,2,1,0,0,0,
06/15/2021,6,0,7,7,0,0,1,1,3,0,2,2,1,0,1,1,1,0,2,2,1,0,0,0,
06/16/2021,7,0,6,6,1,0,1,1,2,0,2,2,4,0,1,2,0,0,1,1,0,0,0,0,
06/17/2021,9,1,7,7,3,0,1,1,3,1,2,2,2,0,2,2,1,0,1,1,0,0,0,0,
06/18/2021,8,0,7,7,1,0,1,1,3,0,2,3,1,0,2,2,1,0,1,1,2,0,1,1,
06/19/2021,11,0,8,8,0,0,1,1,3,0,3,3,1,0,2,2,5,0,1,1,2,0,1,1,
06/20/2021,5,0,8,8,0,0,1,1,4,0,3,3,0,0,1,1,1,0,1,1,0,0,1,1,
06/21/2021,3,0,7,7,1,0,1,1,0,0,3,3,0,0,1,1,2,0,2,2,0,0,1,1,
06/22/2021,7,1,7,7,1,0,1,1,2,0,2,3,1,1,1,1,3,0,2,2,0,0,1,1,
06/23/2021,5,0,7,7,1,0,1,1,1,0,2,2,0,0,1,1,3,0,2,2,0,0,1,1,
06/24/2021,5,0,6,6,1,0,1,1,3,0,2,2,0,0,0,1,1,0,2,2,0,0,1,1,
06/25/2021,5,0,6,6,1,0,1,1,2,0,2,2,1,0,0,1,0,0,2,2,1,0,0,0,
06/26/2021,3,0,5,5,0,0,1,1,2,0,2,2,1,0,0,1,0,0,1,1,0,0,0,0,
06/27/2021,1,0,4,4,0,0,1,1,0,0,1,1,0,0,0,1,1,0,1,1,0,0,0,0,
06/28/2021,6,0,5,5,0,0,1,1,1,0,2,2,1,0,1,1,2,0,1,1,2,0,0,0,
06/29/2021,4,0,4,4,1,0,1,1,2,0,2,2,0,0,0,0,1,0,1,1,0,0,0,0,
06/30/2021,4,0,4,4,0,0,0,0,2,0,2,2,1,0,1,1,1,0,1,1,0,0,0,0,
07/01/2021,4,0,4,4,0,0,0,0,2,0,2,2,0,0,1,1,2,0,1,1,0,0,0,0,
07/02/2021,6,1,4,4,1,0,0,0,0,1,1,1,1,0,1,1,4,0,2,2,0,0,0,0,
07/03/2021,6,0,4,5,1,0,0,0,2,0,1,1,1,0,1,1,2,0,2,2,0,0,0,0,
07/04/2021,3,0,5,5,0,0,0,0,2,0,2,2,0,0,1,1,1,0,2,2,0,0,0,0,
07/05/2021,2,0,4,4,1,0,1,1,0,0,1,2,0,0,0,0,1,0,2,2,0,0,0,0,
07/06/2021,3,0,4,4,2,0,1,1,1,0,1,1,0,0,0,0,0,0,2,2,0,0,0,0,
07/07/2021,2,0,4,4,2,0,1,1,0,0,1,1,0,0,0,0,0,0,1,1,0,0,0,0,
07/08/2021,2,0,3,4,1,0,1,1,0,0,1,1,1,0,0,0,0,0,1,1,0,0,0,0,
07/09/2021,2,0,3,3,0,0,1,1,1,0,1,1,0,0,0,0,0,0,1,1,1,0,0,0,
07/10/2021,2,0,2,2,0,0,1,1,1,0,1,1,0,0,0,0,1,0,0,0,0,0,0,0,
07/11/2021,4,0,2,2,1,0,1,1,2,0,1,1,0,0,0,0,0,0,0,0,1,0,0,0,
07/12/2021,4,1,3,3,1,0,1,1,0,0,1,1,0,0,0,0,3,1,1,1,0,0,0,0,
07/13/2021,3,0,3,3,2,0,1,1,1,0,1,1,0,0,0,0,0,0,1,1,0,0,0,0,
07/14/2021,2,0,3,3,0,0,1,1,2,0,1,1,0,0,0,0,0,0,1,1,0,0,0,0,
07/15/2021,5,0,3,3,0,0,1,1,1,0,1,1,0,0,0,0,3,0,1,1,1,0,0,0,
07/16/2021,5,0,4,4,0,0,1,1,0,0,1,1,2,0,0,0,2,0,1,1,1,0,0,0,
07/17/2021,6,0,4,4,2,0,1,1,0,0,1,1,1,0,0,0,3,0,2,2,0,0,0,0,
07/18/2021,2,1,4,4,0,1,1,1,1,0,1,1,0,0,0,0,1,0,2,2,0,0,0,0,
07/19/2021,5,0,4,4,1,0,1,1,3,0,1,1,0,0,0,0,1,0,1,1,0,0,0,0,
07/20/2021,4,0,4,4,1,0,1,1,2,0,1,1,0,0,0,0,1,0,2,2,0,0,0,0,
07/21/2021,2,1,4,4,0,0,1,1,0,0,1,1,1,0,1,1,0,1,2,2,1,0,0,0,
07/22/2021,3,0,4,4,0,0,1,1,0,0,1,1,1,0,1,1,1,0,1,1,1,0,0,0,
07/23/2021,3,1,4,4,0,0,1,1,0,1,1,1,2,0,1,1,1,0,1,1,0,0,0,0,
07/24/2021,2,0,3,3,0,0,0,0,2,0,1,1,0,0,1,1,0,0,1,1,0,0,0,0,
07/25/2021,4,0,3,4,0,0,0,0,0,0,1,1,1,0,1,1,1,0,1,1,2,0,1,1,
07/26/2021,1,1,3,3,0,0,0,0,0,0,1,1,0,1,1,1,0,0,1,1,1,0,1,1,
07/27/2021,5,0,3,3,1,0,0,0,1,0,0,1,1,0,1,1,1,0,1,1,1,0,1,1,
07/28/2021,6,0,3,4,2,0,0,0,1,0,1,1,2,0,1,1,1,0,1,1,0,0,1,1,
07/29/2021,7,0,4,4,0,0,0,0,1,0,1,1,2,0,1,1,4,0,1,1,0,0,1,1,
07/30/2021,9,0,5,5,1,0,1,1,4,0,1,1,2,0,1,1,2,0,1,1,0,0,1,1,
07/31/2021,4,0,5,5,0,0,1,1,3,0,1,1,1,0,1,1,0,0,1,1,0,0,1,1,
08/01/2021,11,1,6,6,0,0,1,1,2,0,2,2,2,0,1,2,5,0,2,2,2,1,1,1,
08/02/2021,4,0,7,7,0,0,1,1,2,0,2,2,1,0,2,2,1,0,2,2,0,0,0,1,
08/03/2021,2,0,6,6,1,0,1,1,0,0,2,2,1,0,2,2,0,0,2,2,0,0,0,0,
08/04/2021,8,0,6,7,1,0,0,0,5,0,2,2,0,0,1,1,1,0,2,2,1,0,0,1,
08/05/2021,6,1,6,7,1,0,1,1,2,0,3,3,0,1,1,1,2,0,2,2,1,0,1,1,
08/06/2021,12,0,7,7,0,0,0,0,5,0,3,3,4,0,1,1,2,0,2,2,1,0,1,1,
08/07/2021,14,0,8,8,2,0,1,1,5,0,3,3,2,0,1,2,3,0,2,2,2,0,1,1,
08/08/2021,6,0,7,8,1,0,1,1,2,0,3,3,0,0,1,1,1,0,1,1,2,0,1,1,
08/09/2021,9,1,8,8,0,0,1,1,3,0,3,3,3,0,1,2,3,1,2,2,0,0,1,1,
08/10/2021,6,0,9,9,0,0,1,1,4,0,4,4,1,0,1,2,0,0,2,2,1,0,1,1,
08/11/2021,9,1,9,9,2,0,1,1,1,1,3,3,3,0,2,2,3,0,2,2,0,0,1,1,
08/12/2021,6,0,9,9,2,0,1,1,1,0,3,3,3,0,2,2,0,0,2,2,0,0,1,1,
08/13/2021,9,0,8,9,2,0,1,1,3,0,3,3,1,0,2,2,3,0,2,2,0,0,1,1,
08/14/2021,10,0,8,8,1,0,1,1,4,0,3,3,1,0,2,2,3,0,2,2,1,0,1,1,
08/15/2021,6,1,8,8,1,0,1,1,2,1,3,3,1,0,2,2,1,0,2,2,1,0,0,0,
08/16/2021,6,0,7,8,1,0,1,1,2,0,2,3,1,0,2,2,0,0,1,1,2,0,1,1,
08/17/2021,15,1,9,9,6,0,2,2,4,0,2,3,1,0,2,2,3,1,2,2,1,0,1,1,
08/18/2021,13,1,9,10,1,0,2,2,4,0,3,3,0,0,1,1,5,1,2,2,3,0,1,1,
08/19/2021,14,0,10,11,2,0,2,2,7,0,4,4,1,0,1,1,2,0,2,3,2,0,1,1,
08/20/2021,6,1,10,11,0,0,2,2,3,1,4,4,0,0,1,1,3,0,2,3,0,0,1,1,
08/21/2021,16,0,11,11,1,0,2,2,7,0,4,4,1,0,1,1,7,0,3,3,0,0,1,1,
08/22/2021,10,1,11,12,3,0,2,2,5,1,5,5,0,0,1,1,0,0,3,3,2,0,1,1,
08/23/2021,12,0,12,13,1,0,2,2,5,0,5,5,0,0,0,0,5,0,4,4,1,0,1,1,
08/24/2021,11,1,12,12,3,0,2,2,3,1,5,5,1,0,0,0,2,0,3,4,2,0,1,1,
08/25/2021,8,0,11,11,3,0,2,2,4,0,5,5,1,0,1,1,0,0,3,3,0,0,1,1,
08/26/2021,13,1,11,11,2,0,2,2,4,1,4,5,2,0,1,1,2,0,3,3,3,0,1,1,
08/27/2021,10,0,11,12,0,0,2,2,4,0,5,5,2,0,1,1,4,0,3,3,0,0,1,1,
08/28/2021,14,0,11,12,1,0,2,2,7,0,5,5,1,0,1,1,4,0,2,2,1,0,1,1,
08/29/2021,13,1,12,12,2,0,2,2,7,1,5,5,0,0,1,1,3,0,3,3,1,0,1,1,
08/30/2021,13,1,12,12,1,0,2,2,4,1,5,5,1,0,1,1,6,0,3,3,1,0,1,1,
08/31/2021,10,1,12,12,1,0,1,1,3,1,5,5,2,0,1,1,2,0,3,3,2,0,1,1,
09/01/2021,13,0,12,13,3,0,1,1,2,0,4,5,2,0,1,1,6,0,4,4,0,0,1,1,
09/02/2021,11,2,12,13,2,0,1,1,3,2,4,5,3,0,2,2,3,0,4,4,0,0,1,1,
09/03/2021,8,0,12,12,3,0,2,2,3,0,4,5,1,0,1,1,0,0,3,3,1,0,1,1,
09/04/2021,12,1,11,12,3,0,2,2,4,0,4,4,1,0,1,1,3,0,3,3,1,1,1,1,
09/05/2021,13,2,11,12,3,0,2,2,3,1,3,4,3,0,2,2,3,1,3,3,1,0,1,1,
09/06/2021,17,1,12,13,5,0,3,3,6,1,3,4,0,0,2,2,5,0,3,3,1,0,1,1,
09/07/2021,7,0,12,12,4,0,3,3,2,0,3,4,0,0,1,1,1,0,3,3,0,0,1,1,
09/08/2021,21,0,13,14,1,0,3,3,9,0,4,5,3,0,2,2,6,0,3,3,2,0,1,1,
09/09/2021,18,1,14,14,3,0,3,3,3,1,4,5,3,0,2,2,8,0,4,4,1,0,1,1,
09/10/2021,15,0,15,15,2,0,3,3,6,0,5,5,1,0,2,2,6,0,5,5,0,0,1,1,
09/11/2021,15,0,15,16,1,0,3,3,8,0,5,6,0,0,1,1,5,0,5,5,1,0,1,1,
09/12/2021,11,0,15,15,3,0,3,3,2,0,5,5,2,0,1,1,3,0,5,5,1,0,1,1,
09/13/2021,12,1,14,14,3,1,2,3,4,0,5,5,1,0,1,1,2,0,4,4,2,0,1,1,
09/14/2021,9,1,14,15,1,0,2,2,6,0,5,6,1,1,2,2,1,0,4,4,0,0,1,1,
09/15/2021,10,0,13,13,0,0,2,2,5,0,5,5,0,0,1,1,4,0,4,4,1,0,1,1,
09/16/2021,11,1,12,12,2,0,2,2,2,1,5,5,2,0,1,1,4,0,4,4,1,0,1,1,
09/17/2021,11,0,11,12,2,0,2,2,6,0,5,5,1,0,1,1,1,0,3,3,1,0,1,1,
09/18/2021,10,1,11,11,2,0,2,2,1,0,4,4,1,0,1,1,6,1,3,3,0,0,1,1,
09/19/2021,16,1,11,12,2,0,2,2,9,0,5,5,1,0,1,1,4,1,3,3,0,0,1,1,
09/20/2021,16,0,12,12,2,0,2,2,7,0,5,5,2,0,1,1,4,0,3,4,1,0,1,1,
09/21/2021,13,0,12,13,1,0,2,2,4,0,5,5,2,0,1,1,6,0,4,4,0,0,1,1,
09/22/2021,13,1,13,13,2,0,2,2,6,0,5,5,0,0,1,1,5,0,4,5,0,1,0,1,
09/23/2021,12,0,13,13,2,0,2,2,2,0,5,5,1,0,1,1,5,0,4,5,2,0,1,1,
09/24/2021,8,2,13,13,4,1,2,2,2,1,4,5,0,0,1,1,2,0,5,5,0,0,0,1,
09/25/2021,15,1,13,14,3,0,2,2,5,1,5,5,1,0,1,1,5,0,4,5,1,0,1,1,
09/26/2021,15,1,13,14,3,1,2,3,5,0,4,5,0,0,1,1,3,0,4,4,4,0,1,1,
09/27/2021,17,0,13,14,5,0,3,3,4,0,4,4,3,0,1,1,5,0,4,4,0,0,1,1,
09/28/2021,13,1,13,14,2,0,3,3,5,1,4,5,2,0,1,1,4,0,4,4,0,0,1,1,
09/29/2021,13,1,13,14,1,0,3,3,3,0,4,4,1,0,1,1,6,1,4,4,2,0,1,1,
09/30/2021,8,0,13,14,0,0,3,3,3,0,4,4,0,0,1,1,4,0,4,4,1,0,1,1,
10/01/2021,8,0,13,13,1,0,2,2,2,0,4,4,1,0,1,1,3,0,4,4,1,0,1,1,
10/02/2021,12,0,12,13,2,0,2,2,4,0,4,4,0,0,1,1,6,0,4,5,0,0,1,1,
10/03/2021,12,0,12,12,3,0,2,2,4,0,4,4,3,0,1,1,2,0,4,4,0,0,1,1,
10/04/2021,12,1,11,12,5,0,2,2,3,0,3,4,1,0,1,1,2,1,4,4,1,0,1,1,
10/05/2021,6,0,10,10,1,0,2,2,1,0,3,3,0,0,1,1,3,0,4,4,1,0,1,1,
10/06/2021,15,1,10,11,4,1,2,2,6,0,3,3,2,0,1,1,1,0,3,3,2,0,1,1,
10/07/2021,13,0,11,11,3,0,3,3,2,0,3,3,3,0,1,1,4,0,3,3,1,0,1,1,
10/08/2021,15,0,12,12,0,0,3,3,7,0,4,4,2,0,2,2,5,0,3,3,1,0,1,1,
10/09/2021,8,0,12,12,0,0,2,2,3,0,4,4,1,0,2,2,4,0,3,3,0,0,1,1,
10/10/2021,16,1,12,13,1,0,2,2,5,0,4,4,3,0,2,2,3,1,3,3,4,0,1,1,
10/11/2021,9,0,12,12,1,0,1,2,1,0,4,4,0,0,2,2,6,0,4,4,1,0,1,1,
10/12/2021,3,1,11,12,0,0,1,1,1,0,4,4,0,0,2,2,1,1,3,4,1,0,1,1,
10/13/2021,9,0,10,11,1,0,1,1,2,0,3,3,0,0,1,1,5,0,4,4,1,0,1,1,
10/14/2021,8,0,10,10,0,0,0,0,2,0,3,3,1,0,1,1,4,0,4,4,1,0,1,1,
10/15/2021,7,1,9,9,2,0,1,1,2,0,2,2,0,0,1,1,3,1,4,4,0,0,1,1,
10/16/2021,6,0,8,9,0,0,1,1,4,0,2,2,0,0,1,1,1,0,3,4,1,0,1,1,
10/17/2021,9,2,7,8,2,0,1,1,3,1,2,2,1,0,0,0,3,1,3,4,0,0,1,1,
10/18/2021,11,1,8,8,1,0,1,1,5,1,3,3,1,0,0,0,3,0,3,3,1,0,1,1,
10/19/2021,10,1,9,9,1,0,1,1,3,0,3,3,2,1,1,1,3,0,3,3,1,0,1,1,
10/20/2021,7,1,8,9,1,0,1,1,4,0,3,4,0,1,1,1,2,0,3,3,0,0,1,1,
10/21/2021,13,0,9,10,2,0,1,1,3,0,3,4,1,0,1,1,6,0,3,3,1,0,1,1,
10/22/2021,9,1,9,10,2,0,1,1,1,1,3,4,1,0,1,1,3,0,3,3,2,0,1,1,
10/23/2021,10,0,10,11,1,0,1,1,4,0,3,4,0,0,1,1,5,0,4,4,0,0,1,1,
10/24/2021,14,0,11,11,3,0,2,2,4,0,3,4,0,0,1,1,4,0,4,4,3,0,1,1,
10/25/2021,9,0,10,11,2,0,2,2,5,0,3,4,0,0,1,1,2,0,4,4,0,0,1,1,
10/26/2021,7,0,10,10,2,0,2,2,2,0,3,3,1,0,0,1,2,0,3,3,0,0,1,1,
10/27/2021,9,1,10,10,0,0,2,2,5,1,3,4,1,0,1,1,3,0,4,4,0,0,1,1,
10/28/2021,7,0,9,10,1,0,2,2,2,0,3,4,1,0,1,1,2,0,3,3,1,0,1,1,
10/29/2021,4,0,9,9,1,0,1,1,0,0,3,3,1,0,1,1,2,0,3,3,0,0,1,1,
10/30/2021,10,1,9,9,0,0,1,1,2,0,3,3,3,1,1,1,4,0,3,3,1,0,1,1,
10/31/2021,7,0,8,8,0,0,1,1,0,0,2,2,1,0,1,1,5,0,3,3,1,0,0,0,
11/01/2021,4,0,7,7,0,0,1,1,2,0,2,2,1,0,1,1,1,0,3,3,0,0,0,0,
11/02/2021,9,0,7,7,1,0,0,0,3,0,2,2,0,0,1,1,2,0,3,3,3,0,1,1,
11/03/2021,6,0,7,7,1,0,1,1,1,0,1,1,1,0,1,1,3,0,3,3,0,0,1,1,
11/04/2021,4,0,6,6,0,0,0,0,3,0,2,2,0,0,1,1,0,0,2,2,1,0,1,1,
11/05/2021,5,0,6,7,1,0,0,0,3,0,2,2,0,0,1,1,1,0,2,2,0,0,1,1,
11/06/2021,11,1,7,7,1,0,1,1,2,0,2,2,0,0,0,0,4,1,2,2,4,0,1,1,
11/07/2021,8,0,7,7,0,0,1,1,3,0,2,2,1,0,0,0,2,0,2,2,2,0,1,1,
11/08/2021,8,0,7,7,2,0,1,1,1,0,2,2,1,0,0,0,3,0,2,2,1,0,2,2,
11/09/2021,12,0,8,8,3,0,1,1,5,0,3,3,0,0,0,0,2,0,2,2,2,0,1,1,
11/10/2021,6,0,8,8,0,0,1,1,2,0,3,3,1,0,0,0,2,0,2,2,1,0,2,2,
11/11/2021,6,0,8,8,1,0,1,1,4,0,3,3,0,0,0,0,1,0,2,2,0,0,1,1,
11/12/2021,14,2,9,10,2,1,1,1,6,0,3,3,1,0,1,1,2,1,2,3,3,0,2,2,
11/13/2021,5,2,8,9,1,0,1,1,3,2,3,4,0,0,1,1,0,0,2,2,1,0,1,1,
11/14/2021,6,0,8,9,2,0,2,2,1,0,3,3,1,0,1,1,1,0,2,2,1,0,1,1,
11/15/2021,9,3,8,9,2,0,2,2,3,1,3,4,2,0,1,1,2,1,1,2,0,1,1,1,
11/16/2021,10,0,8,9,2,0,1,2,1,0,3,3,1,0,1,1,4,0,2,2,2,0,1,1,
11/17/2021,7,0,8,9,1,0,2,2,1,0,3,3,2,0,1,1,2,0,2,2,1,0,1,1,
11/18/2021,8,0,8,9,2,0,2,2,3,0,3,3,0,0,1,1,3,0,2,2,0,0,1,1,
11/19/2021,8,0,8,8,1,0,2,2,2,0,2,2,1,0,1,1,4,0,2,2,0,0,1,1,
11/20/2021,10,0,8,9,2,0,2,2,3,0,2,2,1,0,1,1,4,0,3,3,0,0,1,1,
11/21/2021,4,0,8,8,1,0,2,2,1,0,2,2,0,0,1,1,2,0,3,3,0,0,0,1,
11/22/2021,6,2,8,8,0,0,1,1,3,1,2,2,0,0,1,1,2,1,3,3,1,0,1,1,
11/23/2021,6,0,7,7,1,0,1,1,4,0,2,3,0,0,1,1,1,0,3,3,0,0,0,0,
11/24/2021,12,1,8,8,2,0,1,1,6,1,3,3,1,0,0,0,2,0,3,3,1,0,0,0,
11/25/2021,8,0,8,8,0,0,1,1,3,0,3,3,0,0,0,0,3,0,3,3,2,0,1,1,
11/26/2021,9,2,8,9,1,0,1,1,2,1,3,4,1,0,0,0,4,0,3,3,1,1,1,1,
11/27/2021,9,0,8,8,1,0,1,1,3,0,3,4,1,0,0,0,2,0,2,2,2,0,1,1,
11/28/2021,9,1,8,9,2,0,1,1,1,1,3,4,0,0,0,0,6,0,3,3,0,0,1,1,
11/29/2021,10,0,9,10,1,0,1,1,5,0,3,4,1,0,1,1,3,0,3,3,0,0,1,1,
11/30/2021,6,0,9,10,0,0,1,1,3,0,3,4,0,0,1,1,2,0,3,3,1,0,1,1,
12/01/2021,16,2,10,10,4,0,1,1,7,1,3,4,0,0,0,0,3,1,3,3,2,0,1,1,
12/02/2021,15,1,11,11,4,0,2,2,6,1,4,4,1,0,1,1,3,0,3,3,1,0,1,1,
12/03/2021,13,0,11,12,1,0,2,2,7,0,5,5,1,0,1,1,2,0,3,3,2,0,1,1,
12/04/2021,10,1,11,12,2,0,2,2,4,1,5,5,1,0,1,1,3,0,3,3,0,0,1,1,
12/05/2021,14,0,12,13,0,0,2,2,6,0,5,6,4,0,1,1,4,0,3,3,0,0,1,1,
12/06/2021,8,1,12,12,2,0,2,2,3,1,5,6,1,0,1,1,2,0,3,3,0,0,1,1,
12/07/2021,15,1,13,14,5,0,3,3,4,1,5,6,0,0,1,1,3,0,3,3,3,0,1,1,
12/08/2021,7,0,12,12,2,0,2,2,1,0,4,5,0,0,1,1,4,0,3,3,0,0,1,1,
12/09/2021,10,2,11,12,4,1,2,2,3,0,4,4,1,0,1,1,2,1,3,3,0,0,1,1,
12/10/2021,16,0,11,12,2,0,2,3,7,0,4,4,1,0,1,1,6,0,3,4,0,0,0,0,
12/11/2021,8,1,11,12,1,0,2,2,1,0,4,4,4,0,2,2,2,1,3,4,0,0,0,0,
12/12/2021,17,0,12,12,5,0,3,3,7,0,4,4,0,0,1,1,4,0,3,4,1,0,1,1,
12/13/2021,21,0,13,14,1,0,3,3,6,0,4,4,2,0,1,1,9,0,4,5,2,0,1,1,
12/14/2021,18,1,14,14,1,0,2,2,6,1,4,5,3,0,2,2,5,0,5,5,3,0,1,1,
12/15/2021,10,1,14,15,5,1,3,3,1,0,4,5,2,0,2,2,1,0,4,4,1,0,1,1,
12/16/2021,13,0,15,15,2,0,2,3,4,0,5,5,4,0,2,2,1,0,4,4,2,0,1,1,
12/17/2021,23,0,16,16,2,0,2,3,12,0,5,5,3,0,3,3,5,0,4,4,1,0,1,1,
12/18/2021,18,0,17,17,2,0,3,3,7,0,6,6,3,0,2,2,5,0,4,4,1,0,2,2,
12/19/2021,25,1,18,19,5,0,3,3,12,0,7,7,4,0,3,3,3,1,4,4,1,0,2,2,
12/20/2021,13,0,17,18,2,0,3,3,9,0,7,7,2,0,3,3,0,0,3,3,0,0,1,1,
12/21/2021,11,1,16,17,2,0,3,3,1,0,7,7,2,0,3,3,4,1,3,3,2,0,1,1,
12/22/2021,28,3,19,19,3,0,3,3,12,2,8,8,2,0,3,3,10,1,4,4,1,0,1,1,
12/23/2021,23,1,20,21,2,1,3,3,5,0,8,9,4,0,3,3,8,0,5,5,4,0,1,1,
12/24/2021,40,4,23,24,9,1,4,4,18,2,9,10,1,0,3,3,10,1,6,6,2,0,2,2,
12/25/2021,33,5,25,27,7,0,4,5,7,3,9,10,5,1,3,3,9,1,6,7,5,0,2,2,
12/26/2021,34,1,26,28,4,0,4,4,11,0,9,10,4,0,3,3,12,1,8,8,3,0,2,2,
12/27/2021,36,1,29,32,8,0,5,5,10,1,9,10,5,0,3,3,12,0,9,10,1,0,3,3,
12/28/2021,38,3,33,36,6,1,6,6,13,1,11,12,5,0,4,4,13,1,11,11,1,0,2,2,
12/29/2021,44,6,35,38,15,1,7,8,17,2,12,13,6,1,4,5,4,2,10,11,2,0,3,3,
12/30/2021,35,2,37,40,5,0,8,8,17,2,13,15,4,0,4,5,9,0,10,11,0,0,2,2,
12/31/2021,55,4,39,42,9,0,8,8,19,4,13,15,10,0,6,6,15,0,11,11,2,0,2,2,
01/01/2022,58,11,43,47,15,0,9,9,17,7,15,17,9,0,6,6,16,2,12,12,1,2,1,2,
01/02/2022,62,6,47,52,11,1,10,10,19,2,16,19,7,1,7,7,22,2,13,14,3,0,1,2,
01/03/2022,68,8,51,57,11,3,10,11,25,3,18,21,8,0,7,7,22,2,14,16,2,0,2,2,
01/04/2022,76,15,57,64,12,3,11,12,31,5,21,24,9,4,8,8,18,3,15,17,6,0,2,3,
01/05/2022,81,7,62,70,11,2,11,12,23,1,22,25,15,0,9,10,25,4,18,20,7,0,3,3,
01/06/2022,93,5,70,78,13,0,12,13,30,2,23,27,23,2,12,13,23,1,20,22,4,0,4,4,
01/07/2022,87,17,75,85,12,4,12,14,24,6,24,28,15,2,12,14,34,5,23,26,2,0,4,4,
01/08/2022,97,9,81,90,12,3,12,14,41,3,28,31,10,0,12,14,28,3,25,27,6,0,4,4,
01/09/2022,122,4,89,98,22,3,13,16,47,0,32,34,16,1,14,15,31,0,26,28,6,0,5,5,
01/10/2022,110,12,95,105,20,1,15,17,37,5,33,36,20,3,15,17,25,2,26,29,8,1,6,6,
01/11/2022,131,13,103,113,23,0,16,18,44,5,35,38,19,3,17,18,40,4,29,32,5,1,5,6,
01/12/2022,120,7,109,118,25,1,18,20,44,1,38,41,25,1,18,20,22,4,29,32,4,0,5,5,
01/13/2022,126,10,113,124,18,3,19,21,45,4,40,44,24,0,18,20,33,2,30,33,6,1,5,6,
01/14/2022,130,6,119,128,28,3,21,23,40,2,43,45,17,0,19,20,40,1,31,34,5,0,6,6,
01/15/2022,100,8,120,128,14,2,21,23,40,3,42,45,18,3,20,21,25,0,31,33,3,0,5,6,
01/16/2022,114,13,119,129,20,3,21,23,49,5,43,46,17,3,20,22,25,2,30,32,3,0,5,5,
01/17/2022,107,8,118,128,24,1,22,24,30,3,42,45,13,1,19,21,32,2,31,33,8,1,5,5,
01/18/2022,118,9,116,125,28,2,22,25,36,1,41,43,13,2,18,20,34,3,30,32,7,1,5,6,
01/19/2022,91,6,112,121,17,2,21,24,28,2,38,41,13,1,16,18,25,1,31,32,8,0,6,6,
01/20/2022,116,5,111,119,17,2,21,23,35,0,37,39,25,0,17,18,33,3,31,32,6,0,6,6,
01/21/2022,107,11,108,116,19,3,20,22,42,5,37,40,14,0,16,18,26,3,29,31,6,0,6,6,
01/22/2022,85,2,105,113,10,1,19,21,37,0,37,39,6,1,14,16,24,0,28,30,8,0,7,7,
01/23/2022,101,8,104,111,18,2,19,21,37,0,35,37,18,3,15,16,26,2,29,31,2,1,6,7,
01/24/2022,111,8,104,111,16,3,18,20,42,2,37,38,10,2,14,15,29,1,28,30,14,0,7,8,
01/25/2022,101,4,102,108,19,1,17,19,37,0,37,38,18,1,15,16,25,2,27,29,2,0,7,7,
01/26/2022,109,6,104,111,24,3,18,20,29,1,37,38,16,1,15,16,35,1,28,30,5,0,6,6,
01/27/2022,79,1,99,105,13,0,17,19,26,0,36,37,9,1,13,14,23,0,27,28,8,0,6,7,
01/28/2022,96,6,97,102,15,3,16,18,30,1,34,35,17,0,13,15,20,1,26,27,14,1,8,8,
01/29/2022,76,4,96,101,13,0,17,19,28,1,33,33,13,2,14,16,18,1,25,26,4,0,7,7,
01/30/2022,86,3,94,99,16,1,17,18,32,0,32,33,9,1,13,14,24,1,25,26,5,0,7,8,
01/31/2022,85,7,90,95,13,1,16,17,34,2,31,32,13,2,14,15,18,1,23,24,7,1,6,7,
02/01/2022,70,2,86,90,12,2,15,17,20,0,28,29,9,0,12,13,27,0,24,24,2,0,6,7,
02/02/2022,92,1,83,87,12,0,13,14,31,1,29,29,14,0,12,13,27,0,22,23,8,0,7,7,
02/03/2022,71,3,82,86,12,0,13,14,21,1,28,29,14,0,13,13,16,2,21,22,8,0,7,7,
02/04/2022,50,0,76,79,11,0,13,13,11,0,25,26,11,0,12,13,13,0,20,21,4,0,5,6,
02/05/2022,51,3,72,75,14,0,13,13,12,1,23,24,10,0,11,12,12,2,20,20,3,0,5,5,
02/06/2022,53,1,67,70,9,0,12,12,21,1,21,22,9,0,11,12,7,0,17,18,7,0,6,6,
02/07/2022,37,1,61,62,5,0,11,11,18,0,19,20,4,0,10,10,6,1,15,16,4,0,5,5,
02/08/2022,56,1,59,60,8,0,10,10,28,0,20,21,6,0,10,10,12,0,13,14,2,1,5,5,
02/09/2022,50,1,53,54,8,0,10,10,14,1,18,18,8,0,9,9,16,0,12,12,4,0,5,5,
02/10/2022,40,3,48,50,4,2,8,9,14,0,17,17,5,1,8,8,11,0,11,11,6,0,4,4,
02/11/2022,43,1,47,49,10,0,8,9,11,0,17,17,7,0,7,7,10,0,11,11,5,1,4,5,
02/12/2022,33,1,45,46,7,0,7,8,7,0,16,16,4,0,6,6,10,1,10,11,5,0,5,5,
02/13/2022,43,1,43,44,12,0,8,8,17,1,16,16,4,0,5,6,7,0,10,11,3,0,4,4,
02/14/2022,22,1,41,42,3,0,7,8,10,1,14,15,3,0,5,5,2,0,10,10,4,0,4,4,
02/15/2022,24,3,36,38,2,1,7,7,5,0,11,12,5,0,5,5,11,2,10,10,1,0,4,4,
02/16/2022,31,1,34,35,7,0,6,7,10,0,11,11,3,0,4,5,9,1,9,9,2,0,4,4,
02/17/2022,41,1,34,35,7,0,7,7,15,0,11,11,11,1,5,5,7,0,8,9,1,0,3,3,
02/18/2022,35,1,33,34,4,1,6,6,13,0,11,11,8,0,5,6,7,0,8,8,3,0,3,3,
02/19/2022,31,0,32,34,6,0,6,6,10,0,11,12,2,0,5,5,12,0,8,8,1,0,2,2,
02/20/2022,16,0,29,30,3,0,5,5,8,0,10,10,0,0,5,5,4,0,7,8,1,0,2,2,
02/21/2022,29,0,30,30,3,0,5,5,9,0,10,10,3,0,5,5,12,0,9,9,2,0,2,2,
02/22/2022,12,0,28,28,2,0,5,5,4,0,10,10,2,0,4,4,4,0,8,8,0,0,1,1,
02/23/2022,19,1,26,27,3,0,4,4,6,0,9,9,2,0,4,4,7,0,8,8,1,1,1,1,
02/24/2022,18,1,23,23,4,0,4,4,6,1,8,8,3,0,3,3,3,0,7,7,2,0,1,2,
02/25/2022,17,0,20,21,4,0,4,4,3,0,7,7,2,0,2,2,6,0,7,7,2,0,1,1,
02/26/2022,6,0,17,17,0,0,3,3,1,0,5,5,1,0,2,2,4,0,6,6,0,0,1,1,
02/27/2022,19,0,17,17,1,0,2,2,4,0,5,5,5,0,3,3,8,0,6,6,1,0,1,1,
02/28/2022,6,1,14,14,3,0,2,2,1,0,4,4,1,1,2,2,1,0,5,5,0,0,1,1,
03/01/2022,19,0,15,15,4,0,3,3,3,0,3,4,2,0,2,2,7,0,5,5,3,0,1,1,
03/02/2022,16,3,14,15,2,0,3,3,9,1,4,4,2,0,2,2,2,2,4,5,1,0,1,1,
03/03/2022,8,0,13,14,0,0,2,2,4,0,4,4,1,0,2,2,2,0,4,5,1,0,1,1,
03/04/2022,10,3,12,13,2,1,2,2,4,1,4,4,1,0,2,2,3,1,4,4,0,0,1,1,
03/05/2022,11,1,13,14,5,1,2,3,2,0,4,4,1,0,2,2,1,0,3,4,2,0,1,1,
03/06/2022,8,0,11,12,2,0,3,3,2,0,4,4,1,0,1,1,3,0,3,3,0,0,1,1,
03/07/2022,11,0,12,13,1,0,2,3,3,0,4,4,0,0,1,1,5,0,3,4,2,0,1,1,
03/08/2022,6,0,10,11,1,0,2,2,4,0,4,4,0,0,1,1,1,0,2,3,0,0,1,1,
03/09/2022,11,0,9,10,2,0,2,2,3,0,3,3,2,0,1,1,4,0,3,3,0,0,1,1,
03/10/2022,10,0,10,10,3,0,2,3,3,0,3,3,2,0,1,1,2,0,3,3,0,0,1,1,
03/11/2022,8,1,9,10,1,1,2,2,3,0,3,3,1,0,1,1,3,0,3,3,0,0,1,1,
03/12/2022,9,0,9,9,2,0,2,2,4,0,3,3,1,0,1,1,2,0,3,3,0,0,0,0,
03/13/2022,9,0,9,9,1,0,2,2,3,0,3,3,1,0,1,1,2,0,3,3,2,0,1,1,
03/14/2022,15,0,10,10,3,0,2,2,3,0,3,3,2,0,1,1,4,0,3,3,3,0,1,1,
03/15/2022,10,1,10,11,6,0,3,3,1,0,3,3,3,1,2,2,0,0,2,2,0,0,1,1,
03/16/2022,9,0,10,10,2,0,3,3,1,0,3,3,0,0,1,2,5,0,3,3,1,0,1,1,
03/17/2022,4,0,9,9,0,0,2,2,1,0,2,2,1,0,1,1,1,0,2,2,1,0,1,1,
03/18/2022,6,1,9,9,1,0,2,2,2,0,2,2,1,1,1,2,1,0,2,2,1,0,1,1,
03/19/2022,5,0,8,9,0,0,2,2,3,0,2,2,0,0,1,1,1,0,2,2,1,0,1,1,
03/20/2022,8,1,8,9,0,0,2,2,2,1,2,2,3,0,1,2,2,0,2,2,1,0,1,1,
03/21/2022,3,0,6,7,0,0,1,1,2,0,2,2,1,0,1,2,0,0,1,1,0,0,1,1,
03/22/2022,4,1,6,6,0,0,0,0,1,0,2,2,0,1,1,1,2,0,2,2,1,0,1,1,
03/23/2022,4,0,5,5,1,0,0,0,0,0,2,2,0,0,1,1,0,0,1,1,3,0,1,1,
03/24/2022,5,0,5,5,1,0,0,0,1,0,2,2,2,0,1,1,1,0,1,1,0,0,1,1,
03/25/2022,5,0,5,5,3,0,1,1,0,0,1,1,0,0,1,1,2,0,1,1,0,0,1,1,
03/26/2022,6,0,5,5,2,0,1,1,1,0,1,1,3,0,1,1,0,0,1,1,0,0,1,1,
03/27/2022,6,0,5,5,1,0,1,1,3,0,1,1,1,0,1,1,1,0,1,1,0,0,1,1,
03/28/2022,5,0,5,5,1,0,1,1,2,0,1,1,2,0,1,1,0,0,1,1,0,0,1,1,
03/29/2022,5,0,5,5,2,0,2,2,1,0,1,1,0,0,1,1,2,0,1,1,0,0,0,0,
03/30/2022,5,0,5,5,0,0,1,1,3,0,2,2,0,0,1,1,1,0,1,1,1,0,0,0,
03/31/2022,3,0,5,5,1,0,1,1,1,0,2,2,0,0,1,1,1,0,1,1,0,0,0,0,
04/01/2022,5,0,5,5,1,0,1,1,1,0,2,2,1,0,1,1,2,0,1,1,0,0,0,0,
04/02/2022,2,0,4,4,0,0,1,1,0,0,2,2,0,0,1,1,1,0,1,1,1,0,0,0,
04/03/2022,4,1,4,4,2,1,1,1,0,0,1,1,1,0,1,1,0,0,1,1,1,0,0,0,
04/04/2022,5,0,4,4,1,0,1,1,0,0,1,1,2,0,1,1,2,0,1,1,0,0,0,0,
04/05/2022,4,0,4,4,0,0,1,1,2,0,1,1,0,0,1,1,1,0,1,1,1,0,1,1,
04/06/2022,3,0,4,4,1,0,1,1,1,0,1,1,0,0,1,1,1,0,1,1,0,0,0,0,
04/07/2022,2,0,4,4,0,0,1,1,0,0,1,1,0,0,1,1,2,0,1,1,0,0,0,0,
04/08/2022,3,0,3,3,0,0,1,1,1,0,1,1,0,0,0,0,1,0,1,1,1,0,1,1,
04/09/2022,5,2,4,4,0,2,1,1,1,0,1,1,2,0,1,1,1,0,1,1,1,0,1,1,
04/10/2022,8,1,4,5,3,0,1,1,2,1,1,1,0,0,1,1,2,0,1,1,1,0,1,1,
04/11/2022,2,0,4,4,0,0,1,1,0,0,1,1,1,0,0,0,1,0,1,1,0,0,1,1,
04/12/2022,5,0,4,4,1,0,1,1,3,0,1,1,1,0,1,1,0,0,1,1,0,0,0,0,
04/13/2022,2,1,4,4,1,0,1,1,0,0,1,1,0,0,1,1,0,1,1,1,1,0,1,1,
04/14/2022,8,0,5,5,0,0,1,1,2,0,1,1,2,0,1,1,4,0,1,1,0,0,1,1,
04/15/2022,7,0,5,6,1,0,1,1,4,0,2,2,2,0,1,1,0,0,1,1,0,0,0,0,
04/16/2022,3,0,5,5,0,0,1,1,1,0,2,2,0,0,1,1,1,0,1,1,1,0,0,0,
04/17/2022,4,0,4,5,1,0,1,1,1,0,2,2,0,0,1,1,2,0,1,1,0,0,0,0,
04/18/2022,3,0,5,5,0,0,1,1,2,0,2,2,0,0,1,1,0,0,1,1,1,0,0,0,
04/19/2022,5,0,5,5,0,0,0,0,2,0,2,2,0,0,1,1,2,0,1,1,1,0,1,1,
04/20/2022,1,0,4,4,0,0,0,0,0,0,2,2,0,0,1,1,1,0,1,1,0,0,0,0,
04/21/2022,5,0,4,4,1,0,0,0,3,0,2,2,0,0,0,0,1,0,1,1,0,0,0,0,
04/22/2022,6,1,4,4,0,0,0,0,3,0,2,2,2,0,0,0,1,1,1,1,0,0,0,0,
04/23/2022,3,0,4,4,0,0,0,0,2,0,2,2,0,0,0,0,1,0,1,1,0,0,0,0,
04/24/2022,4,0,4,4,0,0,0,0,0,0,2,2,0,0,0,0,3,0,1,1,1,0,0,0,
04/25/2022,3,1,4,4,0,0,0,0,0,1,1,2,2,0,1,1,1,0,1,2,0,0,0,0,
04/26/2022,7,0,4,4,1,0,0,0,2,0,1,2,2,0,1,1,1,0,1,1,1,0,0,0,
04/27/2022,5,0,5,5,1,0,0,0,1,0,2,2,0,0,1,1,3,0,2,2,0,0,0,0,
04/28/2022,4,1,5,5,1,0,0,0,0,1,1,1,3,0,1,1,0,0,1,2,0,0,0,0,
04/29/2022,3,0,4,4,1,0,1,1,0,0,1,1,0,0,1,1,2,0,2,2,0,0,0,0,
04/30/2022,7,0,5,5,1,0,1,1,1,0,1,1,1,0,1,1,2,0,2,2,2,0,1,1,
05/01/2022,4,1,5,5,1,0,1,1,2,1,1,1,0,0,1,1,1,0,1,1,0,0,0,0,
05/02/2022,5,1,5,5,0,0,1,1,2,0,1,1,2,1,1,1,0,0,1,1,1,0,1,1,
05/03/2022,5,1,5,5,1,0,1,1,1,0,1,1,1,0,1,1,2,0,1,1,0,1,0,1,
05/04/2022,4,0,5,5,0,0,1,1,0,0,1,1,2,0,1,1,1,0,1,1,1,0,1,1,
05/05/2022,4,1,5,5,0,1,1,1,1,0,1,1,2,0,1,1,1,0,1,1,0,0,1,1,
05/06/2022,6,0,5,6,3,0,1,1,2,0,1,1,0,0,1,1,1,0,1,1,0,0,1,1,
05/07/2022,7,0,5,6,0,0,1,1,3,0,2,2,1,0,1,1,3,0,1,1,0,0,0,0,
05/08/2022,3,2,5,6,0,2,1,1,3,0,2,2,0,0,1,1,0,0,1,1,0,0,0,0,
05/09/2022,8,1,5,6,0,0,1,1,5,1,2,2,1,0,1,1,1,0,1,1,1,0,0,0,
05/10/2022,2,1,5,6,0,0,0,1,0,0,2,2,1,1,1,1,1,0,1,1,0,0,0,0,
05/11/2022,10,0,6,6,0,0,0,1,5,0,3,3,1,0,1,1,3,0,1,1,1,0,0,0,
05/12/2022,9,2,6,7,1,0,1,1,6,1,3,4,1,0,1,1,1,0,1,1,0,1,0,0,
05/13/2022,2,1,6,7,0,1,0,1,1,0,3,4,0,0,1,1,1,0,1,1,0,0,0,0,
05/14/2022,12,1,7,8,2,0,0,1,2,0,3,3,2,1,1,1,4,0,2,2,2,0,1,1,
05/15/2022,9,1,7,8,1,0,1,1,4,1,3,4,2,0,1,1,2,0,2,2,0,0,1,1,
05/16/2022,6,2,7,8,2,1,1,1,1,1,3,3,0,0,1,1,3,0,2,2,0,0,0,1,
05/17/2022,7,0,8,9,1,0,1,1,2,0,3,3,2,0,1,1,0,0,2,2,2,0,1,1,
05/18/2022,8,0,8,9,0,0,1,1,6,0,3,4,0,0,1,1,2,0,2,2,0,0,1,1,
05/19/2022,5,0,7,8,1,0,1,1,2,0,3,3,1,0,1,1,1,0,2,2,0,0,1,1,
05/20/2022,9,1,8,9,2,0,1,1,1,1,3,3,2,0,1,1,4,0,2,2,0,0,1,1,
05/21/2022,14,1,8,9,3,0,1,2,6,0,3,4,2,1,1,1,3,0,2,2,0,0,0,0,
05/22/2022,6,2,8,9,0,1,1,2,1,0,3,3,1,0,1,1,3,1,2,2,1,0,0,0,
05/23/2022,9,2,8,9,1,0,1,1,4,0,3,3,2,0,1,2,1,2,2,2,1,0,1,1,
05/24/2022,14,0,9,10,2,0,1,1,6,0,4,4,2,0,1,2,2,0,2,3,2,0,1,1,
05/25/2022,11,1,10,11,2,1,2,2,4,0,3,4,0,0,1,2,3,0,2,3,2,0,1,1,
05/26/2022,7,0,10,11,1,0,2,2,4,0,4,4,0,0,1,1,2,0,3,3,0,0,1,1,
05/27/2022,8,0,10,11,0,0,1,2,2,0,4,4,2,0,1,1,3,0,2,3,1,0,1,1,
05/28/2022,8,0,9,10,1,0,1,1,4,0,4,4,2,0,1,1,1,0,2,3,0,0,1,1,
05/29/2022,12,1,10,10,1,0,1,1,2,0,4,4,1,0,1,1,3,0,2,2,5,1,2,2,
05/30/2022,7,0,10,10,1,0,1,1,4,0,4,4,2,0,1,1,0,0,2,2,0,0,1,2,
05/31/2022,6,1,8,9,2,0,1,1,3,0,3,3,0,0,1,1,1,1,2,2,0,0,1,1,
06/01/2022,9,0,8,8,2,0,1,1,3,0,3,3,2,0,1,1,2,0,2,2,0,0,1,1,
06/02/2022,13,0,9,9,1,0,1,1,5,0,3,3,2,0,2,2,5,0,2,2,0,0,1,1,
06/03/2022,8,1,9,9,0,0,1,1,5,1,4,4,1,0,1,1,1,0,2,2,1,0,1,1,
06/04/2022,10,0,9,10,4,0,2,2,1,0,3,3,1,0,1,1,2,0,2,2,2,0,1,1,
06/05/2022,10,2,9,10,1,0,2,2,4,0,4,4,3,0,2,2,2,1,2,2,0,1,0,1,
06/06/2022,14,0,10,11,1,0,2,2,4,0,4,4,2,0,2,2,4,0,2,3,3,0,1,1,
06/07/2022,6,0,10,10,1,0,1,1,1,0,3,3,2,0,2,2,1,0,2,3,1,0,1,1,
06/08/2022,15,0,11,11,2,0,1,1,4,0,3,4,3,0,2,2,4,0,3,3,2,0,1,1,
06/09/2022,12,0,11,11,1,0,1,1,5,0,3,4,2,0,2,2,3,0,2,3,1,0,1,2,
06/10/2022,12,0,11,12,3,0,2,2,1,0,3,3,3,0,2,2,5,0,3,3,0,0,1,1,
06/11/2022,13,1,12,12,3,0,2,2,4,0,3,3,0,1,2,2,5,0,3,4,1,0,1,1,
06/12/2022,12,1,12,12,1,0,2,2,3,0,3,3,3,0,2,2,4,0,4,4,1,1,1,1,
06/13/2022,6,1,11,11,1,0,2,2,3,1,3,3,0,0,2,2,1,0,3,3,1,0,1,1,
06/14/2022,4,2,11,11,2,0,2,2,1,1,3,3,1,0,2,2,0,0,3,3,0,1,1,1,
06/15/2022,4,1,9,10,0,0,2,2,1,0,3,3,2,0,2,2,1,0,3,3,0,1,1,1,
06/16/2022,11,1,9,10,1,0,2,2,6,0,3,3,2,1,2,2,2,0,3,3,0,0,0,1,
06/17/2022,9,0,8,9,2,0,1,1,3,0,3,3,1,0,1,2,3,0,2,2,0,0,0,1,
06/18/2022,6,1,7,8,2,0,1,1,3,1,3,3,1,0,1,2,0,0,2,2,0,0,0,1,
06/19/2022,3,0,6,7,0,0,1,1,1,0,3,3,0,0,1,1,1,0,1,1,1,0,0,1,
06/20/2022,9,2,7,8,1,0,1,1,5,0,3,3,1,0,1,1,2,1,1,1,0,1,0,1,
06/21/2022,12,2,8,9,2,0,1,1,2,1,3,3,3,1,1,2,4,0,2,2,1,0,0,1,
06/22/2022,6,0,8,9,1,0,1,1,0,0,3,3,2,0,1,2,2,0,2,2,1,0,0,1,
06/23/2022,11,0,8,9,2,0,1,1,3,0,2,3,1,0,1,1,4,0,2,2,1,0,1,1,
06/24/2022,13,0,9,9,0,0,1,1,2,0,2,3,4,0,2,2,5,0,3,3,2,0,1,1,
06/25/2022,11,1,9,10,3,0,1,1,4,0,2,3,0,0,2,2,4,1,3,3,0,0,1,1,
06/26/2022,7,2,10,11,0,0,1,1,3,1,3,3,1,1,2,2,3,0,3,4,0,0,1,1,
06/27/2022,12,3,10,11,0,0,1,1,4,0,3,3,5,1,2,3,2,2,3,4,1,0,1,1,
06/28/2022,10,0,10,11,2,0,1,1,3,0,3,3,2,0,2,2,3,0,3,4,0,0,1,1,
06/29/2022,9,1,10,11,1,0,1,1,3,0,3,3,2,0,2,2,1,1,3,4,2,0,1,1,
06/30/2022,8,1,10,11,2,0,1,1,5,1,3,4,0,0,2,2,1,0,3,3,0,0,1,1,
07/01/2022,8,1,9,11,2,0,1,1,3,0,4,4,0,0,1,2,1,1,2,3,2,0,1,1,
07/02/2022,9,0,9,10,0,0,1,1,5,0,4,4,3,0,2,2,1,0,2,2,0,0,1,1,
07/03/2022,12,1,10,11,0,0,1,1,6,1,4,4,2,0,2,2,3,0,2,2,1,0,1,1,
07/04/2022,12,1,10,10,1,0,1,1,5,0,4,5,2,0,2,2,4,1,2,2,0,0,1,1,
07/05/2022,10,0,10,10,2,0,1,1,7,0,5,5,0,0,1,1,1,0,2,2,0,0,1,1,
07/06/2022,6,0,9,10,1,0,1,1,3,0,5,5,1,0,1,1,1,0,2,2,0,0,0,0,
07/07/2022,8,1,9,10,2,1,1,1,2,0,4,5,2,0,1,1,1,0,2,2,1,0,1,1,
07/08/2022,4,1,9,9,1,0,1,1,3,0,4,5,0,0,1,1,0,0,2,2,0,1,0,0,
07/09/2022,12,2,9,10,1,0,1,1,2,1,4,4,1,0,1,1,6,1,2,3,2,0,1,1,
07/10/2022,7,0,8,9,2,0,1,2,0,0,3,3,3,0,1,1,2,0,2,2,0,0,0,1,
07/11/2022,5,1,7,8,1,0,1,2,0,0,2,3,2,1,1,1,1,0,2,2,1,0,1,1,
07/12/2022,12,3,8,9,2,0,1,2,4,1,2,2,1,1,1,2,5,1,2,3,0,0,1,1,
07/13/2022,12,0,9,10,2,0,2,2,3,0,2,2,1,0,1,2,6,0,3,3,0,0,1,1,
07/14/2022,11,2,9,10,2,0,2,2,3,1,2,3,1,0,1,2,4,1,3,4,1,0,1,1,
07/15/2022,9,0,10,11,3,0,2,2,2,0,2,2,1,0,1,2,3,0,4,4,0,0,1,1,
07/16/2022,6,1,9,10,2,0,2,2,1,0,2,2,1,0,1,2,2,0,3,4,0,1,0,0,
07/17/2022,18,0,10,11,2,0,2,2,0,0,2,2,5,0,2,2,8,0,4,4,3,0,1,1,
07/18/2022,10,1,11,12,2,0,2,2,2,1,2,3,1,0,2,2,1,0,4,4,4,0,1,1,
07/19/2022,11,2,11,12,2,0,2,2,3,1,2,2,1,1,2,2,4,0,4,4,1,0,1,1,
07/20/2022,14,0,11,12,3,0,2,2,4,0,2,3,2,0,2,2,2,0,3,4,3,0,2,2,
07/21/2022,16,1,12,13,3,1,2,3,6,0,3,3,2,0,2,2,5,0,4,4,0,0,2,2,
07/22/2022,17,2,13,14,1,0,2,2,5,0,3,3,1,0,2,2,9,1,4,5,1,1,2,2,
07/23/2022,20,2,15,16,3,0,2,2,8,0,4,4,3,1,2,2,5,0,5,5,1,1,2,2,
07/24/2022,13,3,14,16,0,0,2,2,5,2,5,5,1,1,2,2,4,0,4,4,3,0,2,2,
07/25/2022,18,1,16,17,0,0,2,2,9,1,6,6,5,0,2,3,4,0,5,5,0,0,1,2,
07/26/2022,12,1,16,17,3,0,2,2,3,0,6,6,2,0,2,3,3,0,5,5,1,1,1,2,
07/27/2022,17,0,16,18,0,0,1,2,5,0,6,6,4,0,3,3,7,0,5,5,1,0,1,1,
07/28/2022,17,0,16,18,5,0,2,2,3,0,5,6,3,0,3,3,5,0,5,5,1,0,1,2,
07/29/2022,16,2,16,17,2,0,2,2,5,0,5,6,2,0,3,3,5,2,5,5,2,0,1,2,
07/30/2022,18,0,16,17,2,0,2,2,5,0,5,5,6,0,3,3,3,0,4,5,2,0,1,2,
07/31/2022,13,1,16,17,4,0,2,2,5,0,5,5,1,0,3,3,2,1,4,5,1,0,1,1,
08/01/2022,13,1,15,16,1,0,2,2,4,0,4,4,4,1,3,3,3,0,4,4,1,0,1,1,
08/02/2022,15,1,16,16,2,1,2,2,5,0,5,5,1,0,3,3,7,0,5,5,0,0,1,1,
08/03/2022,11,0,15,15,1,0,2,3,3,0,4,4,1,0,3,3,5,0,4,5,1,0,1,1,
08/04/2022,15,0,14,15,3,0,2,2,3,0,4,4,0,0,2,2,3,0,4,4,6,0,2,2,
08/05/2022,14,1,14,15,2,0,2,2,2,0,4,4,3,1,2,3,6,0,4,4,1,0,2,2,
08/06/2022,16,1,14,15,1,0,2,2,7,0,4,4,1,1,2,2,5,0,4,5,2,0,2,2,
08/07/2022,14,2,14,15,2,0,2,2,3,1,4,4,1,0,2,2,5,1,5,5,3,0,2,2,
08/08/2022,17,2,15,16,2,0,2,2,6,1,4,4,1,1,1,2,6,0,5,5,2,0,2,2,
08/09/2022,17,3,15,16,2,0,2,2,2,2,4,4,2,1,1,2,9,0,6,6,2,0,2,2,
08/10/2022,11,0,15,16,3,0,2,2,3,0,4,4,0,0,1,2,5,0,6,6,0,0,2,2,
08/11/2022,8,0,14,15,1,0,2,2,5,0,4,5,0,0,1,2,0,0,5,5,2,0,2,2,
08/12/2022,12,0,14,15,1,0,2,2,2,0,4,5,5,0,1,2,3,0,5,5,1,0,2,2,
08/13/2022,13,1,13,14,2,1,2,2,6,0,4,4,3,0,2,2,2,0,4,4,0,0,1,1,
08/14/2022,14,1,13,14,3,0,2,2,3,0,4,4,3,0,2,2,5,1,4,4,0,0,1,1,
08/15/2022,11,1,12,13,0,0,2,2,3,0,3,4,2,0,2,2,6,0,4,4,0,1,1,1,
08/16/2022,14,0,12,12,4,0,2,2,5,0,4,4,3,0,2,2,2,0,3,3,0,0,0,1,
08/17/2022,16,0,13,13,4,0,2,2,6,0,4,4,1,0,2,2,5,0,3,3,0,0,0,1,800
08/18/2022,11,1,13,14,2,1,2,3,3,0,4,4,2,0,3,3,3,0,4,4,1,0,0,0,800
08/19/2022,8,1,12,13,0,0,2,2,5,0,4,4,1,0,2,2,1,1,3,4,1,0,0,0,800
08/20/2022,14,1,13,13,2,0,2,2,4,1,4,4,1,0,2,2,4,0,4,4,3,0,1,1,800
08/21/2022,8,0,12,12,1,0,2,2,1,0,4,4,2,0,2,2,3,0,3,4,1,0,1,1,800
08/22/2022,4,0,11,11,1,0,2,2,1,0,4,4,0,0,1,1,2,0,3,3,0,0,1,1,800
08/23/2022,1,1,9,9,0,1,1,2,0,0,3,3,1,0,1,1,0,0,3,3,0,0,1,1,800
