date_of_interest,CASE_COUNT,PROBABLE_CASE_COUNT,HOSPITALIZED_COUNT,DEATH_COUNT,PROBABLE_DEATH_COUNT,CASE_COUNT_7DAY_AVG,ALL_CASE_COUNT_7DAY_AVG,HOSP_COUNT_7DAY_AVG,DEATH_COUNT_7DAY_AVG,ALL_DEATH_COUNT_7DAY_AVG,BX_CASE_COUNT,BX_PROBABLE_CASE_COUNT,BX_HOSPITALIZED_COUNT,BX_DEATH_COUNT,BX_PROBABLE_DEATH_COUNT,BX_CASE_COUNT_7DAY_AVG,BX_PROBABLE_CASE_COUNT_7DAY_AVG,BX_ALL_CASE_COUNT_7DAY_AVG,BX_HOSPITALIZED_COUNT_7DAY_AVG,BX_DEATH_COUNT_7DAY_AVG,BX_ALL_DEATH_COUNT_7DAY_AVG,BK_CASE_COUNT,BK_PROBABLE_CASE_COUNT,BK_HOSPITALIZED_COUNT,BK_DEATH_COUNT,BK_PROBABLE_DEATH_COUNT,BK_CASE_COUNT_7DAY_AVG,BK_PROBABLE_CASE_COUNT_7DAY_AVG,BK_ALL_CASE_COUNT_7DAY_AVG,BK_HOSPITALIZED_COUNT_7DAY_AVG,BK_DEATH_COUNT_7DAY_AVG,BK_ALL_DEATH_COUNT_7DAY_AVG,MN_CASE_COUNT,MN_PROBABLE_CASE_COUNT,MN_HOSPITALIZED_COUNT,MN_DEATH_COUNT,MN_PROBABLE_DEATH_COUNT,MN_CASE_COUNT_7DAY_AVG,MN_PROBABLE_CASE_COUNT_7DAY_AVG,MN_ALL_CASE_COUNT_7DAY_AVG,MN_HOSPITALIZED_COUNT_7DAY_AVG,MN_DEATH_COUNT_7DAY_AVG,MN_ALL_DEATH_COUNT_7DAY_AVG,QN_CASE_COUNT,QN_PROBABLE_CASE_COUNT,QN_HOSPITALIZED_COUNT,QN_DEATH_COUNT,QN_PROBABLE_DEATH_COUNT,QN_CASE_COUNT_7DAY_AVG,QN_PROBABLE_CASE_COUNT_7DAY_AVG,QN_ALL_CASE_COUNT_7DAY_AVG,QN_HOSPITALIZED_COUNT_7DAY_AVG,QN_DEATH_COUNT_7DAY_AVG,QN_ALL_DEATH_COUNT_7DAY_AVG,SI_CASE_COUNT,SI_PROBABLE_CASE_COUNT,SI_HOSPITALIZED_COUNT,SI_DEATH_COUNT,SI_PROBABLE_DEATH_COUNT,SI_CASE_COUNT_7DAY_AVG,SI_PROBABLE_CASE_COUNT_7DAY_AVG,SI_ALL_CASE_COUNT_7DAY_AVG,SI_HOSPITALIZED_COUNT_7DAY_AVG,SI_DEATH_COUNT_7DAY_AVG,SI_ALL_DEATH_COUNT_7DAY_AVG,INCOMPLETE
11/30/2022,3210,827,231,16,3,2744,3392,189,15,17,578,144,51,1,1,463,135,599,39,2,3,980,245,73,7,0,829,167,996,61,6,6,528,117,32,3,0,480,98,578,30,2,2,971,271,70,5,1,829,207,1036,52,4,5,152,50,7,0,1,142,40,182,9,1,1,0
12/01/2022,3074,865,189,16,3,3039,3761,197,15,16,564,183,45,3,1,521,151,671,42,2,3,900,216,52,1,1,912,183,1095,63,5,5,545,138,33,2,0,531,110,641,32,2,2,944,275,50,8,0,921,233,1154,53,5,5,121,53,10,2,1,153,46,199,9,1,1,0
12/02/2022,2972,359,200,15,1,3139,3864,199,15,16,523,59,48,3,0,545,150,694,43,3,3,856,77,55,5,0,942,184,1126,63,5,5,562,51,39,1,1,552,111,663,34,2,2,917,128,51,6,0,947,231,1178,53,5,5,113,44,7,0,0,153,48,201,9,1,1,0
12/03/2022,1658,560,195,22,3,3085,3804,202,17,19,245,103,38,2,2,528,145,674,44,3,3,491,134,61,9,0,928,183,1111,63,6,6,277,99,39,5,0,541,111,652,34,2,2,551,181,49,4,1,935,231,1166,54,5,5,94,43,8,2,0,151,50,200,9,1,1,0
12/04/2022,1837,856,161,13,0,3058,3859,198,17,19,262,150,46,4,0,527,160,687,45,3,4,584,218,34,2,0,920,201,1121,59,5,6,321,157,33,2,0,537,128,665,34,2,2,569,279,43,4,0,928,258,1186,53,5,6,101,52,6,1,0,145,54,199,8,1,1,0
12/05/2022,4096,1088,218,16,4,2961,3747,200,17,19,705,233,54,1,1,510,151,662,47,3,4,1227,320,66,8,0,882,204,1086,59,5,5,733,170,35,1,2,525,128,652,34,2,2,1211,311,52,4,1,902,252,1154,53,5,6,220,54,13,2,0,142,51,193,8,1,1,0
12/06/2022,3303,972,198,21,3,2879,3668,199,17,19,564,202,45,3,0,492,153,645,47,2,3,1001,236,59,7,1,863,207,1069,57,6,6,551,155,28,2,0,502,127,629,34,2,3,1018,301,53,6,1,883,249,1132,53,5,6,167,78,16,3,1,138,53,192,10,1,2,0
12/07/2022,3419,910,225,14,3,2908,3710,198,17,19,574,205,38,3,1,491,162,653,45,3,3,1052,224,66,3,1,873,204,1077,56,5,5,661,131,47,4,1,521,129,650,36,2,3,961,270,67,4,0,882,249,1131,52,5,6,166,80,9,0,0,140,58,198,10,1,2,0
12/08/2022,3141,939,199,21,2,2918,3730,199,17,20,525,208,45,6,0,485,166,651,45,3,4,909,230,55,7,1,874,206,1080,57,6,6,592,144,31,3,0,528,130,658,36,3,3,972,269,51,5,1,886,248,1134,52,5,5,142,88,17,0,0,143,63,206,11,1,1,0
12/09/2022,2978,798,188,17,4,2919,3794,198,18,20,545,183,38,2,1,489,183,672,43,3,4,843,216,62,6,1,872,225,1098,58,6,7,609,133,32,4,0,535,141,676,35,3,3,836,207,48,5,2,874,260,1134,52,5,5,145,59,9,0,0,148,65,213,11,1,1,0
12/10/2022,1728,630,176,18,2,2929,3814,195,17,20,287,123,34,6,0,495,186,681,43,4,4,522,148,68,3,0,877,227,1104,59,5,6,284,107,24,3,0,536,142,678,33,3,3,543,188,43,5,1,873,261,1134,51,5,6,92,64,11,1,1,148,68,215,12,1,1,0
12/11/2022,1684,642,152,30,1,2907,3761,194,20,22,249,122,25,8,0,493,182,675,40,4,5,565,161,45,7,0,874,219,1093,60,6,6,262,116,25,6,0,527,137,664,32,3,4,486,187,47,7,1,861,248,1109,52,5,6,122,56,11,2,0,151,68,219,12,1,1,0
12/12/2022,4063,1084,209,20,3,2902,3756,192,20,23,723,228,45,0,1,495,182,677,39,4,4,1203,268,75,6,0,871,212,1083,61,6,6,796,160,37,4,0,536,135,672,32,4,4,1156,337,44,9,2,853,251,1104,50,6,7,184,91,10,1,0,145,74,219,12,1,1,0
12/13/2022,3632,962,225,19,0,2949,3801,196,20,22,636,192,52,4,0,506,180,686,40,4,5,1082,251,60,4,0,882,214,1096,62,5,6,737,194,48,2,0,563,141,704,35,4,4,992,258,56,8,0,849,245,1095,51,6,7,184,67,11,1,0,148,72,220,11,1,1,0
12/14/2022,3410,926,227,25,3,2948,3802,197,21,24,571,217,48,4,0,505,182,687,41,4,5,1004,235,57,8,1,875,216,1091,60,6,6,669,151,39,1,0,564,144,708,34,3,3,990,261,72,11,0,854,244,1097,52,7,8,176,62,11,1,2,149,70,219,11,1,1,0
12/15/2022,2962,856,210,27,5,2922,3765,198,22,25,478,173,43,6,2,498,177,675,41,4,5,926,225,54,7,0,878,215,1093,60,6,6,503,121,43,4,1,551,140,692,35,3,4,893,260,62,7,2,842,243,1085,53,7,9,162,77,10,3,0,152,68,220,10,1,2,0
12/16/2022,2660,755,224,19,2,2877,3713,203,23,25,463,156,48,4,0,487,173,660,42,5,5,774,201,66,6,2,868,213,1081,61,6,6,483,110,29,3,0,533,137,670,35,3,3,775,212,61,3,0,834,243,1077,55,7,8,164,76,22,3,0,155,70,225,12,2,2,0
12/17/2022,2024,687,159,19,2,2919,3764,201,23,25,326,121,32,2,0,492,173,665,42,4,4,588,167,43,4,1,877,215,1093,57,6,7,370,132,21,5,0,546,141,686,35,4,4,614,212,52,8,1,844,247,1090,56,8,8,126,55,13,0,0,160,69,229,13,2,2,0
12/18/2022,1865,736,165,27,2,2945,3803,203,22,25,261,142,40,1,1,494,176,670,44,3,4,590,192,47,7,1,881,220,1101,57,6,7,328,139,32,5,0,555,144,699,36,3,4,533,189,33,9,0,850,247,1097,54,8,9,152,74,15,5,0,164,72,236,13,2,2,0
12/19/2022,3938,1043,223,16,2,2927,3779,205,22,24,659,214,42,0,0,485,174,658,44,3,3,1159,241,51,5,0,875,216,1091,54,6,7,707,169,52,4,1,542,145,688,38,3,4,1130,328,52,5,1,847,246,1092,55,7,8,282,91,27,2,0,178,72,250,16,2,2,0
12/20/2022,3439,1014,183,26,3,2900,3759,199,23,25,625,229,44,4,1,483,179,662,42,3,4,1026,242,53,11,1,867,215,1081,53,7,8,641,164,29,5,0,529,141,670,35,4,4,959,293,49,5,0,842,251,1093,54,7,7,187,86,13,1,1,178,74,253,16,2,3,0
12/21/2022,3342,900,201,24,1,2890,3746,195,23,25,577,179,40,3,0,484,173,658,41,3,3,984,237,54,10,0,864,215,1079,53,7,8,621,140,38,3,1,522,139,661,35,4,5,949,257,55,8,0,836,250,1086,52,6,7,209,87,16,0,0,183,78,261,17,2,2,0
12/22/2022,2838,784,207,21,1,2872,3718,195,22,24,473,172,37,4,0,483,173,657,40,3,3,848,184,67,3,0,853,209,1062,54,7,7,545,123,29,6,0,528,140,667,33,4,5,799,228,59,6,1,823,246,1068,52,6,7,173,77,16,2,0,185,78,263,17,2,2,0
12/23/2022,2399,779,169,28,2,2835,3684,187,23,25,391,146,34,7,0,473,172,645,38,3,3,696,184,45,8,0,842,207,1048,51,7,7,436,119,34,4,1,521,141,662,34,5,5,715,249,39,6,1,814,251,1065,48,7,7,161,81,17,3,0,184,79,263,17,2,2,0
12/24/2022,1022,422,124,25,0,2692,3503,182,24,25,175,86,30,4,0,452,167,618,38,3,4,318,95,44,9,0,803,196,999,52,8,8,152,77,21,3,0,490,133,623,34,4,5,305,119,21,7,0,770,238,1008,44,7,7,72,45,10,2,0,177,77,254,16,2,2,0
12/25/2022,842,308,147,27,2,2546,3296,179,24,25,139,43,39,5,0,434,153,587,38,4,4,263,69,40,7,0,756,179,935,51,8,8,145,60,27,2,0,464,122,586,33,4,4,228,109,31,6,2,726,226,953,44,6,7,67,27,11,7,0,164,71,235,16,2,3,0
12/26/2022,2321,966,187,29,1,2315,3054,174,26,27,350,211,35,3,0,390,152,542,37,4,4,744,228,49,8,0,697,177,874,50,8,8,380,145,38,6,0,417,118,535,31,4,4,680,279,52,9,0,662,219,881,44,7,7,167,103,14,3,1,148,72,220,14,3,3,0
12/27/2022,3468,986,227,26,5,2319,3054,180,26,27,612,239,42,5,2,388,154,542,37,4,5,1000,236,53,10,0,693,176,869,50,8,8,510,142,36,4,0,398,115,514,32,4,4,1107,275,70,7,3,683,217,900,47,7,8,239,94,26,0,0,155,73,229,16,2,3,0
12/28/2022,3172,915,242,30,2,2295,3032,186,27,28,604,178,51,6,1,392,154,546,38,5,5,908,219,65,10,0,682,174,856,52,8,8,516,147,34,4,0,383,116,500,31,4,4,891,264,71,9,1,675,218,893,49,7,8,253,107,22,1,0,162,76,238,17,3,3,0
12/29/2022,3077,807,228,28,2,2329,3069,189,28,30,581,178,51,2,1,407,154,562,40,5,5,891,192,60,11,0,689,175,863,51,9,9,507,136,41,6,1,378,118,496,33,4,4,887,214,59,7,0,688,216,903,49,7,8,211,87,18,2,0,167,78,245,17,3,3,0
12/30/2022,2698,784,240,31,2,2371,3113,199,28,30,506,158,59,6,0,424,156,580,44,4,5,780,198,48,9,1,701,177,877,51,9,9,462,131,53,4,0,382,120,501,36,4,4,783,215,63,8,1,697,211,908,52,8,9,167,82,18,4,0,168,78,246,17,3,3,0
12/31/2022,1453,567,189,20,2,2433,3195,209,27,30,255,93,46,4,0,435,157,592,46,4,5,418,150,43,4,0,715,185,899,51,8,9,229,83,30,5,1,393,121,513,37,4,5,431,155,56,5,0,715,216,931,57,7,8,120,86,14,2,1,175,84,259,18,3,3,0
01/01/2023,1139,452,208,28,3,2475,3258,217,27,30,181,75,46,2,0,441,162,603,47,4,5,362,125,48,12,0,729,193,922,52,9,9,164,74,33,2,2,395,123,518,38,4,5,339,143,59,9,1,731,221,952,61,8,9,93,35,23,3,0,179,85,263,19,2,2,0
01/02/2023,2814,980,183,20,1,2546,3330,217,26,29,432,205,41,2,0,453,161,614,48,4,4,869,251,52,1,0,747,196,943,53,8,8,460,151,32,6,0,407,123,530,37,4,5,859,279,42,9,1,757,221,977,60,8,9,194,94,16,2,0,182,84,266,20,2,2,0
01/03/2023,3793,991,221,24,2,2592,3377,216,26,28,692,216,46,2,0,464,158,622,49,3,4,1092,245,49,10,1,760,197,957,52,8,8,674,179,39,2,1,430,129,559,37,4,5,1098,261,77,9,0,755,219,974,61,8,9,237,90,10,1,0,182,83,265,17,2,2,0
01/04/2023,3341,939,186,24,1,2616,3405,208,25,27,650,203,37,6,0,471,161,632,47,3,4,939,227,66,8,0,764,198,963,52,8,8,589,157,23,1,0,441,130,571,36,4,4,971,263,44,9,1,767,219,985,57,8,9,190,89,16,0,0,173,80,254,16,2,2,0
01/05/2023,2877,838,220,25,2,2588,3381,207,25,26,534,167,48,8,1,464,160,624,46,4,4,844,230,58,7,1,758,204,961,52,7,8,510,136,36,4,0,441,130,571,35,3,4,844,237,60,5,0,761,222,983,57,8,8,143,68,20,1,0,163,78,241,17,2,2,0
01/06/2023,2478,747,159,38,2,2556,3344,195,26,27,477,173,28,6,1,460,162,622,42,4,5,696,172,44,14,1,746,200,946,51,8,8,462,140,28,6,0,441,131,573,32,4,4,697,195,47,9,0,748,219,967,55,8,8,145,67,13,3,0,160,76,236,16,2,2,0
01/07/2023,1456,480,140,19,3,2557,3332,188,25,27,239,102,35,2,0,458,163,621,40,4,4,403,124,33,7,0,744,196,940,50,8,9,268,91,29,5,1,447,133,579,31,4,4,462,134,33,4,2,753,216,969,52,8,8,84,29,12,1,0,155,67,223,16,2,2,0
01/08/2023,1343,529,123,18,1,2586,3372,176,24,26,180,118,24,6,0,458,169,627,37,5,5,400,122,37,4,0,749,196,945,48,7,8,251,107,31,3,0,459,137,596,31,4,4,404,129,23,3,0,762,214,976,47,7,7,108,53,11,2,1,157,70,227,14,1,2,0
01/09/2023,2868,737,192,25,4,2594,3345,177,25,27,512,182,27,5,3,469,166,635,35,5,6,867,193,61,6,1,749,188,936,50,8,9,497,119,28,6,0,464,133,597,31,4,4,803,183,61,7,0,754,200,954,49,7,7,188,60,20,1,0,156,65,222,15,1,1,0
01/10/2023,2446,630,177,18,1,2401,3101,171,24,26,466,160,23,1,0,437,158,595,32,5,6,757,163,53,5,0,701,176,877,50,7,8,420,90,42,2,0,428,120,548,31,4,4,669,167,53,9,1,693,187,880,46,7,7,133,50,9,1,0,142,59,201,14,1,1,0
01/11/2023,2214,561,170,17,0,2240,2886,169,23,25,427,146,42,4,0,405,150,555,32,5,5,733,140,44,5,0,671,163,835,47,7,7,362,91,24,4,0,396,111,506,31,4,4,581,154,51,3,0,637,171,808,47,6,6,110,30,11,1,0,130,51,181,14,1,2,0
01/12/2023,2079,591,136,17,1,2126,2737,157,22,23,371,137,31,2,0,382,145,527,30,4,4,656,158,42,5,1,645,153,798,45,7,7,365,79,22,3,0,375,102,477,29,4,4,560,178,37,4,0,597,163,759,44,6,6,127,39,7,3,0,128,47,175,12,2,2,0
01/13/2023,1848,537,157,19,4,2036,2617,156,19,21,356,106,38,2,1,364,136,500,31,3,4,554,130,41,6,2,624,147,771,44,5,6,311,84,28,3,0,353,94,448,29,4,4,518,175,40,6,1,571,160,731,43,5,6,107,42,11,2,0,122,43,166,12,2,2,0
01/14/2023,1114,383,119,23,3,1987,2554,153,20,22,182,91,27,6,1,356,134,491,30,4,4,301,101,25,4,2,610,144,754,43,5,6,202,63,22,3,0,344,90,434,28,3,3,340,101,30,7,0,554,155,709,42,6,6,89,27,15,3,0,123,43,166,12,2,2,0
01/15/2023,1035,393,95,17,1,1943,2491,149,19,21,173,68,28,4,0,355,127,482,31,3,4,318,104,23,2,1,598,141,739,41,5,6,179,81,20,3,0,334,87,420,27,3,3,286,96,17,7,0,537,151,687,41,6,6,79,44,7,1,0,119,42,161,11,2,2,0
01/16/2023,1710,541,144,18,1,1778,2297,143,18,20,276,131,35,3,1,322,120,441,32,3,4,561,119,42,6,0,554,131,685,39,5,6,278,71,18,2,0,302,80,382,25,3,3,478,167,38,4,0,490,148,639,38,6,6,117,53,12,3,0,109,41,150,10,2,2,0
01/17/2023,2440,662,163,20,1,1777,2301,141,19,20,482,161,33,4,0,324,120,444,33,4,4,738,146,47,5,0,552,128,680,38,5,6,393,99,19,4,0,299,81,380,22,3,3,677,194,49,6,1,491,152,644,37,5,6,149,62,15,1,0,111,42,154,11,2,2,0
01/18/2023,1794,546,157,14,1,1717,2239,139,18,20,374,136,33,0,1,316,119,435,32,3,4,534,118,40,5,0,523,125,648,37,5,6,298,87,34,1,0,289,81,370,23,3,3,485,148,43,6,0,478,151,629,36,6,6,103,57,7,2,0,110,46,156,11,2,2,0
01/19/2023,1682,441,133,14,0,1660,2161,138,18,19,327,108,34,5,0,310,114,424,33,3,4,510,108,38,5,0,502,118,620,37,5,5,304,69,24,0,0,281,79,360,24,2,2,449,110,28,1,0,462,142,603,35,5,6,92,46,10,3,0,105,47,152,11,2,2,0
01/20/2023,1683,459,130,19,3,1637,2126,134,18,19,310,98,31,2,0,303,113,417,32,3,4,489,126,26,5,2,493,117,610,34,5,5,325,83,36,3,0,283,79,362,25,2,2,455,95,24,8,1,453,130,583,33,6,6,104,57,14,1,0,105,49,154,11,2,2,0
01/21/2023,1000,337,107,22,1,1621,2103,133,18,19,176,57,28,5,0,303,108,411,32,3,4,308,88,30,5,1,494,116,610,35,5,5,135,57,14,4,0,273,78,351,24,2,2,323,101,32,7,0,450,130,581,33,6,6,58,34,5,1,0,100,50,151,10,2,2,0
01/22/2023,951,397,92,21,2,1609,2092,132,18,20,154,82,21,3,0,300,110,410,31,3,3,269,105,29,9,1,487,116,603,36,6,6,160,49,16,2,0,270,74,344,23,2,2,272,122,17,7,1,448,134,582,33,6,6,95,39,10,0,0,103,50,152,10,2,2,0
01/23/2023,1960,553,142,15,3,1644,2129,132,18,19,383,132,32,1,1,315,111,426,30,3,3,574,130,38,5,1,489,117,606,35,6,6,338,86,26,4,0,279,76,355,24,3,3,548,143,38,3,1,458,130,589,33,5,6,117,62,9,2,0,103,51,154,10,1,1,0
01/24/2023,1766,488,107,28,1,1548,2008,124,19,21,367,133,34,4,1,299,107,405,30,3,3,495,118,30,9,0,454,113,567,33,6,7,305,75,16,3,0,266,72,339,24,2,2,503,116,28,9,0,434,119,553,30,6,6,96,46,2,3,0,95,49,144,8,2,2,0
01/25/2023,1501,444,116,21,1,1506,1952,118,20,22,284,74,21,1,0,286,98,384,29,3,3,454,107,37,7,0,443,112,554,33,6,7,279,68,20,2,0,264,70,333,22,3,3,376,143,29,8,1,418,119,537,28,6,7,108,52,10,3,0,96,48,144,9,2,2,0
01/26/2023,1529,390,108,14,3,1484,1923,115,20,22,278,96,26,3,2,279,96,375,28,3,3,459,93,26,6,1,435,110,545,31,7,7,276,49,17,0,0,260,67,326,21,3,3,406,112,27,3,0,412,119,531,28,6,7,110,40,12,2,0,98,47,145,9,2,2,0
01/27/2023,1408,390,103,16,0,1445,1873,111,20,21,278,81,24,3,0,274,94,368,27,3,3,409,89,29,3,0,424,104,528,31,6,7,258,54,17,4,0,250,63,313,18,3,3,355,115,24,6,0,398,122,519,28,6,7,106,51,9,0,0,99,46,145,8,2,2,0
01/28/2023,838,301,104,15,0,1422,1845,110,19,20,151,58,18,2,0,271,94,364,25,2,3,241,77,36,6,0,414,103,517,32,6,7,150,47,17,2,0,252,61,313,18,2,2,225,91,24,5,0,384,120,504,27,6,6,71,28,9,0,0,100,45,146,9,1,1,0
01/29/2023,736,295,88,17,1,1391,1800,110,18,19,116,68,21,1,0,265,92,357,25,2,3,208,69,28,4,0,406,98,503,32,6,6,131,40,13,6,0,248,60,308,18,3,3,193,71,17,5,1,372,113,485,27,6,6,88,47,9,1,0,99,47,146,9,2,2,0
01/30/2023,1932,465,131,17,0,1387,1783,108,18,19,339,102,22,3,0,259,87,346,24,2,3,623,110,44,5,0,413,95,507,33,6,6,321,59,22,1,0,246,56,302,17,3,3,513,134,32,5,0,367,112,479,26,6,6,136,60,11,3,0,102,46,148,9,2,2,0
01/31/2023,1561,384,113,18,1,1358,1739,109,17,18,283,81,26,4,0,247,80,327,23,2,3,500,105,35,6,0,413,93,506,34,5,5,269,49,18,3,0,241,52,293,18,3,3,403,113,29,2,1,353,111,464,26,5,5,102,36,5,3,0,103,45,148,9,2,2,0
02/01/2023,1301,316,97,17,1,1329,1692,106,16,17,238,81,16,1,0,240,81,321,22,2,3,418,64,27,6,0,408,87,495,32,5,5,220,48,19,3,0,232,49,282,18,3,3,351,91,22,7,1,349,104,453,25,5,5,74,32,15,0,0,98,42,140,10,1,1,0
02/02/2023,1198,368,98,16,1,1282,1642,105,17,17,212,80,23,4,0,231,79,310,21,3,3,375,83,24,5,0,396,85,482,32,5,5,204,59,19,3,0,222,51,273,18,3,3,321,103,23,4,1,337,103,440,24,5,5,85,43,11,0,0,95,42,137,10,1,1,0
02/03/2023,990,264,95,16,1,1222,1564,104,17,17,176,57,21,1,0,216,75,292,21,2,2,307,63,30,7,0,382,82,463,32,6,6,176,36,14,4,0,210,48,258,17,3,3,254,76,19,1,0,323,97,420,24,4,5,76,32,14,3,1,90,40,130,11,1,2,0
02/04/2023,490,173,79,22,1,1173,1496,100,18,18,88,34,16,6,0,207,72,279,21,3,3,110,41,22,6,0,363,76,439,30,6,6,85,36,15,3,0,201,47,248,17,3,3,155,42,20,4,0,313,90,403,23,4,5,52,20,7,3,1,88,39,126,10,2,2,0
02/05/2023,591,266,84,13,2,1152,1471,100,17,18,94,51,20,3,1,204,69,274,21,3,3,180,68,23,4,0,359,76,435,29,6,6,93,50,20,2,1,195,48,244,18,3,3,168,63,19,3,0,309,89,398,23,4,4,56,34,4,1,0,83,37,120,10,2,2,0
02/06/2023,1548,388,106,11,0,1097,1405,96,16,17,253,85,28,1,0,192,67,259,21,3,3,479,102,29,2,0,338,75,414,27,5,5,307,52,11,4,0,193,47,241,17,3,3,382,116,31,3,0,291,86,377,23,3,4,126,33,10,1,0,82,33,114,9,2,2,0
02/07/2023,1228,284,103,12,0,1049,1344,95,15,16,214,69,29,1,0,182,65,247,22,2,3,367,54,20,5,0,319,68,387,25,5,5,227,47,18,1,0,187,47,234,17,3,3,317,78,25,3,0,278,81,360,23,4,4,102,36,11,2,0,82,33,114,10,1,2,0
02/08/2023,1072,293,82,11,0,1017,1308,92,14,15,182,55,19,2,0,174,62,236,22,3,3,323,70,16,2,0,306,69,375,23,4,4,215,48,22,1,0,187,47,234,17,3,3,282,95,20,5,0,268,82,350,22,3,3,70,25,5,1,0,81,32,113,9,2,2,0
02/09/2023,984,284,93,12,1,986,1265,92,14,15,157,53,20,3,0,166,58,224,22,2,3,324,83,20,1,0,299,69,367,23,4,4,171,40,22,2,0,182,44,226,17,2,3,270,82,23,5,0,261,79,340,22,3,3,62,26,9,1,1,78,29,107,9,2,2,0
02/10/2023,897,215,85,14,1,973,1245,90,14,14,160,42,14,2,0,164,56,220,21,3,3,253,45,25,4,0,291,66,357,22,3,3,179,32,19,5,0,182,44,226,18,3,3,240,65,22,1,1,259,77,336,23,3,4,63,31,6,2,0,76,29,105,7,2,2,0
02/11/2023,543,173,72,14,2,980,1252,89,12,13,95,33,18,3,0,165,55,220,21,2,2,148,46,23,4,0,296,67,363,22,3,3,117,32,15,1,0,187,43,230,18,2,2,144,47,12,4,1,258,78,336,22,3,4,39,15,5,2,1,74,29,103,7,1,2,0
02/12/2023,503,219,60,10,1,968,1233,86,12,13,66,45,14,1,1,161,55,216,20,2,2,141,57,21,1,0,291,65,356,22,3,3,92,44,6,3,0,187,42,229,16,2,2,145,49,15,3,0,254,76,330,21,3,4,57,24,6,2,0,74,27,101,7,2,2,0
02/13/2023,1169,313,99,6,1,914,1168,85,11,12,167,56,17,1,0,149,50,199,19,2,2,355,74,28,2,0,273,61,334,22,3,3,237,62,19,3,0,177,44,220,17,2,2,315,89,27,0,0,245,72,317,21,3,3,94,32,9,0,1,70,27,97,7,1,2,0
02/14/2023,904,242,54,11,1,867,1116,78,11,12,155,44,8,2,0,140,47,187,16,2,2,265,54,19,7,0,258,61,320,22,3,3,205,56,9,0,0,174,45,219,16,2,2,214,68,11,2,1,230,71,301,19,3,3,65,20,8,0,0,64,25,89,7,1,2,0
02/15/2023,861,238,79,8,0,837,1078,77,11,12,138,38,14,1,0,134,44,178,15,2,2,250,56,22,2,0,248,59,307,23,3,3,190,51,18,3,0,170,45,215,15,2,2,230,70,18,1,0,223,67,290,18,2,3,52,23,7,1,0,62,24,86,7,1,2,0
02/16/2023,834,245,75,5,0,816,1051,75,10,11,148,53,19,0,0,133,44,177,15,1,2,239,49,26,1,0,236,54,290,23,3,3,188,42,9,2,0,173,46,218,14,2,2,199,77,17,2,0,212,66,279,17,2,2,60,24,7,0,0,61,24,86,7,1,1,0
02/17/2023,611,151,68,9,1,775,1001,72,9,10,110,18,15,1,0,126,41,167,15,1,1,196,47,16,5,1,228,55,282,22,3,3,110,19,9,0,0,163,44,206,12,2,2,147,51,23,1,0,199,64,264,18,2,2,48,16,5,2,0,59,22,81,7,1,1,0
02/18/2023,419,174,56,6,0,757,983,70,8,8,57,30,9,1,0,120,41,161,14,1,1,119,33,18,1,0,224,53,276,21,3,3,102,45,13,1,0,161,46,206,12,2,2,116,46,14,2,0,195,64,259,18,2,2,25,20,4,1,0,57,23,80,7,1,1,0
02/19/2023,383,156,55,1,1,740,957,69,7,7,47,30,14,0,0,117,38,156,14,1,1,108,43,18,0,0,219,51,270,21,3,3,74,25,9,0,0,158,43,201,12,1,1,125,42,10,1,1,192,63,256,17,1,2,29,16,5,0,0,53,22,75,6,1,1,0
02/20/2023,595,200,69,5,2,658,859,65,6,7,93,43,12,1,0,107,37,143,13,1,1,186,51,28,1,0,195,48,242,21,2,3,132,37,10,1,0,143,39,182,11,1,1,143,56,16,1,2,168,59,226,16,1,2,41,13,4,1,0,46,19,65,6,1,1,0
02/21/2023,778,203,50,3,1,640,835,65,5,6,106,37,18,0,0,100,36,135,14,1,1,248,43,13,2,0,192,46,238,20,2,2,185,51,12,0,0,140,39,179,11,1,1,186,53,8,1,1,164,56,220,15,1,2,52,19,1,0,0,44,19,63,5,1,1,0
02/22/2023,642,162,52,2,0,609,793,61,4,5,115,29,15,0,0,97,34,131,15,0,0,193,37,16,1,0,184,43,227,19,2,2,118,37,6,0,0,130,37,166,10,1,1,174,42,10,1,0,156,52,208,14,1,2,42,17,5,0,0,42,18,60,4,1,1,60980
02/23/2023,665,184,46,3,0,585,760,57,4,5,95,37,7,0,0,89,32,121,13,0,0,235,37,10,1,0,184,42,225,17,2,2,137,32,12,0,0,123,35,158,10,0,0,159,55,6,1,0,150,49,199,12,1,2,39,23,11,1,0,39,18,57,5,1,1,60980
02/24/2023,524,165,50,0,1,572,750,54,3,4,99,23,9,0,1,87,33,120,12,0,0,130,48,14,0,0,174,42,216,17,1,1,114,38,8,0,0,123,38,161,10,0,0,146,38,14,0,0,150,47,197,11,1,2,35,18,5,0,0,38,18,56,5,0,0,60980
02/25/2023,325,119,38,3,0,559,729,51,2,3,38,26,6,1,0,85,32,117,12,0,0,98,30,14,0,0,171,41,212,16,1,1,61,26,7,0,0,117,35,152,9,0,0,100,24,7,2,0,148,44,192,10,1,2,28,13,4,0,0,38,17,55,5,0,0,60980
02/26/2023,339,137,35,2,0,553,720,49,3,3,51,14,6,0,0,85,30,115,10,0,0,89,29,11,0,0,168,39,208,15,1,1,73,25,5,1,0,117,35,152,9,0,0,91,49,10,0,0,143,45,188,10,1,1,35,20,3,1,0,39,18,56,5,0,0,60980
02/27/2023,753,191,9,3,1,575,741,40,2,3,98,32,0,1,0,86,28,114,9,0,0,218,43,4,1,1,173,38,211,12,1,1,197,39,0,0,0,126,35,162,7,0,0,195,58,4,1,0,150,46,196,8,1,1,45,19,1,0,0,39,18,58,4,0,0,60980
02/28/2023,438,129,0,2,0,527,682,33,2,2,57,25,0,0,0,79,27,106,6,0,0,135,32,0,1,0,157,37,193,10,1,1,89,26,0,1,0,113,32,145,5,0,0,121,30,0,0,0,141,42,183,7,1,1,36,16,0,0,0,37,18,55,4,0,0,60980
