"End date","Bronx","Brooklyn","Manhattan","Queens","Staten Island","Citywide","   10001","   10002","   10003","   10004","   10005","   10006","   10007","   10009","   10010","   10011","   10012","   10013","   10014","   10016","   10017","   10018","   10019","   10021","   10022","   10023","   10024","   10025","   10026","   10027","   10028","   10029","   10030","   10031","   10032","   10033","   10034","   10035","   10036","   10037","   10038","   10039","   10040","   10044","   10065","   10069","   10075","   10128","   10280","   10282","   10301","   10302","   10303","   10304","   10305","   10306","   10307","   10308","   10309","   10310","   10312","   10314","   10451","   10452","   10453","   10454","   10455","   10456","   10457","   10458","   10459","   10460","   10461","   10462","   10463","   10464","   10465","   10466","   10467","   10468","   10469","   10470","   10471","   10472","   10473","   10474","   10475","   11004","   11101","   11102","   11103","   11104","   11105","   11106","   11109","   11201","   11203","   11204","   11205","   11206","   11207","   11208","   11209","   11210","   11211","   11212","   11213","   11214","   11215","   11216","   11217","   11218","   11219","   11220","   11221","   11222","   11223","   11224","   11225","   11226","   11228","   11229","   11230","   11231","   11232","   11233","   11234","   11235","   11236","   11237","   11238","   11239","   11354","   11355","   11356","   11357","   11358","   11360","   11361","   11362","   11363","   11364","   11365","   11366","   11367","   11368","   11369","   11370","   11372","   11373","   11374","   11375","   11377","   11378","   11379","   11385","   11411","   11412","   11413","   11414","   11415","   11416","   11417","   11418","   11419","   11420","   11421","   11422","   11423","   11426","   11427","   11428","   11429","   11432","   11433","   11434","   11435","   11436","   11691","   11692","   11693","   11694","   11697"
12/12/2022,13.89,9.91,12.84,16.39,13.26,12.728,7.14,16.31,12.8,12.5,11.27,2.94,7.94,14.66,13.97,12.86,12.32,13.39,11.2,16.37,11.11,11.4,13.58,13.3,14.04,13.25,11.4,13.06,15.35,10.33,13.14,15.32,12.78,9.55,10.35,13.22,10.64,14.38,13.56,16.39,17.05,15.85,12.19,8.59,11.26,8.26,14.45,12.98,13.04,17.39,13.28,11.23,13.08,11.83,13.17,17.12,14.81,14.19,14.8,12.12,16.52,10.43,17.75,13.08,13.41,14.47,14.43,12.76,12.85,11.8,11.26,11.24,14.67,15.36,12.28,8.7,14.99,14.4,15.22,12.32,16.13,13.61,13.19,15.18,12.06,15.38,19.83,20.22,16.52,15.59,16.06,13.31,16.34,17.09,16.22,13.29,17.3,4.62,5.5,7.9,14.79,17.29,14.11,14.18,6.06,17.09,13.52,13.33,10.43,14.1,13.38,4.83,2.23,13.81,18.18,14.18,14.04,16.56,13.06,16.36,15.9,18.06,12.39,8.72,14.56,15.79,16.83,15.13,19.01,16.39,11.63,20.81,16.86,14.97,15.29,11.64,13.04,12.37,17.58,14.44,4.35,16.08,12.87,18.67,13.43,15,11.47,14.55,17.91,19.35,17.75,16.45,16.62,16.05,14.1,19.49,19.17,18.08,16.3,22.3,21.21,17.33,18.45,14.82,19.45,17.71,19.79,22.48,16.09,13.93,18.9,16.67,15.51,13.39,14.67,19.85,17.72,16.92,16.32,12.92,11.5,10.37,2.5
12/13/2022,14.19,9.94,13.19,16.56,13.28,12.872,7.5,15.92,14.14,11.54,7.46,12.12,10.14,13.77,12.9,13.29,12.68,15.57,12.13,16.8,13.64,13.68,13.55,13.22,13.91,13.82,12.56,13.34,13.79,10.61,14.81,16.4,13.47,10.46,10.42,12.38,11.89,14.29,15.04,15.38,17.83,16.37,11.4,10.77,12.2,7.63,12.7,13.8,11.11,15.22,13.67,11.96,15.98,11.35,12.81,15.69,17.29,14.34,14.39,11.84,16.17,10.67,17.01,12.86,12.95,16.45,15.57,12.75,14.9,12.48,14.29,12.15,15.1,14.42,12.62,10,15.98,14.44,15.65,12.78,15.12,14.85,11.81,14.65,12.61,16.95,19.07,17.84,17.99,16.14,17.65,12.96,16.31,15.66,14.29,13.99,16.86,4.39,5.74,8.61,16.31,17.48,15.37,13.8,6.12,18.44,14.14,13.37,10.69,13.89,11.23,4.71,2.22,13.72,17.17,13.43,14.54,16.23,12.56,16,16.03,16.18,12.39,10.1,11.76,16.03,17.17,16.38,20.16,15.36,12.07,17.27,16.44,15.2,13.36,15.83,13.26,13.57,18.15,12,4.76,16.27,14.35,18.57,14.2,15.76,11.72,14.89,16.2,20.49,18.05,15.14,16.7,16.67,14.83,18.91,18.85,18.96,17.6,20.96,22.06,17.35,18.95,14.84,17.4,18.22,21.05,21.97,17.72,15.58,17.86,17.09,16.56,14.71,15.78,18.55,16.32,14.42,15.58,15.52,13.73,11.8,2.7
12/14/2022,14.45,9.87,13.15,16.81,13.63,12.924,7.59,14.44,13.64,7.14,13.24,14.71,10.26,13.84,13.9,13.71,12.9,17.86,12.32,17.27,13.09,13.91,12.9,12.29,14.46,12.89,12.58,12.53,13.29,10.83,14.72,15.65,14.16,10.51,12.3,11.87,12.18,13.88,15.1,14.92,17.05,16.73,11.03,9.76,12.63,7.44,12.89,14.75,9.23,16.67,13.4,10.8,15.97,10.93,13.83,16.55,18.32,16.32,15.61,12.66,15.27,11.12,16.47,13,14.14,15.38,15.73,12.86,15.26,13.43,15.12,11.89,14.71,15.63,12.69,9.62,15.64,14.57,15.27,14.36,14.83,14.78,11.54,14.36,14.37,19.3,17.33,16.57,17.66,16.63,18.08,12.75,18.44,14.79,12.82,13.46,18.17,4.75,5.35,8.81,16.44,17.99,14.42,13.72,6.13,17.9,14.26,12.97,9.77,13.22,10.67,4.86,2.09,14.17,15.77,12.91,14.97,17.05,12.24,15.05,15.67,16.92,12.37,11.27,11.7,16.88,17.93,15.9,20.61,16.04,12.21,17.81,15.54,15.85,14.01,16.67,14.66,14.21,18.35,15.24,3.51,17.1,13.74,19.31,15.68,16.31,10.95,13.39,16.21,20.6,17.83,15.39,18.31,16.8,17.52,19.6,17.37,17.38,18.66,19.27,22.12,15.58,20.35,15.97,18.27,19.67,22.46,20.86,17.83,12.5,16.06,18.23,18.1,13.42,17.12,17.06,17.73,14.01,15.56,15.34,15.74,13.66,4.88
12/15/2022,14.43,10.31,12.9,16.9,13.89,13.076,7.82,14.29,14.83,7.69,12.12,17.65,11.94,14.74,13.12,13.1,13.3,17.65,11.87,18,13.99,14,13.61,12.31,13.4,12.99,11.28,11.87,12.42,10.28,13.05,15.95,13.19,10.12,11.89,10.56,13.12,12.79,15.98,14.52,18.27,15.47,12.52,10.17,11.22,8.18,12.66,13.3,10,16.98,15.05,10.06,16.59,10.19,14.04,17.54,17.61,15.57,17.39,13.56,15.91,10.46,15.47,12.14,14.04,14.74,17.01,13.25,15.27,12.91,16.28,11.93,14.85,16.29,13.5,10.42,16.45,15.57,14.9,14.07,14.01,15.23,11.35,13.66,13.83,20.37,15.97,17.18,17.01,15.66,17.22,13.11,18.2,13.82,13.75,14,17.59,5.24,5.36,8.33,17.59,17.83,14.97,15.53,6.01,18.48,14.55,13.68,10.4,13.71,10.93,5.23,2.38,15.03,15.35,13.76,16.49,17.95,12.64,15.12,17.47,15.73,11.67,10.97,11.19,17.45,17.65,16.04,21.4,15.78,11.89,17.91,15.94,15.8,13.68,17.17,12.61,12.44,17.11,15.98,5.36,17.8,14.35,20.61,16.27,16.47,12.44,16.33,16.9,21.65,18.76,16.15,17.11,15.19,18.04,19.63,20.65,17.04,19.56,16.42,19.9,16.41,19.94,15.96,17.62,21.24,21.52,17.7,18.24,13.33,15.1,18.37,16.99,14.99,17.83,15.99,19.36,14.21,14.78,17.95,17.7,14.81,5
12/16/2022,14.31,10.43,12.91,16.87,14.22,13.083,6.79,13.18,13.69,7.41,12.31,17.95,13.85,14.12,14.29,13.94,12.76,18.22,10.22,18.28,14.07,11.88,13.24,12.35,14.59,13.61,12,12.46,12.53,10.89,14.03,15.28,15.58,10.03,11.13,9.52,14.14,13.65,15.99,14.56,17.73,15.03,12.21,9.65,10.63,9.57,12.2,12.52,8.33,16.67,13.91,8.94,17.52,11.3,15.33,16.92,17.65,15.12,17.36,16.12,16.67,10.84,14.21,12.01,13.96,13.44,16.8,13.22,15.63,11.12,17.79,12.81,13.9,15.58,14.27,11.36,16.28,14.88,15.31,14.97,13.34,14.81,9.96,14,14.71,21.51,15.78,20.81,17.13,17.02,17.73,12.17,16.32,15.57,16,13.08,17.5,5.39,5.12,9.04,18.92,18.01,15.97,16.36,6.21,18.57,13.36,13.27,10.01,13.36,10.83,5.05,2.32,16.27,14.75,13.65,16.48,18.96,13.73,15.25,16.26,15.8,11.93,11.93,11.92,18.33,17.89,16.18,21.99,15.42,12.76,19.4,15.34,15.78,15.32,17.82,13.1,12.23,16.34,18.29,6,19.16,14.89,18.4,17.41,16.29,12.72,16.6,17.17,21.47,18.61,14.99,16.78,16.44,17.02,20.06,19.28,17.53,18.81,17.52,20,17.52,18.69,17.19,16.67,22.57,20.79,15.61,17.55,12.97,13.99,17.73,17.06,14.24,16.94,15.35,19.39,16.85,14.94,13.41,17.36,11.8,5
12/17/2022,14.62,10.52,13.18,17.07,14.69,13.282,6.53,13.07,13.76,10.34,12.5,18.42,11.59,14.63,15.84,15.04,12.75,17.37,11.65,18.89,16.41,10.31,13.91,13.14,14.87,14.18,11.7,13.01,13.47,11.97,14.99,15.06,15.82,10.3,11,9.17,13.43,12.63,15.85,14.96,17.53,14.53,12.11,10.71,11.16,8.18,11.38,13.08,10,20.45,14.81,9.25,16.32,12.22,16.32,17.07,17.65,16.08,17.44,16.53,16.32,11.8,14.16,12.5,13.34,14.32,18.07,13.32,15.9,11.76,17.92,13.13,15.11,16.33,15.01,17.78,15.78,14.52,15.92,15.16,13.25,14.74,9.79,13.53,15.89,20,15.5,20.67,17.87,15.04,16.79,11.76,14.57,15.74,18.31,12.55,18.5,5.31,5.76,9.22,19.75,17.81,17.55,17.02,6.47,19.88,13.57,13.25,10.25,14.65,10.95,5.48,2.28,16.67,14.14,13.21,16.39,18.76,14,14.8,15.08,15.45,11.52,12.7,10.47,17.85,18.84,15.41,21.43,15.85,12.42,20.45,17.25,15.91,16.2,17.54,13.62,13.68,15.91,20.48,6.38,19.87,14.59,15.63,17.41,16.7,14.9,18.57,18.21,21.6,19.47,15.63,16.38,15.93,17.82,20.11,20.25,17.99,17.16,16.38,19.7,18.21,17.95,18.09,17.35,24,20.39,16.72,18.43,15.93,13.6,18.55,17.97,14.99,16.52,14.5,17.3,19.79,15.58,13.81,17.65,11.66,2.56
12/18/2022,14.62,10.6,13.32,17.14,14.98,13.383,6.52,13.77,12.72,9.09,10.94,20.59,12.12,15.28,16.39,15.61,13.33,16.74,11.65,18.84,18,10.53,13.79,13.24,14.79,14.17,11.73,12.47,13.35,12.56,14.8,14.88,15.41,11.19,10.94,9.63,13.77,12.88,15.48,16.67,15.9,14.14,12.34,13.04,10.81,10.71,10.55,14.44,11.86,15.91,14.97,10.27,16.94,12.38,17.16,17.36,17.04,17.01,17.71,16.53,15.89,12.15,13.37,11.64,13.76,14.07,17.84,12.85,16.43,12.08,18.31,12.96,14.9,16.51,15.6,16.28,16.05,13.6,15.55,14.96,14.29,12.87,11.74,13.18,15.84,22.35,16.78,19.59,17.7,16.58,17.32,12.38,14.57,15.15,17.65,12.64,18.75,5.47,5.69,9.17,19.08,17.53,17.68,18.1,6.67,19.43,13.71,12.67,11.48,14.86,11.23,5.49,2.33,16.91,14.29,12.76,18.38,18.62,14.48,15.62,15.97,15.08,11.54,12.04,9.77,17.24,19.24,15.82,21.9,16.24,12.68,19.26,17.11,16.03,14.69,17.95,13.43,15.66,16.38,18.75,6.52,20.06,13.69,16.79,17.95,16.71,15.28,19.58,17.83,20.41,19.3,15.44,16.38,18.01,19.4,20.08,19.53,17.77,17.75,15.36,18.27,19.55,18.83,19.35,17.34,23.65,20.39,15.95,21.15,15.64,12.65,18.34,17.77,15.12,15.51,14.15,17.54,19.35,16.53,15.14,17.89,12.5,2.5
12/19/2022,14.78,10.08,13.25,17.33,16.24,13.244,5.58,12.72,12.08,5.88,14.06,32.26,19.74,15.24,16.01,15.61,12.9,16.67,15.19,16.99,18.81,12.77,13.62,13.52,14.03,13.81,12.36,11.87,12.97,13.25,14.5,15.52,16.41,11.55,9.72,10.01,13.18,11.55,15.06,18.66,15.05,14.08,13.67,14.81,10.15,10.91,10.28,14.66,8.2,14.63,15.57,14.69,18.34,14.36,19.07,20.15,20.59,17.36,16.49,17.89,18.08,11.78,12.88,13.24,13.92,11.54,15.89,12.34,15.42,13.77,19.4,13.55,16.08,15.76,16.32,14.29,16.07,15.22,15.88,14.63,14.87,14.98,8.68,12.93,16.42,20.88,17.37,17.65,16.53,16.67,19.85,12.27,13.99,14.86,14.75,12.63,17.62,4.39,5.31,8.1,18.99,17.64,17.78,17.82,6.11,20,14.83,13.66,12.07,13.5,10.62,5.56,1.91,16,14.56,11.52,18.71,20.83,15.92,14.27,14.4,15.79,11.74,13.91,11.07,17.29,20.19,16.64,22.22,15.75,12.03,20,16.39,16.25,13.49,19.59,13.92,15.68,14.75,17.09,12.5,21.52,14.22,14.07,17.67,17.06,16.03,16.59,18.15,19.93,19.21,15.63,17.13,17.37,19.58,20.75,18.86,18,16.99,14.49,19,19.81,17.32,19.35,18.05,24.89,20.06,18.98,19.3,16.87,13.85,18.3,19.11,16.69,15.17,13.62,19.28,21.05,15.99,18.28,20,10.56,3.03
12/20/2022,14.95,10.46,13.38,17.67,16.87,13.57,5.62,13.7,12.45,8.82,19.4,21.21,15.79,15.62,17.61,15.79,13.53,12.36,16.23,17.25,18.27,11.63,13.73,13.75,15.06,13.02,11.37,12.55,13.84,14,14.02,15.39,15.89,13.76,9.51,11.5,11.78,11.67,13.33,19.7,14.88,14.6,13.04,14.56,10.29,11.3,12.36,14,5.8,16.22,15.62,13.95,16.99,15.59,19.64,21.68,21.88,17.89,16.67,20.75,19.35,11.89,13.13,14.63,14.41,12.41,15.57,11.84,14.85,13.37,17.8,14.75,15.91,16.16,16.93,19.05,14.04,14.83,14.59,14.69,16.67,14.43,8.09,14.32,18.72,20.21,18.26,18.37,14.51,19.07,18.02,12.17,14.71,15.65,17.54,13.09,20.16,4.92,5.45,7.39,19.08,17.29,18.35,17.96,6.11,18.67,14.51,15.58,12.58,13.59,11.72,6.04,1.95,15.93,15.31,12.31,18.48,19.62,17.33,14.35,14.62,16.07,12.28,14.51,15.13,17.54,20.38,15.64,21.92,17.25,11.81,21.05,18.28,16.44,14.98,16.86,15.02,18.29,15.47,17.68,20,22.26,15.75,12.6,16.45,16.31,16.34,17.35,18.7,19.64,19.18,16.85,18.06,19.94,19.88,20.68,20.81,15.99,16.91,15.89,21.13,19.79,18.97,20.05,19.27,25.85,19.08,19.23,19.44,16.97,15.32,18.39,20.07,15.95,14.09,13.64,21.69,18.67,16.74,17.42,19.51,10.07,6.06
12/21/2022,15.13,10.64,13.62,17.93,17.28,13.78,5.6,13.62,12.92,10,15.52,21.88,18.84,15.4,16.27,15.33,14.07,10.12,19.78,16.81,17.37,13.75,14.35,13.42,14.88,13.28,11.85,13.46,14.48,15.71,15.06,16.07,16.5,13.33,9.74,12.43,10.83,10.44,14.2,19.08,17.9,14.34,12.97,17.82,9.59,12.5,11.98,14.65,6.06,11.76,15.88,13.45,14.48,16.53,20.77,21.44,22.76,18.22,18.29,18.7,20.48,12.87,13.92,13.33,13.15,12.77,16.14,12.51,15.22,14.73,19.86,15.17,16.2,15.09,15.95,17.95,14.47,13.47,15.62,14.19,16.64,16.93,9.64,14.9,19.84,20.45,18.74,17.93,14.63,19.26,17.96,11.84,13.15,18.51,17.54,12.93,22.11,4.39,5.62,7.12,20.48,16.76,20.54,17.29,6.37,20.65,14.49,16.18,12.75,14.48,13.81,6.55,1.92,15.67,16.54,13.32,18.67,20.99,18.18,14.22,14.53,16.89,12.93,13.86,14.96,16.01,20.99,17.51,22.14,18.77,11.88,18.52,19.52,16.71,14.83,17.63,15.33,20.57,16.19,14.46,21.05,20.81,16.97,13.01,16.36,15.97,19.1,18.31,17.39,19.4,19.21,16.62,17.19,20.86,19.83,20.88,23.39,17.11,15.64,18.11,19.89,21,22.07,20.1,19.35,25.73,19.94,18.28,19.75,20.69,17.19,17.73,18.52,17.62,13.82,14.17,20.41,18.02,17.16,15.43,22.5,13.16,6.67
12/22/2022,15.73,10.2,14.3,18.08,17.32,13.786,6.03,16.25,13.39,7.69,14.04,18.18,20,15.13,15.99,16.45,13.99,10.19,22.35,16.79,16.59,13.25,15.22,14.17,16.18,14.19,13.13,14.1,14.93,16.53,16.4,15.86,17.77,14.26,9.39,12.64,9.69,13.2,14.88,19.69,17.36,16.39,11.63,18.89,11.4,12.61,14.15,15.75,9.52,15.15,15.38,14.91,13.81,17.84,21.74,20.68,23.73,19.03,17.67,19.17,20.55,12.78,14.73,14.43,14.66,15.28,15.78,12.72,15.98,17.47,20.49,15.92,16.41,15.41,15.31,15.91,15.73,12.46,15.18,14.31,17.97,17.46,11.02,17.1,20.49,19.54,17.51,15.6,14.77,21.85,17.27,12.62,14.57,19.4,13.33,11.51,21.81,4,6.36,8.43,18.91,16.57,20.52,16.96,7.6,20.1,14.67,16.73,12.58,15.12,12.96,5.96,1.54,16.76,17.19,12.44,17.96,19.35,16.92,14.52,15.84,17.78,12.91,14.48,14.73,15.71,21.04,19.49,22.66,19.61,12.72,17.69,19.38,15.36,15.12,18.21,16.44,25,17.14,14.19,18.97,20.7,15.41,13.64,15.23,15.88,18.39,16.42,17.21,19.65,17.37,16.44,18.82,24.33,21.35,20.83,21.02,16.08,15.41,20.41,20,21.32,21.58,19.95,18.55,25.93,20.31,18.25,19.54,22.49,17.76,20.71,20,17.63,11.95,13.74,19.52,17.24,19.21,16.84,22.81,12.34,11.54
12/23/2022,15.87,10.03,14.54,18.44,17.62,13.823,5.67,17.83,14.66,8.33,16.07,25,18.92,15.5,14.55,16.63,12.9,9.33,24.15,18.03,17.39,12.35,16.09,14.89,17.65,14.14,13.15,14.02,15.48,16.69,16.99,15.99,15.64,13.74,10.5,12.38,9.66,13.55,15.41,20.34,21.09,16.74,11.19,18.48,11.42,10.31,15.75,16.55,9.23,16.67,16.56,15.69,16.18,17.26,21.89,21.7,23.48,20.49,17.62,16.52,20.97,12.63,13.93,13.8,14.51,17.65,15.13,12.71,16.09,18.29,20.31,14.78,17.8,16.35,14.81,19.57,15.82,13.37,14.99,13.14,18.6,19.55,12.4,17.23,19.86,17.58,18.66,15.27,13.31,21.24,16.81,13.02,16.19,19,12.07,13.05,22.34,3.6,6.26,7.58,17.99,16.67,20.18,17.3,7.06,20.5,16.51,17.3,13.94,15.55,13.37,5.62,1.4,15.94,18.62,12.98,19.25,18.49,16.89,14.67,15.6,16.82,12.91,13.64,15.24,16.51,21.15,19.4,23.72,20.79,13.12,15.5,20.47,15.29,17.33,18.04,16.01,25.15,17.33,13.33,20,20.13,14.92,14.07,14.63,16.55,18.33,18.91,16.76,21.42,17.81,18.49,19.03,24.92,22.71,20.68,22.73,16.71,15.57,18.55,18.78,19.37,20.76,20.05,18.05,25.06,21.41,19.16,21.53,24.85,19.42,22.63,19.25,19.07,12.97,14.86,19.04,14.91,20.31,21.6,24,13.87,16.13
12/24/2022,15.66,9.84,14.32,18.17,17.33,13.583,5.63,18.6,15.49,4.55,16.07,22.58,21.43,15.23,12.5,16.14,13.71,8.78,21.84,17.65,16.07,12.82,15.51,14.22,17.08,13.3,13.48,13.63,15.26,16.13,16.81,16.56,16.14,14.38,10.5,12.18,9,14.03,15.71,19.91,19.55,16.35,11.91,17.02,10.76,10.53,15.83,15.62,8.62,15.79,15.07,16.45,15.63,16.36,21.04,21.37,25.89,21.19,18.53,16.9,21.05,11.82,13.68,13.23,13.92,16.09,14.97,12.45,16.13,18.22,20.83,14.67,17.3,15.6,13.89,15.56,17.53,15.01,14.26,13.06,18.32,20.11,12.34,17.45,20.26,18.68,17.3,14.75,11.76,21.73,17.12,13.79,17.19,20.05,11.32,13.55,22.57,3.56,5.82,7.19,17.44,16.4,19.66,16.33,6.44,19.83,16.79,18.44,14.13,15.79,13.25,5.09,1.34,15.66,18.54,14.45,18.83,19.28,17.59,14.94,16.01,17.41,12.51,12.31,16.16,16.63,20.17,20.2,25.09,19.88,13.74,13.33,18.64,15.09,15,18.65,15.05,25.16,17.2,12.68,20,19.33,15.65,12.88,14.14,16.36,16.31,17.55,15.54,21.13,17.92,18.65,18.75,24.09,24.65,20.81,19.87,16.67,16.13,19.21,18.29,18.3,21.15,20.64,17.38,23.57,20.43,17,20.96,23.35,20.92,23.39,18.61,17.93,13.21,16.15,19.35,13.01,19.95,20.39,23.66,13.95,15.63
12/25/2022,15.78,9.49,14.41,18.03,17.02,13.387,5.78,19.04,15.8,5.26,16.07,21.88,21.43,14.94,12.37,15.32,13.84,9.2,21.43,17.19,15.72,12.16,15.94,14.7,16.94,14.2,13.44,14.08,14.61,16.13,17.53,16.67,16.95,14.71,11.24,12.26,8.65,13.19,16.89,18.96,20.16,15.92,13,15.73,10.46,7.87,15.85,14.71,7.14,17.14,13.38,16.79,14.89,16.98,21.33,21.1,25.45,20.48,18.45,17.73,20.57,11.28,14.54,15,13.02,17.23,15.59,12.36,16.5,18.41,21.45,15.47,16.8,15.63,13.33,15.91,18.15,15.7,14.18,13.2,17.05,20.86,9.95,18.35,20.08,18.68,16.22,15.87,11.93,21.25,16.98,12.94,16.47,20.82,10,13.59,22.39,3.12,5.85,7.07,17.84,15.44,18.4,14.45,6.12,20.17,17.49,19.35,13.3,16.18,12.7,4.78,1.23,15.18,17.93,14.37,18.75,19.02,16.59,14.11,16.04,17.42,12.21,12.37,15.54,16.73,20.55,19.76,24.5,18.24,13.13,12.84,18.64,13.9,15.98,19.29,15.65,23.97,16.67,12.77,22.22,18.84,15.82,12.9,13.95,16.52,16.48,15.64,15.1,21.85,18.05,18.91,18.68,22.22,24.48,20.75,20,16.98,16.15,18.94,18.71,16.44,21.21,19.64,17.4,24.19,19.93,18.58,18.87,23.6,20.97,22.84,19.55,17.29,13.48,15.95,18.6,13.33,19.66,19.15,25,13.56,16.67
12/26/2022,16.17,10.17,14.63,18.41,16.42,13.796,5.3,19.88,17.33,7.14,15.22,17.39,15.69,16.14,14.57,16.42,15.38,7.35,19.53,18.96,16.78,9.52,16.31,12.64,19.16,13.75,13.22,14.76,14.48,17.53,20.23,15.43,15.64,14.01,11.78,11.58,8.92,13.44,17.06,13.83,20.72,15.34,13.24,20.73,11.19,10.59,17.62,15.77,9.09,16.13,12.45,14.06,14.02,15.88,22.55,18.45,21.35,21.24,18.09,19.67,19.67,11.62,14.15,14.45,12.89,20.21,15.79,11.64,18.92,17.46,23.29,15.73,14.75,15.3,12.78,16.67,17.04,15.65,15.89,13.32,17.75,19.86,14.29,19.68,20.66,18.92,19.14,18.1,12.93,24.65,16.55,12.79,16.89,20.13,12.24,14.38,23.74,3.91,7.19,7.62,19.93,15.06,18.86,15.92,6.26,20.04,15.51,19.35,15.91,18.43,12.5,5.18,1.44,15.41,18.45,15.97,19.45,18.25,17.73,16.51,16.17,17.42,12.43,12.67,15.88,17.55,19.32,21.97,25.96,19.35,14.13,13.83,19.65,13.75,16.76,19.58,15.66,27.03,16.99,13.33,23.4,17.93,16.84,12.37,14.42,16.76,14.51,16.87,15.47,24.38,18.87,19.69,19.9,23.6,24.44,22.12,20.83,16.13,19.92,19.61,17.93,16.93,21.61,19.27,15.63,22.32,19.03,17.7,20.69,23.81,21.97,20.95,17.42,16.18,14.58,16.19,16.6,12.5,21.56,17.65,26.76,13.64,18.18
12/27/2022,16.55,10.29,14.64,19.15,17.12,14.093,4.77,20.21,15.72,0,5.88,20,19.05,17.48,15.28,15.05,12.38,8.46,17.09,18.61,18.25,7.81,17.96,11.61,17.47,13.45,14.23,15.01,15.28,18.48,19.16,16.31,16.07,11.13,13.42,11.41,11.49,11.86,17.32,11.76,17.95,15.43,14.45,22.5,11.6,10,17.18,16.71,7.89,12.5,14.02,16.06,13.61,17.63,24.31,18.5,18.39,24.48,15.98,18.78,20,12.57,15.65,14.31,14.53,19.24,17.94,12.7,18.27,17.95,22.99,15.05,14.81,14.71,13.45,17.14,19.54,18.57,17.83,13.71,16.9,21.23,14.44,19.92,17.01,19.35,18.18,17.35,14.36,22.54,19.34,13.41,16.73,21.55,13.46,14.81,25.14,3.48,6.54,7.55,20.95,16.81,17.53,16.23,5.78,20.59,16.45,17.89,15.84,19.94,13.2,5.28,1.59,15.9,18.34,16.48,19.51,19.67,18.54,18.66,17.42,19.03,11.82,12.68,17.03,17.9,20.94,22.99,27.1,19.5,15.3,13.54,17.84,16.41,17.93,19.28,14.96,25.53,17.84,14.05,15.79,18.3,16.01,15.69,17.1,18.47,14.86,20.71,17.72,24.58,20,20.91,20.71,22.75,24.33,23.36,20.18,18.85,20.55,18.96,18.47,17.91,22.04,20.51,16.37,22.63,22.68,16.75,17.35,24.5,18.99,21.01,16,17.56,15.19,17.98,18.69,10.53,22.07,19.3,30.88,15.65,15.63
12/28/2022,17.13,10.26,14.67,19.24,17.93,14.188,4.65,22.59,17.53,6.67,6.9,15.79,16.22,19.4,16.16,18,14.77,8.81,16.57,19.26,21.6,8.7,16.35,11.04,16.36,13.2,14.34,14.87,16.25,16.12,19.11,16.61,15.07,11.13,12.35,10.44,11.47,11.88,17.49,12.05,15.25,14.91,15.02,19.48,14.93,11.59,16.82,15.8,8.11,19.35,16.24,18.8,15.44,17.08,23.78,20.77,18.89,24.87,14.86,24.85,21.11,11.91,15.4,16.73,15.37,22.15,18.06,13.3,17.21,17.32,21.45,16.74,17.54,15.98,15.23,21.21,19.27,21.15,16.73,14.54,18.52,17.2,14.12,20.64,16.06,15.87,18.39,15.31,14.13,23.17,19.22,17.54,20,20.15,14.29,15.81,24.11,3.62,6.34,8.55,20.79,16.17,17.01,17.26,5.56,19.76,17.05,18.68,16.49,20.34,10.94,5.34,1.6,15.53,19.19,16.14,18.68,17.29,21.38,21.39,19.09,18.04,10.93,12.98,17.86,20.14,19.41,22.3,25.6,15.52,16.58,16.49,17.31,16.44,16.67,17.65,16.28,21.92,15.43,15.5,20.45,19.82,15.44,18,16.14,18.46,13.19,20.12,20.18,23.61,21.47,21.34,20.75,22.12,23.18,24.04,19.7,17.67,23.75,18.93,20.75,15.38,18.75,22.31,18.13,20.23,21.94,16.26,15.28,22.14,18.86,21.54,17.05,17,16.72,19.17,19.22,11.67,23.03,24.04,29.23,14.53,13.33
12/29/2022,17.74,10.5,14.23,19.74,18.24,14.46,3.86,21.04,18.75,5,6.06,20.83,16,20.26,17.62,17.67,16,6.35,14.12,17.01,19.01,10.45,15.26,9.93,14.57,13.48,12.71,15.02,14.89,16.45,18.87,15.63,15.82,11.09,12.95,10.64,12.83,10.41,19.82,11.52,13.71,15.76,15.34,20,15.29,12.9,16.18,15.66,6.06,20.83,17.49,19.59,14.74,15.19,23.75,21.62,20.25,25.25,16.59,22.98,20.98,12.9,16.82,18.2,15.01,22.62,20.32,14.22,17.68,16.3,23.15,17.58,19.1,15.99,16.41,27.27,19.67,21.92,18.39,15.23,18.67,15.09,11.56,18.04,16.92,21.54,20.82,18.18,14.49,23.98,24.03,19.89,21.35,18.9,22.58,18.84,25.89,3.93,6.54,7.1,21.95,14.85,19.22,16.26,4.99,18.96,18.61,18.26,18.26,20.27,11.68,4.93,1.87,13.07,20.08,15.41,19.55,18.81,21.78,21.28,17.61,19.31,10.53,11.28,18.27,20.51,18.99,22.63,25.65,14.84,17.12,16.33,16.22,19.2,17.98,17.39,16.41,18.98,17.51,14.62,26.67,20.08,17.83,16.49,19.43,19.1,12.4,23.46,21.79,22.11,22.38,21.63,20.11,21.31,24.44,24.51,20.61,20.16,22.69,18.78,20.67,15.42,17.73,20.46,18.13,19.45,21.81,19.12,15.86,20,22.41,23.08,18.71,18.12,18.15,19.92,18.09,11.48,22.25,21.11,30.36,13.21,12.5
12/30/2022,18,10.3,14.29,19.74,18.26,14.417,4.69,21.1,17.69,5.26,3.13,15.79,19.23,21.79,19.91,17.42,17.57,6.23,12.82,16.67,19.38,14.08,13.2,8.97,13.78,12.27,11.84,15.64,13.95,15.02,17.93,16.26,15.85,10.09,13.08,11.8,13.62,9.77,22.17,12,13.6,14.29,15.26,20.55,17.61,16.07,15.71,15.28,6.06,25,16.1,19.15,15.44,15.67,23.31,22.53,20.69,24.24,18.7,24.12,20.39,12.6,19.8,17.45,15.84,20,22.37,15.83,17.55,16.98,22.69,16.91,19.78,16.24,15.9,26.47,20.75,24.02,17.74,16.47,17.77,13.58,11.05,17.06,18.37,21.88,20.37,16.22,15.43,22.66,24.05,22.49,21.79,18.55,25,19.41,26.7,3.69,5.84,6.57,24.57,14.58,18.5,15.73,5.13,17.43,19.4,18.8,16.51,19.08,11.31,5.11,1.75,14.05,19.43,14.89,18.77,19.32,19.71,22.64,18.24,20.91,10.27,12.84,16.43,21,19.47,24.08,24.64,15.07,18.53,17.2,15.76,19.18,15.96,16.53,20.16,18.18,17.16,13.14,25,19.56,18.01,20,19.15,17.8,13.55,22.16,21.08,20.74,24.1,19.88,20.5,21.85,24.55,24.45,23.31,20.31,24.07,20.54,19.73,15.69,20.09,18.47,20.06,20.6,21.31,15.26,17.9,17.78,21.2,22.48,20.9,18.79,18.48,20.12,19.76,13.95,19.01,19.78,33.33,13.76,6.67
12/31/2022,18.14,10.46,14.24,19.85,19.01,14.539,4.33,20.21,17.16,5.26,5.88,15,17.24,21.88,18.64,17,15.66,6.06,14.29,15.38,18.98,13.33,12.75,10.14,13.49,12.47,12.06,16.19,14.1,14.43,18.21,16.61,15.06,10.44,13.32,11.06,14.96,9.95,23.7,11.11,15.7,13.98,13.81,24.29,19.15,16.67,16.89,15.98,3.03,23.08,16.73,21.68,18.45,17.77,23.08,23.28,21.59,24.02,19.3,24.43,21.19,12.93,19.43,18.16,15.64,20.74,21.75,16.78,17.37,17.46,22.05,17.25,19.47,17.27,15.83,25.71,19.2,23.93,17.78,17.27,18.63,12.14,11.17,17.19,18.29,20.63,20.74,16.95,17.09,24.9,24.16,21.02,21.64,17.13,20,19.41,26.87,3.79,6.23,6.7,23.95,14.99,18.84,15.71,5.11,17.23,18.95,19.08,16.43,17.66,10.88,5.67,1.86,14.24,20.04,15.14,19.59,18.38,18.91,22.44,17.76,20.49,10.89,14.18,16.91,20.5,19.96,24.17,24.76,15.46,19.36,15.96,16.4,19.52,17.49,17.48,20.78,17.24,16.11,13.57,25,20.52,17.87,24.76,18.15,17.99,13.95,22.87,21.83,20.2,23.32,19.35,20.79,23.27,23.45,23.6,28.36,19.92,22.81,20.73,20.13,15.81,20.78,19.28,20.33,20.35,23.36,17.65,18.07,16.15,20.44,21.05,20.41,18.2,17.74,19.2,20.93,15,18.49,19.57,34.48,14.29,6.9
01/01/2023,18.23,10.63,14.13,20.03,19.18,14.647,4.56,20.16,17.88,5,8.11,20,15.63,21.04,18.72,17.1,15.66,5.76,14.72,14.83,18.57,13.16,13.08,9.67,13.24,11.8,11.43,16.39,14.24,13.83,16.99,16.27,15.43,9.73,13,10.9,14.44,10.92,23.18,11.26,16.67,13.3,13.55,24.64,19.8,17.31,17.27,15.96,2.86,18.75,18.18,20.83,20.24,17.66,23.84,22.54,22.35,24.54,19.41,22.99,20.77,13.3,19.23,17.47,16.03,20.49,20.85,16.78,16.48,17.83,20.67,18.44,20.13,17.49,15.55,24.32,19.12,25.24,18.04,18.01,18.98,11.86,11.6,16.87,18.24,18.75,21.21,16.81,16.57,24.64,24.28,22.16,22.05,19.35,21.21,18.72,27.79,3.76,6.4,6.47,23.53,16.07,21.21,16.02,5.14,17.05,18.97,18.59,16.16,16.97,11.68,5.73,2.05,14.55,21.08,15.97,19.02,19.08,19.72,22.76,17.7,21.65,10.89,15,17.01,20.26,19.79,23.9,23.45,16.32,19.1,19.15,15.65,19.52,17.2,16.73,20.15,17.36,18.28,15.11,24,20.69,19.19,24.07,18.98,17.91,13.11,24.1,22.22,20.76,24,20.16,20.92,23.01,23.05,24.35,27.74,21.15,23,21.28,19.73,15,21.24,18.52,21.21,19.88,23.55,17.05,17.92,16.91,21.71,20.14,19.29,18.82,17.4,19.19,20.28,15.97,18.53,19.15,34.48,15.93,6.9
01/02/2023,18.41,10.33,14.2,20.39,19.35,14.571,4.69,19.64,18.15,4,5.13,23.08,12.12,20.09,17.43,17.72,19.77,6.29,16.18,13.54,16.67,12.33,15.06,10.79,10.76,12.4,11.75,16.04,13.62,13.17,15.32,17.48,16.07,10.52,13.69,11.7,14.7,10.85,22.5,12.25,18.58,12.97,13.48,22.06,21.43,18.75,15.71,16.15,5.26,23.53,18.56,20.83,20,18.84,22.86,25.59,24.24,25.22,20,20.61,20.55,12.58,19.11,18.18,16.5,22.05,20.68,17.52,15.37,17.52,21.58,18.74,21.67,18.39,15.85,20.51,20.55,25.79,16.99,18.46,18.06,10.27,11.93,16.8,18.85,19.4,19.22,16.07,17.82,21.11,27.14,24.72,22.3,19.2,21.43,19.92,28.22,3.22,5.16,6.05,23.11,16.38,20.05,16.09,4.59,17.84,21.34,18.72,15.98,16.42,12.84,5.31,1.87,15.02,21.64,14.98,19.72,19.53,18.71,21.97,19.4,21.18,10.57,16.67,17.62,19.69,20.89,22.51,23.09,16.72,18.35,17.17,19.07,19.93,17.78,15.85,21.6,18.25,18.97,13.14,24,20.52,18.57,22.22,18.98,18.55,13.46,25.64,22.49,19.54,24.26,21.81,21.25,21.05,23.49,23.61,28.15,20.57,21.95,22.87,19.51,15.66,20.72,20.65,23.43,21.49,25.59,16.04,17.62,18.12,21.84,19.71,20.85,19.25,17.68,17.71,23.41,15.82,17.7,22.45,28.33,17.65,3.85
01/03/2023,18.08,10.32,14.03,19.8,18.69,14.391,5.03,18.74,17.79,7.41,7.14,24.14,10.53,18.94,16.6,18.59,20.59,6.88,16.67,13.82,13.69,14.47,13.88,12.35,10.74,13.87,11.7,14.96,12.57,12.36,15.38,17.29,16.41,9.55,13.49,11.18,14.25,14.35,22.44,13.64,20.16,12.21,13.88,20.27,17.45,18.03,14.35,13.1,8.89,30.43,17.16,24,20.21,17.6,22.51,24.13,23.76,21.58,24.05,19.41,19.22,11.69,21.24,18.11,15.41,19.53,18.51,16.11,15.47,19.18,20.4,18.46,21.29,18.13,14.63,15.22,20.81,24.58,16.49,18.66,17.32,6.32,13.48,17.61,19.85,19.74,18.51,16.3,16.99,19.47,25.51,24.58,22.44,18.97,20.83,18.39,25.88,3.46,6.29,7.18,19.97,15.67,21.65,16.08,5.06,18.77,19.72,18.95,14.73,14.67,13.53,5.34,1.77,14.47,21.47,12.3,20.07,18.88,16.71,20.62,18.95,22.57,11.38,13.93,14.15,18.41,18.95,21.22,21.83,16.47,17.07,17.92,19.36,18.68,17.82,17.23,24.16,15.71,18.35,11.43,20.75,20.35,16.01,21.24,19.16,18.55,14.98,23.41,21.55,19.18,21.99,21.27,20.13,22.31,23.53,23.23,26.87,20.4,19.71,20.33,18,15.22,17.95,20.08,24.79,21.76,22.03,17.55,19.14,17.01,22.89,16.33,20.94,19.33,17.04,15.47,21.05,19.46,17.13,22.73,22.97,15.79,12.5
01/04/2023,17.87,9.8,13.81,19.77,17.96,14.028,5.2,17.75,15.75,8.33,8.16,18.42,10.53,16.93,13.71,16.9,17.32,5.87,14.65,14.85,12.14,10.84,15.17,13.53,10.08,15.23,10.76,14.82,10.61,13.06,13.62,18.27,16.43,10.12,13.79,10.99,15.49,16.67,22.1,13.51,18.38,12.25,13.26,21.18,14.87,18.33,16.52,12.81,15.79,20.83,16,22.73,22.22,17.49,21.75,21.9,21.57,19.92,23.27,19.54,17.35,11.85,21.81,17.33,16.3,20.06,18.52,16.22,15.75,18.77,19.62,17.5,19.43,17.77,13.71,14,21.01,23.96,17.05,17.69,15.81,8.47,11.05,18.23,19.03,19.74,20.34,19.15,18.67,19.28,26.67,22.4,19.29,16.78,17.24,15.94,25.64,2.97,5.36,6.06,17.87,15.44,23.6,15.61,4.58,17.85,19.23,17.57,15.99,13.59,14.64,4.19,1.67,15.7,21.12,11.62,20.81,20.97,15.14,19.74,20.13,21.91,10.45,11.96,16.75,17.01,20.94,18.81,21.34,18.03,15.47,17,19.09,17.8,21.14,17.15,24.74,13.67,20.19,9.49,15.69,18.18,15.31,18.02,19.47,18.33,16.4,23.72,22.22,19.14,21,21.5,21.03,22.73,23.38,21.55,28.35,22.44,18.82,18.91,18.42,17.2,17.47,20.83,24.29,23.51,22.7,17.5,19.78,18.06,23.21,15.97,22.27,19.09,17.19,15.56,20.83,17.48,19.11,18.97,18.06,14.16,18.42
01/05/2023,17.13,10.04,13.87,19.31,17.22,13.946,7.55,17.14,14.59,15.79,8,17.5,10.26,16.27,14.38,17.03,17.02,6.18,15.08,14.94,14.29,9.2,14.81,12.53,12.17,14.63,11.37,14.73,11.6,12.5,12.72,18.9,16.59,10.31,13.47,10.92,14.21,17.87,20.89,15.34,19.57,10.58,13.11,20.45,14.08,17.46,15.42,12.25,12.31,14.81,13.36,21.58,21.18,17.08,20.86,21.73,22.55,18.55,22.03,20.43,16.36,11.37,21.63,14.53,15.51,19.1,14.96,17.65,15.05,19.01,18.62,17.67,17.85,17.32,12.52,9.8,18.52,23.34,15.6,17.34,15.64,8.67,11.98,18.6,18.93,17.44,18.41,18.18,18.06,19.47,23.05,20.43,18.27,18.18,17.65,15.54,24.94,3.39,4.83,6.54,17.22,17.09,21.57,16.95,3.96,17.25,16.5,18.6,14.26,13.54,14.1,4.93,2.21,18.04,19.2,12.59,20.5,20.55,14.71,20.21,20.66,20.26,10.11,12.75,16.58,16.3,22.22,16.48,19.73,19.47,14.35,16,19.4,17.21,19.02,15.56,25.75,12.5,19.43,11.35,10.53,15.96,14.72,20.79,17.86,17.11,16.67,21.33,22.83,20.09,19.6,20.32,21.72,22.35,21.34,21.73,26.28,19.93,18.15,17.45,17.86,16.54,19.37,21.8,26.27,24.2,23.86,17.06,20.29,18.42,20.12,13.42,19.73,18.89,14.64,15.18,21.07,17.69,19.36,20.47,16.22,14.29,16.22
01/06/2023,16.98,9.96,13.74,18.88,16.65,13.783,7.16,16.51,14.18,23.81,7.14,14.89,12.5,15.64,13.23,16.36,17.57,6.13,13.53,13.79,14.87,7.14,15.78,13.74,11.27,15.05,11.97,14.14,11.75,14.15,12.28,18.47,18.01,10.99,13.22,10.17,15.24,18.16,19.8,14.86,18.75,9.8,13.54,20.59,12.25,16.42,15.16,12.48,13.33,14.29,16.72,20.65,18.22,15.32,19.7,20.86,20,19.17,20.94,19.67,14.48,11.68,19.68,16.19,15.26,21.64,13.6,18.81,14.87,18.34,16.92,18.36,16.98,17.33,11.76,6.12,18.11,20.03,17.09,15.72,17.34,11.06,11.98,18.17,18.13,14.44,18.91,21.29,19.69,19.06,23.03,15.87,18.24,17.48,16.67,14.26,25.05,3.23,5.05,6.93,15.11,19.16,22.2,16.21,3.68,17.69,15.19,17.86,13.71,13.71,14.85,5.07,2.21,17.18,19.18,11.39,19.55,19.78,14.32,19.4,20.21,19.04,10.45,11.86,18.41,15.21,21.66,13.94,18.75,20.22,13.18,14.42,20.18,18.73,17.98,18.39,23.13,12.86,19.82,13.79,8.62,14.67,16.21,17.17,17.87,17.42,17.39,19.8,24.79,19.57,17.46,20.16,21.47,20.07,19.81,20,23.61,19.94,16.2,18.93,18.75,15.7,19.46,23.38,24.22,21.13,22.8,18.39,17.03,20.69,19.89,14.19,17.49,16.36,13.74,13.93,19.09,17.01,20.51,22.05,11.43,13.33,23.08
01/07/2023,16.86,9.82,13.9,18.8,15.65,13.687,8.14,16.73,14.25,22.73,7.27,14.58,10.26,15.72,13.41,15.32,16.44,10.22,12.68,15.33,14.74,8.24,15.82,12.93,11.07,15.46,11.29,13.74,10.45,15.02,11.14,18.12,20.18,10.99,14.04,12.27,14.07,17.71,18.18,15.85,18.92,10.53,14.91,18.63,10.86,16.18,13.87,11.9,14.75,12.12,16.07,17.76,15.53,14.33,19.41,18.39,17.86,18.6,19.86,19.23,12.87,11.8,19.25,16.72,15.88,21.78,13.39,18.27,14.29,18.08,16.75,18.48,16.76,16.78,12.6,6.12,18.8,19.53,16.88,14.38,17.39,12.37,11.83,17.35,18.11,17.02,18.77,21.29,20.45,17.82,22.77,16.32,17.52,17.51,18.42,14.31,24.17,3.17,4.57,7.04,16.03,19.25,21.31,15.64,3.7,18.25,15.19,16.97,13.17,12.41,14.18,4.71,2.15,17.38,19.33,9.38,18.2,19.72,14.82,18.85,20.79,18.62,10.16,13.03,18.22,15.32,21.14,13.73,18.34,20.37,12.11,17.92,19.82,18.65,17.51,18.15,22.56,14.29,20.91,12.95,7.41,15.25,15.55,11.7,18.71,16.69,18.22,19.4,24.63,19.85,17.25,19.13,21.33,18.61,18.15,19.65,21.43,21.02,17.13,17.79,18.39,15.19,20.83,22.78,24.43,21.19,22.35,18.55,16.54,21.6,20.43,15.58,18.57,17.76,15.07,14.11,17.85,15.17,21.5,22.22,10.81,12.98,25
01/08/2023,16.65,9.57,13.98,18.63,15.23,13.499,8.6,16.07,14.62,21.74,5.88,12,10.53,16.38,12.75,16.45,17.28,10.11,12.56,16.7,14.21,8.24,15.53,13.91,11.35,15.27,11.43,13.45,11.44,15.15,11.62,19.38,17.98,11.28,14.51,12.5,13.8,16.85,17.9,14.97,18.42,10.95,14.11,18.18,10.32,16.67,13.36,11.71,15.63,12.9,15.85,20,16.1,14.29,17.12,19.24,17.39,18.14,19.29,18.58,11.75,11.17,18.4,16.41,16.17,21.47,14.21,18.28,14.36,17.4,17.48,16.88,16.3,17.05,12.97,9.62,18.18,18.41,16.27,14.38,17.16,13.44,11.7,16.92,18,19.35,18.64,22.44,20.47,17.23,23.53,16.5,17.86,16.62,17.5,14.01,23.66,3.3,4.62,6.47,16.85,18.09,19.8,15.83,3.36,18.35,14.56,18.16,13.49,12.97,13.7,4.91,2.02,16.83,18.24,8.72,16.34,20.04,13.49,17.78,21.4,17.22,10.06,11.99,18.39,14.55,21.22,13.84,18.93,20,12.77,14.81,20.09,18.59,17.92,17.38,21.58,15.65,20.36,11.85,9.26,15.97,16.22,9.57,16.67,16.63,18.47,17.33,24.59,19.83,16.5,18.84,21.82,17.73,16.94,18.73,22.07,19.44,15.77,17.84,18.23,16.46,20.74,23.66,23.55,20.96,22.27,18.5,16.67,21.15,19.7,15.69,20.55,18.21,14.36,13.47,19.06,15.03,20.35,22.63,12.33,12.4,26.19
01/09/2023,16.08,9.62,13.54,17.59,15.08,13.211,8.93,15.37,14.29,24,5.88,10.64,11.11,15.23,12.43,15.51,14.2,8.54,9.13,16.7,14.67,10.64,13.1,13.73,13,14.26,11.61,12.69,12.27,13.42,11.64,18.31,17.99,11.96,14.98,12.89,14.02,16.82,17.02,14.43,16.46,11.02,14.36,17.31,8.88,15.19,12.27,11.49,17.74,9.09,17.16,18.18,17.06,12.36,17.61,17.23,15.97,15.25,18.73,18.93,11.13,12.85,18.49,15.51,15.1,19.15,13.39,17.45,13.89,17.71,15.68,15.94,15.82,16.58,13.53,8.77,16.33,18.23,15.86,12.91,16.41,14.44,10.24,17.47,17.68,15.46,18.99,22.5,18.16,15.43,23.1,13.49,16.47,16.22,15.38,12.2,20.54,3.73,4.31,6.48,16.67,17.79,18.71,16.03,3.42,17.78,13.65,18.88,14.21,12.81,14.02,4.75,2.1,16.09,16.56,10.09,13.78,19.26,12.64,17.66,21.48,16.38,9.64,11.04,16.07,13.5,20.09,14.29,18.17,18.74,13.39,17.21,16.63,17.95,15.68,16.89,20.43,11.69,20.35,11.39,7.41,13.78,15.1,10.98,15.58,17.02,20.07,14.76,23.26,19.41,16.09,17.26,20.17,17.12,15,16.96,21.08,18.21,15.46,15.77,15.93,15.45,20.57,23.42,20.38,20.24,20.4,19.63,15.67,19.61,21.13,16.05,17.65,17.07,12.16,13.69,16.01,14.97,21.89,20.83,11.54,11.97,22.92
01/10/2023,15.92,8.76,13.11,17.01,14.53,12.501,8.98,15.19,14.29,26.09,7.02,11.11,9.76,14.68,12.2,14.9,13.29,6.15,9.69,16.7,14.72,9.09,13.2,12.5,13.03,12.2,11.54,12.12,14.13,12.71,10.44,19.62,16.59,12.4,14.21,11.86,14.22,13.62,16.98,12.58,14.18,9.61,13.32,15,8.83,14.93,11.76,12.9,21.67,6.25,17.2,15.33,16.49,12.83,16.43,18.44,15.13,15.64,15.69,19.6,9.98,12.23,16.73,14.7,15.37,20.54,14.5,17.16,13.64,16.53,15.89,14.96,15.82,17.45,13.75,7.27,14.21,17.1,16.83,12.06,16.23,14.61,8.95,16.5,18.25,18,20.59,22.15,19.57,14.85,21.58,13.18,14.29,15.32,14.55,11.85,20,3.32,3.36,5.71,17.85,17.17,16.83,15.46,3.29,17.23,12.87,18.68,13.72,12.74,12.66,3.7,1.79,16.38,15.63,9.62,14,19.65,13.47,17.29,21.84,13.58,9.74,12.8,15.7,12.99,19.4,15.88,17.27,17.6,13.02,17.12,14.91,17.92,16.67,15.02,17.81,14.38,19.53,11.84,8.93,12.08,15.22,12.5,13.71,15.31,19.26,13.99,21.89,18.82,15.85,16.48,19.1,13.62,14.24,16.77,21.12,15.38,17.89,16.09,17.22,15.02,22.64,22.65,19.14,20.88,21.53,18.93,15.47,19.73,21.66,18.01,14.42,16.49,12.43,13.76,14.71,12.88,22.69,19.7,4.62,12.95,20.83
01/11/2023,15.45,8.82,12.8,16.19,13.8,12.185,9.43,14.55,14.29,20,10.71,13.51,11.11,14.8,12.78,14.96,12.35,8.06,8.33,14.54,14.01,10.59,11.9,11.94,13.72,11.25,11.63,12.1,14.71,12.84,10.27,19.32,15.02,12.31,14.74,11.77,13.58,11.56,15.12,13.58,15.5,9.01,13.51,14.29,8.06,12.31,9.66,12.98,16,6.45,16.56,14.39,13.74,12.96,14.84,18.18,17.12,16.18,13.81,17.19,9.63,11.44,16.03,16.27,14.24,17.03,12.95,15.76,13.42,15.35,14.67,14.71,14.58,16.92,14.31,6.52,14.73,17.15,17.07,12.92,15.93,12.57,9.95,15.62,18.42,20.39,18.77,21.43,18.26,12.65,17.95,12.84,14.62,16.52,15.09,11.62,19.69,3.7,4.13,6.81,17.76,17.92,13.85,14.44,4.44,17.12,10.91,19.06,11.24,13.49,12.14,3.75,1.85,15.53,14.54,8.47,13.18,19.06,12.5,17.14,18.85,13.6,10.04,14,15.63,12.91,17.29,16.98,17.21,16.71,13.68,16.1,14.02,18.79,14.12,15.15,13.79,15.65,18.66,12.58,10,11.35,16.56,13.04,13.53,14.02,19.11,14.12,18.44,19.27,14.47,14.91,18.98,13.65,13.43,16.86,18.12,13.16,15.3,15.57,15.76,14.02,22.9,19.57,18.75,19.06,22.79,20.42,14.62,18.38,19,16.88,13.57,16.25,9.97,12.67,14.74,12.26,20.75,22.76,3.08,11.02,15.91
01/12/2023,15.22,9.3,12.24,15.78,14.14,12.261,6.65,14.26,13.59,15.38,14.55,8.82,10,13.94,11.85,14.67,10.49,8.65,7.54,12.35,12.24,10.71,10.28,13.66,13.82,10.58,11.72,10.9,13.58,13.26,10,18.55,15.81,11.01,14.48,12.68,13.89,11.06,12.83,11.04,13.85,9.27,13.72,12.75,7.02,10.96,10.09,13.2,20.41,6.9,17.13,14.71,14.75,13.91,17.3,18.41,18.1,17.26,12.33,15.85,9.17,11.38,14.92,16.73,13.96,15.31,13.17,14.98,12.52,14.5,12.2,14.58,14.01,17.89,14.29,7.89,15.81,16.76,17.56,11.85,16.05,14.77,8.99,15.34,18.82,20.65,18.33,20,16.81,10.16,18.64,12.39,13.24,15.94,14.29,10.14,19.51,3.4,4.44,8.18,16.46,17.3,13.35,12.97,5.71,17.33,10.51,17.67,11.71,12.91,13.33,3.86,1.75,14.03,14.42,8.36,12.13,18.14,12.15,16.62,16.86,13.18,10.93,13.15,15.17,12.41,15.99,17.73,16.75,15.63,13.67,15.5,14.75,20.33,14.1,14.92,12.86,14.38,18.95,10.67,13.95,12.66,17.05,10.31,14.09,14.78,18.51,14.97,16.94,17.37,15.14,16.94,17.47,12.31,12.18,15.51,19.44,14.09,15.64,14.85,17.72,12.62,20.33,20.15,17.24,16.91,22.71,19.77,13.45,16.79,18.1,14.97,14.72,15.06,12.54,11.99,14.94,11.64,18.21,17.83,1.67,15.75,18.75
01/13/2023,14.88,8.39,11.81,15.56,13.58,11.563,7.03,14.16,12.15,7.69,22.81,10,14.29,12.73,11.31,14.78,9.09,7.77,8.85,12.97,9.8,12.64,9.43,12.7,15.13,9.85,11.17,10.15,13.03,11.54,9.6,18.33,15.02,11.41,13.79,11.21,13.36,10.85,11.88,9.94,12.8,11.76,12.33,12.5,6.19,10.96,8.48,14.07,20,6.9,13.03,14.17,13.61,12.69,17.92,18.84,18.35,14.9,14.03,14.61,9.91,10.67,15.38,15.25,14.24,14.19,14.07,14.32,12.65,14.16,12.8,12.71,13.18,17.42,15.64,8.33,13.4,18.15,16.83,12.23,14.71,10.71,6.86,14.96,19.35,25.77,16.49,15.57,15.81,11.18,17.03,14.89,13.03,15.87,13.04,11.03,18,2.95,3.49,7.36,16.55,15.19,14.52,12.16,4.96,19.21,9.77,17.14,11.51,12.98,12.26,3.38,1.39,14.69,13.98,8.81,11.58,17.44,12.88,15.54,16.02,14.55,9.62,12.81,13,11.07,15.64,19.32,17.28,13.53,12.87,20.16,14.25,18.25,11.88,13.29,12.77,14.84,18.92,7.97,15.22,12.93,15.81,14.14,15.17,14.47,15.71,16.76,15.18,17.23,16.06,17.41,17.23,12.83,13.48,15.97,19.18,14.59,16.67,14.22,18.75,13.27,18.06,18.89,16.84,19.25,22.99,18.48,14.1,16.91,18.13,12.78,14.29,15.93,14.19,11.36,14.73,9.02,18.48,15.57,3.13,16.26,14.29
01/14/2023,14.58,8.26,11.73,15.31,13.73,11.42,8.43,13.59,10.92,9.09,21.05,16.67,16.98,12.64,12.41,15.51,10.46,6.97,10.75,11.4,10.26,12.5,8.64,12.97,16.41,9.23,11.48,10.14,13.76,11.18,9.74,18.07,12.73,10.71,13.65,9.79,13.3,9.83,11.19,12.05,10.74,11.16,12.6,14.89,5.93,10.96,7.79,15.24,18.75,12.5,14.39,13.85,14.37,11.31,18.24,18.94,20,15.61,14.22,15,10.34,10.4,15.3,14.42,13.79,13.79,13.42,14.11,12.63,14.63,12.7,12.17,12.7,16.4,15.47,6.25,13.58,17.35,16.25,13.04,14.23,11.59,6.25,15.85,18.38,24.24,16.06,16.52,15.17,10.6,17.22,15.25,13.48,16.51,12.82,10.54,17.86,2.94,3.15,7.34,16.02,14.97,14.13,12.39,4.99,18.97,8.9,17.23,11.32,13.82,12.54,3.35,1.38,14.99,12.56,8.81,13.61,17.57,11.38,15.41,13.93,15.24,9.56,10.49,13.78,10.88,16.24,18.8,16.03,13.25,13.02,17.97,13.38,17.99,11.32,13.49,12.1,12.18,20.21,7.75,18,10.87,15.49,13.68,14.73,14.71,14.2,16.85,14.13,17.01,16.15,17.35,16.69,13.51,13.41,16.67,18.12,14.7,16.73,15.61,18.4,13.4,14.73,18.73,15.49,19,22.22,16.48,15.74,19.38,16.49,12.95,13.02,14.47,12.63,11.11,15.16,8.59,17.75,17.39,5.97,18.25,14.63
01/15/2023,14.59,8.14,11.51,15.07,13.75,11.277,7.72,13.67,9.5,10,21.05,16.67,16.67,12.26,13.74,13.89,8.39,6.97,9.52,10.13,10.46,14.46,8.91,12.38,15.81,8.68,11.09,9.9,12.5,11.56,9.87,16.77,14.08,11.42,13.08,9.32,13.82,9.21,11.34,12.28,9.65,10.68,13.67,14.13,6.33,9.84,7.49,16.88,22.73,13.04,14.07,10.92,11.59,11.15,18.93,18.75,20.83,15.2,14.55,15.73,10.89,10.71,15.68,14.53,13.05,13.71,13.9,14.11,13.07,14.92,13,13.04,12.5,16.37,14.79,0,14.14,16.63,16.65,12.43,14.17,13.04,6.98,15.56,18.13,22.45,16.31,15.18,14.92,10.34,15.94,14.6,12.34,16.46,13.51,10.59,17.11,2.76,2.56,7.23,15.5,15.28,14.35,12.22,4.88,19.26,8.91,15.17,10.9,12.94,12.22,3.14,1.34,15.95,13.61,9.52,14.09,16.14,13.33,16,12.29,15.99,9.15,10.67,15.1,11.31,16.44,17.41,15.72,12.7,12.45,18.55,13.41,18.43,10.29,14.38,12.27,11.11,19.27,8.96,15.69,9.91,12.84,14.29,16.42,14.08,14.43,18.68,14.29,17.1,15.92,15.99,15.51,16.12,15.02,16.99,17.86,15.61,17.27,14.35,18.35,11.89,14.66,18.32,14.58,18.99,21.11,17.02,14.67,18.9,15.56,13.48,11.11,12.88,13.79,11.04,15.48,7.32,18.38,15.79,4.48,17.19,12.2
01/16/2023,14.35,7.77,11.4,15.1,13.05,10.971,8.27,14.01,8.07,5.56,21.82,13.33,15.22,12.35,13.45,13.29,9.52,6.32,9.64,9.09,11.19,15.38,9.27,13.37,14.29,9.46,10.52,10.08,12.46,13.23,10.92,16.7,14.43,10.61,11.36,9.51,12.84,7.59,10.85,14.47,10.09,11.33,11.96,10.59,5.69,7.14,9.68,17.07,20.93,19.05,10.89,11.21,10.53,11.19,17.68,17.48,20.18,15.63,17.89,12.8,11.11,9.57,16.45,15.02,12.33,14.07,15.8,14.42,12.73,14.03,13.51,12.79,11.61,16.1,15.1,3.7,14.98,14.26,15.82,12.31,13.27,11.81,9.33,14.03,17.58,26.44,14.66,13.33,14.84,12.5,11.74,15.27,11.22,17.48,19.35,9.85,17.19,2.57,2.63,6.79,13.64,15.59,15.99,12.65,4.49,19.18,7.88,13.3,9.05,13.16,11.69,3.42,1.25,16.72,15.22,9.18,15.54,17.66,14.75,14.77,11.71,15.57,9.01,9.79,14.97,12.67,17.87,17.85,15.22,12.39,12.12,14.95,13.48,19.14,12.03,14.18,10.43,11.03,16.85,11.76,14.58,11.98,12.18,16.47,18.25,14.17,14.38,20.24,14.25,17.3,15.19,14.89,15.5,17.08,15.42,16.96,18.25,16.8,15.56,15.18,19.31,9.88,15.42,16.32,15.07,15.74,21.33,16.32,13.5,20.47,11.31,13.67,11.41,14.59,15.19,12.91,15.52,7.27,16.62,15.09,11.94,17.5,15.15
01/17/2023,13.55,8.02,10.79,14.49,13.29,10.837,7.12,12.68,8.28,0,22.64,13.79,12.96,12.1,13.55,11.59,6.67,7.73,7.34,7.39,11.11,15.29,8.59,13.28,14.34,10.33,9.41,9.82,10.16,12.52,10.34,13.51,14.62,10.17,11.99,10.04,11.74,6.41,8.95,14.94,8.47,13.4,11.62,13.64,6.01,6.56,10.08,15.65,17.95,17.65,12.06,10.28,10.43,11.55,16.36,17.91,19.82,15.22,18.47,12.35,12.32,10.03,16.88,13.29,10.89,15.77,14.4,12.92,13.41,12.8,12.3,12.34,12.13,14.79,12.88,6.9,14.09,13.67,14.02,11.54,13.18,12.23,13.61,14.26,17.32,23.75,11.49,13.08,13,12.1,11.07,14.15,9.22,16.01,20,8.65,16.39,2.74,3.24,7.19,14.24,15.66,16.71,11.53,4.65,16.84,8.76,13.41,8.92,12.02,9.73,3.95,1.37,16.55,14.41,9.15,13.9,17.6,12.2,13.37,9.13,14.23,7.65,8.64,14.44,12.43,19.5,16.75,16.19,12.68,12.67,12.96,13.43,17.99,9.32,13.24,9.65,8.57,15.22,13.04,17.65,10.87,12.24,15.56,17.23,14.45,12.37,19.77,14.32,17.04,15.64,15.84,14.82,16.03,13.82,14.77,19.23,17.07,13.68,16.94,16.78,9.36,14.49,16.38,14.93,13.07,20.92,17.33,12.2,19.85,9.26,11.45,13.89,12.1,15.09,12.79,15.2,11.97,17.61,13.79,18.46,17.39,22.22
01/18/2023,13.16,7.52,10.3,13.88,12.96,10.359,5.65,12.18,5.94,4.76,18.37,16.13,12.77,12.45,14.23,9.86,5.11,6.16,8,8.78,10.96,15.38,7.64,15.03,12.66,8.83,9.48,8.75,8.46,10.79,10.11,11.55,18.64,9.25,11.21,10.47,13.22,7.24,8.5,13.99,7.5,14,10.77,11.69,5.64,6.67,10.66,13.77,20.51,17.65,10.94,11.01,10.3,9.4,16.11,16.42,20,13.04,19.73,12.96,12.02,10.57,17.75,12.52,10.41,16.54,14.1,14.29,12.34,12.16,11.78,11.91,12.66,14.84,11.92,6.06,14.73,11.66,12.73,11.26,11.76,11.72,15.98,15.17,16.11,17.5,10.96,11.65,11.84,12.45,12.27,13.02,8.8,14.33,21.62,7.83,14.22,2.45,2.38,5.79,13.1,15.03,16.28,11.71,3.13,16.54,9.61,12.95,9.34,10.13,9.09,4.46,1.31,16.18,14.23,9.12,13.15,17.1,11.75,12.26,9.56,13.9,7.91,6.53,10.53,12.34,18.63,16.18,17.32,12.72,11.14,13.08,14.1,16.84,10.73,12.32,11.43,7.86,13.89,13.04,18.37,10.13,10.84,15.12,16.43,13.93,12.42,16.3,15.02,15.63,14.2,15.05,13.53,13.28,13.33,14.66,18.98,17.13,14.75,18.42,15.91,9.04,12.96,14.79,13.83,11.3,16.32,16.35,12.2,19.42,8.23,11.26,15.59,11.18,14.19,12.02,13.62,13.22,18.21,10.94,19.72,18.58,31.82
01/19/2023,12.65,7.01,10.07,13.36,12.11,9.865,6.01,10.81,6.69,8,17.39,20,14.29,12.95,14.08,8.96,5,5.91,8.06,11.11,12.86,16.46,7.71,14.89,10.34,7.87,9.68,8.28,9.18,10.4,10.14,10.77,16.98,10.76,10.91,9.93,13.5,6.39,9.44,13.54,9.48,13.04,8.33,10,5.64,5.36,10.2,13.02,15.79,14.29,12.59,11.3,10.06,7.59,14.01,14.17,18.87,13.14,19.82,12.58,12.08,9.74,16.37,13.51,9.88,16.61,15.12,13.15,12.08,11.4,11.73,10.87,12.28,13.39,11.03,5.88,15.9,10.65,13.37,10.26,10.46,11.19,18.13,13.52,14.84,16.46,11.65,13.19,12.35,12.82,11.83,13.27,9.57,12.84,17.5,8.71,12.65,2.46,2.51,4.9,13.65,13.85,17.72,11.64,2.9,15.84,10.02,12.62,9.02,10.2,8.88,3.88,1.04,15.12,13.67,8.67,13.37,17.62,11.54,11.9,11.02,13.56,7.35,6.16,10.99,12.03,16.99,15.78,16.45,10.82,10.71,15.69,13.6,14.99,10.23,11.57,11.2,9.93,13.61,13.16,12.5,8.4,8.87,14.77,15.12,12.32,12.89,14.29,15.24,15.94,13.25,13.87,13.08,10.97,14.23,14.38,17.91,16.02,13.08,19.47,14.62,8.33,12.4,12.5,12.73,11.68,14.29,16.75,11.96,22.07,8.39,10.53,14.71,11.02,13.52,12.58,14.07,14.17,18.33,13.04,20.55,13.21,31.25
01/20/2023,12.24,7.08,10.04,12.91,11.95,9.766,5.67,10.76,8.07,7.41,7.5,16.67,3.33,13.46,14.29,8.72,4.7,7.04,6.84,10.29,13.74,13.16,8.75,14.44,10.21,7.9,10.62,8.91,9.6,11.03,9.04,10.37,16.37,11.07,10.03,10.61,12.66,6.52,8.3,14.29,12.3,10.27,8.7,7.59,5.57,5.66,10.73,13.56,14.63,19.05,12.72,12.28,11.45,8.87,13.2,12.05,17.39,15.48,17.47,12.28,11.58,10.03,15.56,13.2,9.7,16.42,13.27,10.75,12.54,11.11,10.61,12.23,12.37,13.47,9.43,4.65,16.27,9.94,12.63,10.22,9.93,13.55,18.58,14.31,13.54,15.94,11.66,14.29,11.08,13.28,11.95,11.48,9.69,13.77,16.28,6.75,12.56,2.57,2.35,4.16,12.98,13.58,14,11.34,2.89,13.43,10.99,13.02,10.21,9.41,8.47,3.89,1.15,15.13,12.35,9.93,12.78,17.75,12.13,11.63,11.02,11.42,7.84,6.53,10.31,14.05,15.99,16.78,14.89,11.8,11.18,14.29,12.69,14.92,12.94,11.07,10.47,8.63,11.79,12.4,14.89,7.76,9.25,14.14,12.34,11.91,14.18,11.5,16.09,15.44,11.49,14.67,12.42,11.16,13.08,14.34,15.75,14.06,11.33,18.09,13.08,6.67,12.86,11.41,12.19,10.8,14.23,18.72,10.58,18.62,6.58,10,16.11,10.6,12.14,11.82,14.36,16.79,17.06,15.08,20.55,14.29,30
01/21/2023,12.23,7.04,9.74,12.72,11.27,9.602,5.71,10.92,9.27,7.14,8.11,9.09,0,13.31,13.19,8.31,4.76,7.04,5.98,10.78,13.74,12.66,9.53,14.29,9.16,7.88,10.91,8.89,8.41,10.63,8.86,9.94,17.12,11,9.45,10.36,11.78,7.02,8.03,11.96,11.57,9.47,6.86,5,6.13,6.9,10.92,11.9,14.29,13.04,10.64,11.82,10.23,10.64,11.9,11.55,15.45,14.94,17.18,9.64,11.52,9.36,15.74,13.45,9.71,16.73,14.88,10.84,13.61,10.31,10.31,12.87,13.05,13.48,9.07,4.44,15.02,10.75,12.87,9.7,9.55,10.97,19.78,13.96,12.97,13.85,11.14,10.68,10.38,12.08,10.58,11.88,9.31,12.1,17.07,6.74,12.65,2.48,2.44,3.86,13.19,12.52,13.76,10.79,2.96,13.16,12.22,12.78,11.02,10.25,8.63,3.93,1.06,15.1,12.03,10,11.42,17.6,12.47,12.27,11.3,10.28,7.55,7.12,8.42,13.16,14.99,17.61,15.88,11.91,11.03,14.29,13.67,13.99,12.87,8.8,11.55,10.42,10.66,11.28,10.42,7.66,9.57,14.58,12.5,11.27,14.81,10.95,17.01,15.68,11.59,14.44,12.54,11.39,13.78,14.36,15.08,13.23,10.23,17.2,13.49,8.19,13.3,10.78,12.5,10.66,14.74,17.84,10.24,17.12,6.94,8.61,15.93,10.99,12.81,11.66,14.53,16.78,16.81,13.39,20.9,13.59,26.32
01/22/2023,12.23,7.03,9.73,12.61,11.4,9.58,5.69,10.66,10.54,6.9,8.33,8,0,12.68,12.37,7.85,5.56,7.41,7.45,10.42,15.5,10.13,9.38,13.26,8.73,8.18,12.2,9.21,8.7,10.57,9.26,10.73,17.33,10,9.35,10.18,11.66,8.05,8.46,10.75,11.57,10.11,6.23,4.65,5.63,8.06,10.3,10.31,9.76,13.64,9.89,12.73,12.57,12.15,11.46,11.02,14.78,15.91,15.81,9.94,12.31,9.25,15.21,14.34,10.68,15.53,14.51,11.92,13.68,10.35,9.09,12.33,14.14,12.58,9.66,4.55,13.68,11.09,12.7,9.96,9.76,9.87,19.47,13.83,13.05,14.75,10.29,10.28,10.66,13.64,10.03,12.08,9.31,11.58,17.07,7.19,12.65,2.49,2.61,4.03,13.62,12.15,12.75,9.73,2.8,12.83,12.93,13.51,10.63,10.95,9.14,4.02,1.01,14.98,11.75,9.06,11.89,17.86,10.88,12.18,12.07,9.89,7.67,7.52,6.91,14.6,13.52,18.93,16.04,12.15,10.86,16.16,14.48,12.99,15.48,8.47,11.48,9.22,9.04,11.45,14,7.11,10.11,14.29,13.03,10.72,15.16,8.96,16.25,15.42,10.68,14.16,12.48,9.17,13.16,14.52,13.6,12.17,10.78,18.42,13.49,9.29,13.64,10.86,13.07,10.49,15.16,16.99,10.8,18.24,6.94,9.68,16.07,11.79,12.31,12.02,12.95,16.08,16.14,13.6,20.27,14.29,23.81
01/23/2023,11.81,6.84,9.24,12.02,10.95,9.251,6.03,11.26,9.33,6.9,11.36,8.33,0,11.49,11.59,8.67,4.52,7.25,7.49,11.11,15.94,8.54,8.86,10.48,7.52,7.62,11.55,9.11,7.25,9.15,7.27,10.15,15.1,10.02,9.59,9.22,12.24,8.82,6.76,10.26,9.68,12.12,6.23,5.15,6.07,8.96,7.89,9.85,7.32,12,10.49,13.01,11.58,12.7,11.19,11.05,16.1,13.68,11.21,9.6,12.06,8.81,13.21,12.85,11.51,15.05,11.17,11.56,13.83,10.15,8.57,11.11,14.52,11.92,8.59,4.08,13.4,11.01,12.29,9.95,10.24,10,18.05,13.29,13.48,13.64,10.51,11.5,10.38,13.72,9.15,12.33,8.47,10.09,13.64,9.2,13.68,2.15,2.86,3.94,13.96,11.07,13.25,8.84,2.89,11.68,12.52,13,9.83,9.98,8.74,3.55,0.88,13.48,9.5,9.24,10.46,15.8,10.57,13.25,9.56,10.57,7.68,6.95,6.15,13.55,13.22,15.56,15.38,12.11,10.63,18.02,14.1,11.98,12.36,8.75,13.03,11.33,8.04,11.35,12.28,6.25,9.93,11.76,11.47,9.14,14.74,8.06,15.8,13.93,10.89,14.01,11.73,9.41,12.89,14.79,10.42,11.91,10.7,19.72,11.85,9.6,11.62,9.26,11.76,13.17,15.09,16.51,11.21,15.58,7.14,11.45,15.79,11.11,12.09,10.43,11.49,14.47,14.85,10.67,17.86,11.5,21.43
01/24/2023,11.63,6.3,9.12,11.76,9.98,8.822,7.22,12.11,8.46,7.41,10,4.35,5.71,10.98,13.02,7.62,4.86,8.82,8.26,10.8,15.71,8,8.14,10.47,5.86,6.85,11.49,9.26,6.65,9.64,8.1,9.46,16.67,8.65,9.22,9.54,12.37,10.99,7.33,9.05,11.19,10.95,5.79,2.2,4.3,9.38,7.35,9.25,5.13,10.71,11.5,11.81,10.53,11.19,11.89,9.35,15.79,12.9,9.61,8.86,10.76,7.56,12.58,13.89,11.33,13.21,11.21,12.96,12.38,9.75,8.42,10.32,13.76,12.46,9.08,2.33,13.36,11.95,12.36,10.53,9.74,10,16.32,12.59,11.3,11.11,10.63,8.77,12.56,12.78,9.54,13.74,10.36,9.17,10,9.16,13.44,1.84,2.27,3.01,12.46,10.61,11.65,8.42,2.24,12.23,11.65,11.64,9,10.34,9.45,3.33,0.81,13.36,8.32,9.15,11.15,14.93,10.61,13.63,11.44,10.15,7.78,8.01,6.25,12.71,12.24,15.93,13.26,11.67,8.7,17.24,13.83,12.48,15.05,7.72,13.08,14.38,7.89,10.07,9.8,6.58,10,15.46,12.19,7.72,15.47,5.53,16.24,13.29,10.39,11.79,11.37,10.29,14.51,14.73,8.09,10.94,9.46,18.6,9.63,7.83,12.93,8.79,11.43,14.5,13.94,13.86,10.3,16.34,8.33,12.8,14.75,11.96,10.9,10.06,10.17,11.43,14.52,11.43,15.56,11.4,12.5
01/25/2023,11.3,6.31,8.95,11.42,9.99,8.713,8.82,11.76,8.71,4.17,11.11,0,5.56,9.85,11.68,7.98,6.38,8.16,8.07,11.18,16.67,6.1,9.35,8.17,5.6,7.57,11.17,9.27,6.17,10.95,9.89,9.08,12.05,9.77,8.21,8.33,9.84,9.79,6.81,10.17,12.41,10.53,5.67,3.13,5.32,7.94,5.76,9.56,4.88,12.9,11.11,13.14,10.64,13.19,12.2,8.85,11.11,13.47,9.79,10.63,10.8,7,9.42,13.19,12.03,13.68,12.32,12.17,12.15,10.49,8.51,9.67,13.25,11.76,8.1,2.33,10.97,12.67,12.75,9.55,9.96,10.19,15.18,10.23,12.5,10.45,10.57,8.85,11.27,12.92,8.64,13.02,11.82,7.76,9.52,9.92,13.48,2.05,2.11,2.53,13.21,10.03,12.58,8.46,2.28,11.31,11.71,11.21,8.57,10.63,9.69,3.42,0.84,13,7.34,9.52,11.55,15.08,11,13.35,10.34,10.48,7.21,9.52,5.13,11.6,11.42,15.17,11.55,10.41,8.96,16.81,12.17,13.24,12.85,6.72,12.5,14.19,8.67,8.7,9.43,7.52,10.62,16.16,11.29,7.62,14.39,5.79,15.68,13.61,10.86,12.55,11.44,11.81,14.77,13.64,8.21,9.24,7.38,18.4,7.19,6.7,13.19,9.06,10.49,15.2,14.64,13.89,10,14.57,8.61,15.54,13.11,11.02,11.63,9.48,10.77,11.19,13.07,10.45,13.04,10.92,9.38
01/26/2023,11.24,7.81,8.81,11.27,10.54,9.407,7.93,12.12,9.38,5,10,4,5.88,8.84,10.8,7.67,5.3,7.1,8.45,10.14,15.49,3.85,8.43,7.67,5.98,8.72,10.26,9.45,5.21,9.73,10.14,9.28,12.5,8.41,9.11,7.14,10.18,9.39,6.29,11.49,12.06,11.97,5.87,5.15,5.54,8.2,6.34,9.83,7.5,13.79,9.96,13.64,10.5,14.29,10.99,10.8,10.16,11.22,9.48,11.18,11.67,8.37,9.09,11.13,11.96,11.91,12.2,12.55,12.96,10.95,9.21,9.11,14.43,11.29,8.9,2.17,9.71,13.09,11.46,10.11,9.63,11.92,13.23,11.3,13.72,7.69,10.36,9.32,10.47,11.79,9.16,11.23,11.19,7.92,7.89,9.41,15.25,3.69,2.18,3.15,13.32,9.8,11.04,7.61,2.49,11.04,11.8,10.62,8.7,11.03,8.42,5.69,2.25,13.26,7.01,9.4,11.33,14.59,10.95,13.23,8.71,10.28,8.15,9.6,6.47,11.09,12.3,15.09,11.51,10.74,7.89,14.78,11.65,12.19,12.23,6.02,11.84,14.6,7.49,8.96,12.73,8.19,10.39,15.84,10.53,7.76,13.6,7.22,14.95,13.57,10.84,12.75,10.36,12.61,14.72,13.31,7.58,9.88,7.31,18.31,8.51,7.66,13.81,9.35,12.11,16.72,15.04,11.96,9.64,12.5,8.67,16.89,13.16,11.22,11.34,9.39,10.17,9.56,14.56,9.92,12.37,10,11.76
01/27/2023,11.18,7.1,8.57,10.96,10.69,9.022,7.73,11.84,7.76,11.76,9.62,3.7,5.13,8.9,10.43,6.67,6.11,5.29,9.33,11.55,14.49,4.05,7.21,8.45,5.16,8.13,9.64,8.93,5.48,8.56,11.17,8.62,11.85,7.23,10.31,7.82,9.45,8.8,7.72,10.8,9.15,12.02,6.9,6.06,5.8,6.35,6.07,8.44,12.5,12.12,11.41,13.79,9.14,14.47,11.19,11.75,9.09,10,9.22,12.5,11.74,8.32,8.27,11.59,12.41,10.7,13.27,12.69,12.81,10.69,10.14,7.1,15.07,11.82,9.62,2.38,11.11,13.67,11.26,10.35,9.4,10.64,11.93,9.45,13.27,3.17,10.15,8.2,10.54,11.97,8.98,11.52,10.74,7.23,6.82,9.45,14.77,3.03,2.29,3.3,12.74,9.62,12.55,8.03,2.53,9.97,11.81,9.75,8.12,11.31,7.89,4.71,1.87,12.63,7.6,8.08,12.04,13.55,9.6,13.19,8.98,10.67,6.98,8.8,8.5,9.76,12.43,13.03,11.59,10.66,6.86,11.11,11.51,11.75,11.52,6.93,12.24,13.64,7.03,11.63,12.96,8.23,9.75,13.33,11.6,7.74,12.98,9.09,13.76,14.26,10.98,9.52,9.55,12.45,13.25,12.6,6.77,9.49,7.58,17.27,6.04,9.01,13.5,8.16,11.5,16.46,14.16,8.99,11.02,14.79,10.46,17.11,11.92,11.27,11.85,9.36,9.98,7.41,13.88,9.02,10.91,8.26,9.38
01/28/2023,11.01,6.91,8.59,10.56,10.98,8.879,7.02,12.12,6.98,11.76,10.91,3.57,5.13,8.9,9.48,6.59,6.98,5.88,8.74,11.86,12.32,5.33,6.44,9.17,3.69,7.9,9.79,8.28,5.61,8.8,10.66,8.81,11.63,7.65,9.98,7.81,10.26,8.53,8.28,10.67,10,14.04,7.65,5.94,5.33,6.78,7.11,8.84,12.2,12.5,11.61,14.48,8.74,13.35,11.81,12.99,8.47,8.91,9.3,13.51,11.87,8.98,8.75,11.05,12.06,10.91,12.17,12.8,11.79,10.81,10.96,6.65,14.52,11.96,9.09,2.44,11.37,12.45,11.06,10.36,9.76,12.06,11.05,8.73,13.45,3.13,10.53,9.73,9.69,12.41,9.01,10.1,11.36,7.67,6.67,8.85,13.92,2.79,2.35,3.33,11.62,10.01,12.84,8.22,2.4,9.67,10.77,8.37,8.01,10.7,8.09,4.5,1.86,11.86,7.6,8.47,12.7,12.92,9.27,13.11,9.02,11.13,6.92,8.99,8.7,9.9,12.18,12.31,11.01,10.33,7.05,11.57,10.57,11.95,12.17,6.23,10.66,12.3,6.49,12.3,13.21,8.07,8.93,14.43,11.92,8.06,12.5,8.77,13.8,13.03,9.88,9.06,8.66,11.34,12.02,11.45,7.58,7.63,8.46,17.81,5.84,8.41,13.43,7.52,10.8,18.46,13.24,10.56,9.7,12.14,9.8,17.95,11.4,10.47,10.84,8.88,9.17,7.52,13.51,8.87,9.48,7.38,8.82
01/29/2023,10.7,6.55,8.42,10.33,10.95,8.59,6.76,11.31,5.77,12.5,11.32,11.11,4.76,8.41,8.65,6.99,6.92,7.33,6.7,12.18,11.03,5.41,5.88,9.74,4.55,8.95,9.13,8.27,5.41,7.99,10,8.78,11.27,7.66,10.02,7.73,9.72,7.95,7.06,11.05,11.03,13.79,6.93,5.88,5.54,5.26,7.84,9.36,11.36,12.12,11.24,14.48,7.06,11.32,12.55,13.44,11.61,8.54,9.35,15.09,12.14,8.8,9.56,10.33,10.65,11.61,11.07,11.57,11.15,10.56,11.38,6.6,13.73,11.97,8.57,2.27,12.01,12.55,10.78,10.06,9,11.27,10.65,9.32,13.72,3.03,9.86,9.73,8.95,11,9.84,10.31,11.88,7.52,6.67,8.83,13.77,2.82,2.03,2.73,10.84,9.75,13.54,8.37,2.15,9.85,10.25,8.38,8.58,9.87,8.02,4.22,1.75,10.58,6.59,8.67,12.23,12.14,9.61,13.3,8.17,10.76,6.89,8.94,8.61,8.58,12.84,12.62,10.49,10.03,6.58,10.17,9.42,12.17,10.53,6.83,11.84,12.61,6.32,12.3,10.42,8.18,8.96,14.58,11.54,8.36,12.23,9.52,13.12,12.37,10.68,8.9,8.45,9.79,10.82,10.83,8.15,7.54,8.46,18.48,6.29,7.73,12.84,6.96,10.38,17.18,12.44,10.5,10.04,10.56,10.37,17.93,9.74,9.78,10.33,8.61,9.49,8.96,13.61,9.6,10.09,7.32,9.68
01/30/2023,10.4,6.46,8.33,10.15,11.37,8.478,7.79,10.49,8.79,10.53,9.62,15.38,7.5,8.45,8.57,6.4,7.09,8.67,6.56,12.64,8,5.19,6.03,10.73,4.74,8.36,9.11,7.43,5.25,8.29,11.54,9.05,11.06,7.43,8.72,7.28,8.72,6.64,7.65,11.11,11.97,11.48,7.95,6.52,4.66,9.84,7.8,8.88,12.77,8.82,11.35,14.39,7.19,10.53,11.27,15.04,9.26,10.5,8.52,17.9,12.75,9.53,9.38,10.43,10.49,8.78,11.49,10.95,10.38,11,10.32,7.08,12.56,11.56,9.17,0,10.46,12.12,11,10.04,9.44,11.72,9.25,9.23,12.5,1.54,9.79,7.26,8.17,11.46,8.98,8.59,11.33,8.33,11.63,7.17,12.47,2.88,2.53,3.3,10.4,11.62,11.14,7.26,2.16,10.42,10.78,8.87,8.88,10.43,7.81,4.9,1.77,10.12,7.65,7.52,11.17,10.91,8.5,12.94,9.64,8.55,6.9,8.47,9.48,8.54,11.93,13.77,11.25,9.84,5.61,9.02,10.03,10.91,11.11,5.63,10.82,8.62,6.42,10,11.63,9.05,9.12,15.38,11.64,8.24,10.65,10.4,14.29,13.3,10.5,9.93,8.36,9.73,10.46,10.32,8.73,6.64,9.3,14.35,7.74,7.84,14.86,7.58,10.62,13.62,12.16,9.04,10.25,10.79,13.1,16.08,12.69,7.76,10.34,8.35,10.15,9.85,13.14,10.38,7.92,8.33,10
01/31/2023,9.87,5.87,8.27,9.72,11.01,7.975,8.26,9.25,6.69,11.11,10.42,13.79,3.45,7.98,4.98,8.12,7.26,5.73,8.77,13.62,8.8,5.48,7.37,10.62,5.71,8.66,9.27,7.26,6.19,7.78,10.14,8.92,10.24,7.54,7.94,8.1,9.09,5.92,7.92,13.55,12.7,10.88,7.33,7.61,6.11,7.81,6.82,9.26,13.33,8.33,9.42,15.11,7.41,10.14,11.95,16.11,9.8,9.91,8.11,16.96,12.45,8.68,9.74,9.47,9.75,8.55,12.23,9.62,9.62,11.04,10.16,7.86,12.32,10.88,8.47,0,10.47,10.51,10.13,9.59,9.13,11.03,7.53,8.02,12.55,4.84,8.67,6.98,5.73,11.72,7.36,6.19,13.47,8.1,12.5,7.26,10.86,2.6,2.54,3.09,9.29,10.83,11.67,6.43,2.29,9.7,10.56,8.1,8.76,10,7.16,4.02,1.74,8.97,8.96,8.28,10.28,10.39,9.49,13.06,8.44,9.82,5.62,7.45,9.62,8.3,11.13,12.42,11.95,9.34,6.65,8.47,9.7,10.21,7.87,6.64,10.61,5.31,6.15,9.17,14.29,10.48,7.29,10,11.46,8.12,9.83,11.7,14.36,12.32,10.23,10.16,7.84,9.21,8.7,10.76,12.4,7.94,8.89,13.06,8.72,9.78,11.06,6.12,8.71,12.84,12.9,11.11,12.61,10.45,11.98,14.29,13.17,7.51,10.53,7.42,9.53,9.42,10.46,7.84,6.12,6.61,12.5
02/01/2023,9.51,5.8,8,9.67,10.61,7.823,6.49,9.06,7.14,9.09,9.09,13.79,3.33,7.23,6.25,8.09,6.25,5.84,7.27,11.68,7.09,6.76,6.52,11.3,6.48,8.39,9.42,7.18,6.91,6.69,8.96,9.28,11.17,6.85,7.56,8.78,9.76,4.97,8.52,11.46,10.57,10.26,7.28,5.88,5.31,7.69,7.46,9.11,11.11,11.76,10.53,14.39,6.79,8.81,10.04,15.8,11.24,9.66,6.48,15.76,11.64,9.05,10.96,7.93,8.21,8.7,10.44,8,8.79,9.73,11.36,8.13,13.16,10.51,8.96,0,11.3,11.05,9.75,9.51,8.96,10.71,5.78,8.61,10.75,7.55,8.55,8,7.39,11.49,6.79,7.01,11.82,9.9,8.33,6.47,11.92,2.82,2.69,3.21,9.45,10.97,9.58,6.26,2.32,9.27,9.78,6.97,8.6,9.27,7.65,3.82,1.91,8.06,8.26,7.9,10.82,8.91,8.92,12.91,8.56,9.69,5.38,7.22,10.99,9.89,12.32,11.7,11.85,9.66,6.98,6.36,9.26,8.83,8.43,7.42,8.97,7.69,6.67,10,13.64,10.23,7.51,9.89,12.74,8.27,8.42,12.1,14.09,13.27,10.22,9.29,6.94,10.37,7.26,11.76,11.67,7.84,9.81,10.91,9.15,12.02,9.92,7.34,7.34,12.34,13.06,12.2,11.89,11.45,12.99,10.79,12.38,7.73,9.15,7.81,9.09,9.09,10.56,6.93,8.6,4.8,11.54
02/02/2023,9.2,6.05,7.57,9.32,10.54,7.735,6.15,8.76,6.54,4.55,7.89,13.33,3.33,7.04,5.71,7.74,6.77,7.1,6.67,10.15,4.84,8.33,7.65,10.54,6.11,7.46,10.02,6.89,7.55,6.9,8.33,8.16,11.11,6.59,6.32,8.61,8.02,4.38,9.17,9.15,7.87,8.65,7.73,4.65,5.46,7.35,6.7,8.91,8.89,10.53,11.15,13.61,6.29,7.18,9.63,14.91,10.23,10.73,6.51,17.75,11.63,9.16,10.75,8.28,7.83,9.59,10.08,7.01,7.76,9.42,11.4,9.38,11.33,10.23,8.44,0,10.63,11.55,9.64,9.29,8.48,9.09,4.47,8.66,9.18,9.68,9.04,6.25,8.38,11.51,6.99,5.63,10.29,10.2,10.81,5.87,10.53,3.31,2.87,3.29,8.86,11.02,11.67,6.44,2.46,10.02,8.84,7.12,7.72,7.54,7.76,4.26,2.06,8.15,10,8.5,11.25,9.98,10.55,12.75,7.69,9.73,5.67,6.39,9.34,10.47,12.39,11.04,11.96,8.83,7.1,7.48,8.97,8.29,9.36,9.85,8.64,7.62,6.7,9.82,12.2,10.24,7.67,8.89,11.71,7.38,8.15,10.26,13.23,13.01,9.84,8.54,7.68,11.98,5.71,11.65,10.26,7.94,11.57,9.78,7.55,10.81,10.5,8.68,5.5,10.22,12.11,11.86,11.21,10,12.37,10.07,11.52,7.29,9.15,7.16,8.12,9.03,8.96,10.38,7.53,5.69,8.33
02/03/2023,8.74,5.86,7.25,8.9,10.12,7.398,6.28,8.21,6.85,0,10,14.81,3.03,6.22,6.78,7.44,5.76,8.81,6.21,9.88,4.51,7.41,7.8,8.88,4.44,6.95,9.07,6.75,7.65,6.58,8,7.84,10.42,6.99,5.17,8.08,8.45,4.23,9.5,7.48,8.47,9.74,6.86,3.19,6.52,7.58,5.69,8.29,4,8.82,9.59,12.69,6.33,6.49,8.73,14.47,10,11.96,7.52,16.67,11.32,8.8,10.79,6.33,7.38,8.53,10.49,7.09,6.7,9.12,11.08,9.85,10.05,8.95,8.23,0,9.76,10.73,8.99,8.79,8.17,8.89,4.6,9.46,9.16,8.96,9.29,6.4,7.85,8.82,5.26,4.93,9.57,9.09,16.67,5.91,10.88,3.5,2.69,2.76,8.89,10,10.88,6.11,2.15,10.22,7.75,7.42,7.04,6.55,8.55,4.44,2.04,7.99,8.55,8.1,10.66,9.44,11.03,12.53,8.64,9.74,5.02,6.48,6.99,10.74,12.57,10.72,12.03,9.5,7.16,9.91,8.64,7.46,7.98,8.39,7.72,9.57,6.52,7.77,10.64,11.33,7.38,9.2,11.23,7.05,7.97,8.33,12.33,11.63,9.78,9.39,8.23,13.14,5.71,11.42,11.97,6.9,12.46,10.8,8.67,9.18,9.75,10.46,5.96,8.09,11.84,12,10.42,9.85,11.52,9.85,10.73,6.64,7.48,6.49,7.61,8.39,8.79,9.35,6.98,4.62,12.5
02/04/2023,8.53,5.66,7.14,8.76,9.9,7.224,5.88,7.8,6.69,0,8.57,18.52,5.88,5.61,8.3,7.85,4.32,9.04,6.37,9.52,4.72,6.58,7.67,8.08,5.88,7.25,8.16,7.49,8.25,6.39,8.5,7.21,9.68,6.37,4.98,7.92,8.96,4.66,9.34,6.67,7.89,7.53,6.52,3.19,6.86,6.35,5.69,7.65,4.08,8.82,10.95,12.5,6.29,6.27,7.83,13.39,11.39,13.37,7.98,15.7,11.32,8.12,10.27,5.84,7.17,8.76,10.98,6.23,7.27,8.54,10.14,9.73,9.14,8.54,9.11,0,9.44,10.69,8.68,8.79,7.77,7.58,4.24,10.38,8.71,10.45,9.33,5.65,9.03,8.88,5.66,4.74,9.52,8.52,15.15,6.21,10.13,3.56,2.64,2.62,9.05,9.67,10.82,6.02,2.02,9.35,7.37,7.6,6.42,6.89,7.8,4.22,2,7.33,7.92,8.19,9.81,9.81,11.67,11.85,8.7,9.01,4.73,6,7.39,10.63,12.43,10.54,11.97,8.81,7.29,8.57,8.23,7.62,7.06,9.09,7.66,10.53,4.52,9.09,11.36,11.06,7.14,8.64,11.19,7.18,8.46,9.15,10.72,11.47,10.4,9.73,8.55,13.39,5.44,11.43,10.74,7.29,12.09,9.71,8.39,9.48,9.38,9.88,6.13,5.39,11.36,11.62,10.33,10.48,10.94,8.4,10.77,6.16,7.77,6.57,7.67,7.86,8.63,8.91,7.5,4.44,15.38
02/05/2023,8.41,5.72,6.97,8.71,9.65,7.189,5.65,8.12,7.21,0,8.11,12.5,8.33,5.8,9.4,7.96,3.68,6.9,7.19,8.88,4.8,6.76,7.28,8.01,6.1,5.65,7.98,6.83,8.13,6.5,7.58,6.82,8.81,6.56,4.5,7.73,9.83,4.42,10.25,7.69,7.41,7.53,6.58,3.26,6.4,6.56,5.61,6.99,4.44,7.89,12.32,11.36,5.99,6.43,6.85,12.13,7.14,14.29,7.98,15.09,10.41,8.56,9.4,5.69,7.59,8.5,11.28,5.95,7.82,8.74,9.55,9.4,9.51,8,10.26,0,9.32,9.68,8.76,8.15,8,7.69,3.66,8.95,8.25,9.86,10.51,7.44,9.32,8.91,4.63,4.25,9.06,9.09,16.67,6.03,9.4,3.38,2.76,2.73,8.88,9.58,10.65,6.57,2.14,9.98,7.23,7.99,5.8,6.7,7.37,4.21,2.05,7.98,8.18,7.53,9.52,9.66,11.84,10.72,9.91,9.24,4.94,5.13,7.06,10.2,12.03,9.43,12.13,9.73,7.19,9.91,8.4,7.46,7.74,7.98,6.15,10.34,4.07,7.96,11.11,11.32,8.01,8.24,9.85,7.09,8.54,7.74,11.04,11.45,9.82,10.33,7.99,14.73,5.49,11.74,11.21,7.17,11.36,8.42,7.14,9.59,9.56,9.68,6.47,5.67,12.09,12.12,10.08,10.83,10,7.81,13.09,7.09,7.89,6.17,6.81,7.46,8.66,7.89,8.54,4.58,16
02/06/2023,8.12,4.72,7.06,8.27,8.6,6.523,3.67,7.78,6.71,0,8.33,10.34,7.5,6.39,11.35,7.08,4.86,6.01,8.39,8.86,4.62,5.8,9.97,6.93,6.01,6.16,9.48,7.28,7.96,7.69,6.48,5.45,10.56,5.37,5.5,7.68,9.29,5.6,11.56,8.11,6.54,7.39,5.31,3.03,6.84,1.79,7.62,5.6,2.38,7.69,10.77,12.7,7.3,7.8,7.39,10.6,8.22,14.65,7.33,12.58,10.81,5.54,9,5.74,6.25,8.99,12.32,5.78,7.85,8.8,9.4,8.44,9.09,8.3,9.09,3.23,9.86,9.38,8.19,7.26,8.32,6.25,5.1,7.92,7.54,9.59,10.07,8.7,10.97,10.15,4.98,6.25,9.77,8.92,8.82,5.14,9.23,2.7,1.93,1.76,8.6,7.75,10.6,7.25,1.54,9.03,7.5,7.14,5.99,6.23,7.16,2.91,1.91,8.4,6.58,7.75,10.88,9.09,10.23,9.06,8.77,11.03,3.71,7.1,6.92,8.92,11.98,8.79,10.33,9.07,7.91,8,7.67,8.09,7.87,9.23,4.88,11.11,3.93,8.13,10.2,11.82,7.59,7.69,9.34,6.65,8.52,6.49,8.43,11.08,8.12,9.03,8.07,15.83,4.82,10.53,9.65,6.69,11.32,9.14,6.92,8.92,6.92,8.43,7.03,6.35,9.95,11.17,8.81,8.33,7.82,5.13,9.78,6.56,5.72,5.59,7.6,6.5,8.68,11.48,9.41,3.2,14.81
02/07/2023,7.71,4.57,6.82,8,8.23,6.301,2.01,7.92,8.16,0,5.41,14.29,6.52,6.73,13.64,6.04,5.04,5.15,4.97,8.11,5.07,6.94,8.65,8.02,6.91,6.33,9.92,6.61,7.19,7.41,6.45,5.59,8.89,5.63,5.16,6.45,8,5.44,10.29,6.67,7.02,7.69,5.66,3.26,6.23,3.92,7.62,4.89,4.88,4.76,8.96,11.28,9.47,9,6.8,9.21,7.41,17.19,6.67,12.34,10.53,5.05,8.22,5.87,6.02,8.21,10.69,5.37,7.42,7.61,9.16,6.77,8.89,7.95,9.09,6.25,9.62,8.68,7.77,6.04,8.16,6.25,8.33,8.46,6.69,9.09,10.28,10.48,10.3,10.34,6.61,5.61,7.88,8.95,11.43,4.54,9.39,2.5,1.86,1.76,9.2,8.42,10.74,8.17,1.2,8.45,7.44,7.44,5.42,5.39,7.43,2.87,1.84,8.96,6.07,7.17,10.66,7.95,9.93,7.64,8.02,9.11,3.31,6.25,7.38,7.35,11.98,8.07,9.62,9.25,6.96,9.71,7.82,7.06,7.45,8.02,4.15,10.48,4.02,7.63,10.2,10.82,7.12,8.82,7.87,6.3,8.12,6.92,7.19,10.54,7.37,9.35,7.73,16.8,4.82,10.01,5.31,5.91,11.74,10.64,5.97,8.37,6.85,8.71,5.66,4.68,8.6,10.16,8.02,7.38,7.14,6.35,10.81,7.35,4.56,6.59,7.98,7.02,9.94,13.33,11.11,3.97,11.54
02/08/2023,7.46,4.4,6.89,7.71,8.08,6.119,2.72,7.75,8.01,0,5,16.67,6.25,7.78,11.7,6.81,5.67,5.1,5.7,7.08,6.11,7.25,8.04,7.6,7.63,7.2,10.84,6.86,6.71,8.48,5.72,4.79,6.81,5.85,5.96,5.22,6.86,5.17,10.41,7.35,8.93,9.5,6.06,4.21,5.97,3.77,8.5,5.77,4.88,0,8.43,8.51,9.84,7.9,8.2,8.94,8.79,16.06,6.81,11.8,10.81,4.92,8.15,5.67,6.95,5.65,10.26,5.99,7.56,8.12,7.82,6.81,8,7.03,8.67,8.57,9.47,8.25,6.79,6.28,7.82,5.04,7.56,8.48,6.59,7.06,10.25,9.82,9.31,9.73,7.44,6.37,8.28,8.39,14.29,4.42,7.78,2.31,1.98,2.01,7.91,8.58,11.57,7.79,1.28,9.19,8.09,8.28,5.44,5.23,7.14,2.79,1.61,8.81,6.8,8.3,9.02,8.45,9.11,6.72,7.36,8.01,3.39,4.3,6.29,6.79,10.33,8.06,8.26,8.73,7.12,9.35,7.01,7.04,7.32,7.97,4.74,10.22,2.92,6.77,12.77,11.44,6.04,8.41,6.3,6.38,7.52,7.47,7.53,8.01,7.55,9.26,7.86,15.26,4.78,8.81,5.13,6.27,13.18,11.64,6.43,7.11,7.36,7.63,6.53,5.2,7.86,10.77,7.63,7.32,6.18,6.4,10.36,7.46,4.09,5.75,7.69,6.09,9.97,12.4,8.54,4.39,14.81
02/09/2023,6.98,4.24,6.82,7.51,7.78,5.914,3.95,7.87,7.29,0,5.56,12,8.16,7.11,12.43,7.92,5.84,4.81,5.77,7.63,5.43,7.04,7.57,7.97,7.38,7.37,9.56,8.03,6.15,8.55,4.42,4.77,5.08,6.26,5.34,5.38,7.3,4.73,9.77,9.15,7.92,7.98,5.94,3.33,5.85,5.77,7.66,5.75,5.41,0,7.66,7.94,9.9,9.79,8.14,7.69,10.87,15.69,5.79,9.82,9.98,4.8,8.56,6.14,7.77,5.24,10.03,5.2,6.7,7.54,6.33,5.14,7.79,6.66,7.95,7.14,10.11,6.1,6.58,5.84,7.54,5.65,8.67,7.51,5.88,6.02,8.97,9.65,8.88,9.81,6.37,7.11,8.64,8.85,11.43,4.97,8.07,2.43,1.91,2.07,7.89,8.78,8.94,8.24,1.32,8.2,8.01,7.62,5.56,6.27,7.08,2.74,1.84,8.21,5.49,6.83,8.23,7.34,7.2,5.94,7.85,7.29,3.62,4.17,6.29,6.46,9.13,7.47,7.13,8.83,6.1,8.11,7.96,6.49,5.65,6.86,5.98,10.14,2.86,7.14,13.64,11.27,5.31,9.52,7.09,6.29,7.07,7.73,8.01,7.76,8.68,9.34,7.76,15.26,5.46,8.4,6.5,4.44,10.94,11.67,6.02,7.42,6.69,6.34,7.01,5.31,8.23,11.11,7.39,6.61,7.73,5.43,10.5,6.68,3.36,5.3,7.14,4.69,9.88,9.16,8.75,3.33,12.5
02/10/2023,6.71,4.35,6.67,7.39,7.46,5.912,4.03,7.28,8.36,0,5.71,11.11,9.52,7.46,9.89,7.89,5.67,4.55,5.16,6.69,7.26,7.58,6.9,7.99,7.32,8.13,9.66,7.38,5.39,8.64,4.95,4.95,5.66,5.99,5.26,5.54,6.56,6,7.72,10,8.18,6.47,4.89,3.53,4.78,8,7.94,5.11,8.82,0,7.19,7.26,9.8,10.28,8.14,7.53,11,14.35,5.06,8.02,9.48,4.59,8.89,6.66,6.65,5.36,7.79,5.35,6.54,7.15,5.03,5.05,8.4,6.39,8.09,6.98,8.53,6.32,6.93,5.76,7.32,4.76,9.29,7.12,4.89,4.49,7.89,9.65,9.04,9.89,7.81,6.38,8.77,10,8.82,5.45,6.09,2.28,1.89,2.08,7.73,9.1,9.07,7.54,1.52,8.16,8.59,7.04,5.28,5.79,6.53,3,2.01,7.69,6.63,7.39,7.99,7.26,7.17,5.57,7.02,6.99,3.37,4.56,7.64,5.73,7.54,6.72,8.56,7.65,5.85,6.67,8.51,6.14,5.59,7.41,6.61,8.7,3.53,7.43,13.51,9.22,4.75,10.19,6.23,6.22,6.16,6.95,8.58,7.75,8.21,8.85,6.28,14.34,5.19,7.9,6.2,4.71,8.71,10.27,5.93,7.11,7.92,5.75,8.38,6.97,8.19,9.69,6.72,4.24,7.22,5.88,9.95,7.22,3.72,6.3,7.73,4.41,9.07,7.75,9.09,3.64,12.9
02/11/2023,6.59,4.44,6.7,7.2,7.27,5.874,3.52,6.94,9.14,0,9.3,8.7,7.5,7.42,8.24,7.38,4.79,3.66,4.64,6.98,8.94,7.25,7.11,8.31,5.93,8.37,9.72,7.49,5.1,8.82,4.79,5.66,5.38,6.32,5.82,5.38,6.8,5.65,7.62,10.46,7.96,6.19,4.95,3.66,5.25,9.8,6.32,5.88,8.82,0,6.25,6.3,10.45,10.36,8.25,7.93,9.68,12.74,4.07,8.93,8.72,4.7,9.16,6.93,6.56,4.58,7.6,5.19,6.01,6.91,5.01,4.73,8.54,6.42,8.28,6.98,8.64,6.19,6.75,5.63,7.17,4.62,9.14,6.81,4.79,4.4,7.24,9.24,8.66,9.71,6.98,6.7,8.03,10.86,9.38,5.61,5.6,2.31,1.96,2.12,7.77,8.68,8.88,7.57,1.65,9.19,8.31,7.86,5.54,4.85,6.96,2.94,2.06,8.32,6.65,7.2,7.77,6.91,7.22,5.31,6.43,7.35,3.65,4.96,7.5,6.18,7.84,6.94,8.24,7.87,5.79,6.48,9.87,5.39,6.21,7.67,5.98,7.86,4,6.62,15.79,9.48,5.18,9.57,6.04,5.16,5.7,6.15,8.02,7.87,7.98,8.83,5.81,14.45,5.65,7.1,6.35,5.26,7.45,10.22,6.21,6.02,7.3,6,8.5,6.8,8.2,8.76,6.37,3.2,7.82,6.43,9.42,7.68,3.43,6.31,7.52,4.35,9.38,7.46,8.97,2.78,10.34
02/12/2023,6.48,4.34,6.67,7.22,7.24,5.821,2.88,6.94,10.09,0,9.76,8.33,5.56,7.79,7.39,6.92,5.48,4.32,4.61,7.53,8.73,7.14,8.01,8.01,5.22,8.3,9.52,7.64,4.55,9.03,4.7,4.85,5.33,6.04,6.32,5.18,6.51,5.75,6.64,10,6.9,5.74,5.65,5,5.51,9.62,5.88,6.15,8.57,0,6.51,6.87,10.34,10.27,8.65,8.35,8.33,12.96,5.96,7.88,8.35,4.22,9.95,6.51,6.17,4.79,7.08,5.22,5.66,6.52,4.76,4.62,7.8,6.87,7,7.14,8.77,6.82,6.91,5.84,6.93,4.17,9,6.78,4.57,5.62,6.54,6.84,8.24,10.26,8.2,6,8.39,10.32,6.9,5.68,6.03,2.38,2.07,2.1,8.06,8.67,8.37,7.44,1.67,8.36,8.37,6.66,5.68,4.89,6.96,2.94,2.05,7.73,6.39,6.84,7.85,6.85,6.51,5.26,5.42,6.7,3.49,6.43,8.07,6.46,7.54,6.77,8.42,7.51,5.91,4.95,9.85,5.49,5.2,7.8,5.95,8.97,4.09,8.21,15.79,9.13,4.63,10.91,5.23,5.56,5.24,6.52,9.02,7.69,7.89,9.64,6.83,13.83,5.38,6.91,5.3,5.82,7.39,10.16,7.09,4.83,8.47,5.86,8.38,6.95,7.35,8.63,5.79,5.47,8.2,6.99,9.04,6.87,3.91,6.86,7.51,3.62,8.4,8.4,6.33,1.83,9.68
02/13/2023,6.06,5.31,6.27,7.16,7.64,6.136,4.08,7.18,8.82,0,7.14,2.94,2.56,7.13,6.18,7.24,4.86,3.61,4.17,7.12,12,5.19,6.49,8.31,4.62,7.24,7.66,7.36,5.23,7.79,4.23,4.8,4.02,5.83,5.35,5.71,6.35,5.23,5.67,7.05,7.76,4.88,5.94,5.71,5.36,10,4.68,6.91,14.63,0,7.61,7.46,10.81,9.41,8.04,8.25,8.99,10.53,5.99,8.11,6.68,6.17,9.62,6.12,6.14,6.03,5.33,5.19,5.04,4.78,4.08,4.16,8.6,6.01,6.96,5.41,9.12,5.86,6.63,5.5,4.81,5,6.84,7.55,5.14,8.43,5.26,6.19,6.23,5.84,8.95,5.79,8.93,9.73,6.67,6.08,6.68,3.59,2.96,3.68,8.15,7.96,8.05,7.64,2.54,8.2,6.97,6.91,5.4,4.31,6.08,4.52,2.69,7.01,6.93,7.63,6.82,7.05,6.92,5.53,6.28,5.87,5.15,5.07,7.88,6.34,7.39,6.7,8.11,7.69,5.34,7.77,9.59,4.45,6.08,7.07,6.72,10,3.82,8.33,23.68,7.55,5.4,11.21,5.67,5.27,5.9,6.35,8.25,8.05,9.04,9.28,6.61,12.02,6.05,7.25,5.38,5.34,7.12,9.94,5.59,6.83,8.47,6.2,8.04,7.52,5.91,9.94,8.03,6.35,7.18,7.33,10.81,8,5.32,6.86,6.78,4.93,7.16,5.26,4.94,3.85,8
02/14/2023,5.8,5.18,6.31,6.79,7.68,5.961,4.17,6.82,8.95,0,6.52,0,2.78,7.5,6.21,7.09,5.23,5.63,5.41,8.61,10.19,2.7,6.99,6.36,3.57,6.54,7.94,7.92,4.59,7.72,4.56,5.53,2.26,5.3,4.81,5.12,5.85,4.61,6.32,7.64,6.54,4.59,6.06,6.41,4.31,7.69,14.75,7.01,8.89,0,8.56,8.09,8.88,7.63,7.75,8.21,9.52,9.3,6.54,8.84,6.6,6.97,8.52,5.85,6.67,6.62,5.45,4.89,4.96,4.96,3.21,4.23,7.93,5.88,7.1,2.7,8.75,5.14,6.11,5.55,4.27,5.98,4.35,7.14,4.95,7.89,5.11,5.83,6.42,4.08,9.27,5.88,9.46,9.15,3.45,6.21,6.44,3.65,2.49,3.41,7.57,6.83,6.44,6.62,2.92,8.04,6.68,6.13,5.39,4.39,6.94,4.68,2.36,6.34,7.84,6.97,6.22,6.91,6.18,5.54,6.64,6.02,5.17,5.28,6.98,7.42,6.09,6.84,7.98,7.03,5.93,8.57,9.16,4.02,5.47,6.57,6.2,11.28,3.49,10.81,18.42,7.21,6.23,9.18,5.19,5.83,5.84,5.11,7.34,7.39,9.82,8.72,6.03,10.48,5.24,6.5,6.02,5.92,5.49,8.95,5.56,5.12,8.33,5.28,9.69,7.67,5.29,9.79,7.08,4.72,7.47,7.01,6.74,6.17,5.51,7.1,7.02,5.07,5.95,6.09,3.7,3.96,10.34
02/15/2023,5.51,4.95,6.24,6.61,7.53,5.767,3.68,6.42,9.6,9.09,12,0,2.86,7.21,6.11,6.23,4.05,5.63,6.67,7.85,9.65,2.78,7.78,5.54,2.97,6.8,7.23,8.24,5.42,7.87,5.14,6.21,3.38,4.1,3.75,5.25,5.85,4.81,6.87,7.36,5.61,2.5,5.66,5.19,4.46,7.27,13.48,7.36,11.9,0,9.41,9.92,8.28,8.3,5.53,8.23,6.82,10.09,7.32,8.89,7.09,5.94,8.07,5.92,5.33,7.54,5.07,4.61,4.38,4.46,2.92,3.39,7.38,6.23,8.11,0,7.69,4.13,6.03,4.55,4.9,6.3,4.97,6.13,5.19,8,4.32,4.58,6.94,3.57,9.49,5.62,8.33,8.47,0,6.02,7.23,3.56,1.96,3,8.11,5.89,5.34,6.42,2.59,6.69,6.22,6.58,5.81,5.36,6.03,4.36,2.32,5.92,7.05,5.49,5.81,6.04,5.42,5.23,7.96,6.59,5.01,5.95,6.33,6.7,6.4,6.34,7.8,6.95,4.38,9.17,9.58,3.22,5.37,6.32,5.74,9.92,3.33,11.32,19.05,5.66,6.5,7.37,5.81,6.25,6.06,3.7,6.9,8.51,8.31,8.12,6.05,9.18,6.1,7.65,5.43,5.05,5.22,8.52,5.63,3.85,7.62,6.34,10.11,6.42,4.27,6.88,7.49,4.72,6.9,8.92,5.18,5.7,5.49,7.2,7.11,4.41,6.09,6.6,5.26,5.83,6.9
02/16/2023,5.47,4,6.47,6.45,7.11,5.317,3.69,6.19,9.68,9.09,11.54,9.38,0,8.89,6.38,6.32,4.17,4.57,7.86,7.87,10,1.37,7.5,5.57,3,7.17,6.61,7,5.22,8.55,6.8,6.72,4.13,2.98,4.13,5.39,5.12,5.9,7.12,6.1,8.91,2.12,5.46,6.1,3.69,7.14,20.28,7.51,11.54,0,9.31,9.23,8.55,6.85,5.74,9.05,5.62,9,7.46,8.89,6.75,5.13,7.5,4.67,4.79,8.04,3.38,5.53,4.54,3.41,3.9,3.21,7.44,6.22,9.47,0,7.05,5.02,5.75,4.47,4.55,6.25,4.07,6.13,6.04,8,4.81,4.65,5.36,3.59,9.32,5.59,8.55,6.8,0,5.7,6.54,2.22,1.47,1.77,7.82,5.21,4.77,5.63,1.59,6.83,7.25,7.59,5.26,4.49,6.13,2.9,1.12,5.36,6.9,5.69,4.93,5.51,5.52,4.97,6.93,7.13,4,6.15,5.52,6.89,6.92,7.55,8.32,7.12,5.35,8.82,8.16,3.28,6.09,5.49,5.35,11.02,3.91,10.42,17.02,4.42,7.29,6.38,6.39,6.48,6.15,2.58,6.05,8.16,8,7.27,5.58,7.01,6.76,7.6,5.26,5.81,5.68,8.43,6.21,4.49,8.26,6.42,9.3,5.74,4.93,5.52,7.83,5.65,4.73,10.9,4.85,5.99,5.94,7.3,6.38,6.82,5.9,6.8,5.48,7.84,8.33
02/17/2023,5.29,3.73,6.27,6.06,7.07,5.04,3.13,7.13,8.06,9.52,8.77,9.38,2.94,7.56,6.42,6.59,3.73,3.95,7.75,7.22,8.27,1.35,7.56,5.38,3.06,6.6,6.79,6.81,4.09,8.22,5.06,6.81,4.83,2.63,3.78,5,5.12,4.36,7.47,5.59,6.8,1.66,5.57,7.23,4.81,5.77,23.13,8.21,9.43,0,9.4,9.35,8.45,6.83,6.09,9.41,5.88,8.54,7.14,10,6.43,4.86,7.96,3.79,5.41,7.47,4,5.27,3.89,3,3.81,2.71,7.21,6.23,8.57,3.45,7.43,4.2,5.1,4.47,4.64,6.3,4.12,5.6,6.86,8.33,5.38,4.84,5.03,3.29,8.51,6.63,8.02,5.12,0,4.9,7.09,2,1.65,2.26,8.05,4.56,4.2,5.7,1.43,6.03,6.58,7.44,4.86,4.22,5.94,2.5,0.91,5.27,6.29,6.3,4.59,6.97,4.2,4.79,8.07,6.86,3.94,6.51,4.35,6.79,7.68,8.16,5.99,6.64,5.13,8.57,7.29,3.22,5.91,4.28,4.45,10.83,2.65,11.11,15.09,6.14,7.42,4.4,6.52,5.71,6.27,3.31,4.96,7.29,7.52,7.31,5.26,5.56,8.97,7.59,4.58,5.75,5.73,7.95,5.56,4.17,7.59,5.47,7.17,4.73,4.98,6.52,8.23,5.04,4.12,10.83,5.05,4.92,5.9,6.3,5.34,6.78,5.74,7,5.13,8.62,4.55
02/18/2023,5.14,3.67,6.23,6.01,7,4.965,3.12,7.52,8.51,10.53,6.12,11.76,2.86,7.38,7.85,5.98,4.69,3.95,8.39,6.77,7.03,1.37,7.76,5.99,3.1,6.49,7.4,6.21,4.24,8.13,5.18,6.34,4.41,2.46,3.1,5.34,4.62,4.61,7.05,4.94,7,2.25,5.38,7.23,4.21,5.88,27.2,8.25,10.2,0,9.32,11.19,7.75,5.91,5.49,9.23,6.98,8.25,8.37,9.45,6.95,4.52,7.35,3.28,5.32,7.19,3.88,5.38,3.52,3.44,3.23,2.42,7.33,5.9,7.34,3.57,7.02,3.61,5.25,4.55,4.51,7.2,4.79,5.35,6.75,8.86,6.62,5.6,5.04,3.35,8.61,6.15,6.44,3.79,0,5.24,7.49,1.86,1.49,2.1,8.78,4.73,4.04,5.26,1.41,4.77,7.53,7,5.68,4.33,5.67,2.74,0.93,5.15,6.34,6.07,4.34,6.65,3.92,4.69,8.76,6.31,3.85,5.86,3.64,6.14,7.02,7.67,6.55,6.45,4.87,9.62,5.61,4.01,5.58,2.95,5.93,11.11,3.19,9.35,13.46,5.68,6.86,3.45,5.9,5.84,6.45,3.36,4.95,7.25,7.24,7.38,5.39,4.9,9.05,7.62,4.41,5.34,6.85,8.67,6.47,3.97,7.21,5.17,6.83,5.39,5.58,6.56,7.95,5.26,4.22,10.26,4.9,5.22,6.39,5.91,5.39,6.4,5.28,5.88,6.33,10.08,4.76
02/19/2023,5.03,3.32,6.17,5.89,6.5,4.7,3.46,7.81,6.88,10.53,6,11.43,8.11,7.46,6.93,5.98,4,3.41,7.59,6.2,7.75,1.35,6.95,6.13,2.71,6.85,7.11,6.02,4.35,7.82,5.3,6.88,4.57,2.51,3.11,5.82,3.86,4.36,7.59,5,7,2.29,4.79,6.9,4.26,6.25,27.94,8.35,10,0,7.53,11.02,8.39,4.96,5.19,8.83,7.23,7.89,5.53,7.69,7.78,4.24,6.54,3.66,5.78,6.88,3.9,5.63,3.17,3.31,3.15,2.62,6.91,5.32,7.81,3.7,6.48,2.95,4.47,4.9,4.92,6.57,4.46,5.29,6.48,7.5,7.09,6.82,4.69,2.87,7.85,7.65,5.86,4.2,0,5.08,7.31,1.51,1.64,2.02,8.48,4.74,4.28,4.63,1.29,4.62,7.45,7.01,5.36,4.42,6,2.59,0.71,4.76,6.12,7.26,4.27,6.43,4.13,4.63,8.18,6.38,3.4,4.67,2.92,5.54,7.8,8.15,6.09,5.4,4.48,9.71,5.48,3.41,6.03,3.02,5.33,10.17,3.65,6.36,14.29,5.29,6.91,2.27,5.96,5.5,5.93,3.59,3.71,7.97,7.96,6.24,4.76,4.71,9.57,7.61,6.25,5.6,6.97,8.33,5.93,3.73,5.12,5.56,5.56,5.54,6.47,5.62,8.3,4.5,4.29,9.62,5.19,5.31,6.43,5.36,5.87,7.32,5.7,7.14,6.58,13.27,4.76
02/20/2023,4.89,3.05,6.1,5.51,5.9,4.398,2.54,7.31,7.39,10.53,6.52,20,10,7.59,5.32,5,4.39,3.75,6.98,5.46,5.88,1.52,6.33,6.47,3.72,7.08,6.19,6.37,4.89,7.84,5.95,7.27,3.47,2.96,4.22,4.28,3.48,4.3,6.7,6.21,6.12,2.44,4.29,7.14,3.83,6.52,29.61,7.99,8.7,0,7.23,8.06,5.88,5.36,6.01,8,5.13,7.78,5.59,7.03,7.51,3.54,6.59,3.24,6.07,5.79,4.26,5,3.27,4.15,3.74,3.08,5.54,4.83,7.54,8.7,4.67,3.01,4.12,4.47,5.6,5.76,5.8,4.5,6.42,5.26,7.53,7.2,5.43,4.15,9.57,7.24,4.78,4.26,0,4.7,5.88,1.18,1.32,1.61,8.23,4.59,4.41,4.62,1.2,4.64,7.46,7.74,5.48,4.95,6.77,2.61,0.71,3.99,6.56,6,4.11,5.57,4.42,4.72,8.52,5.72,2.51,3.98,2.67,6.25,7.06,7.4,6.77,4.17,5.23,7.78,4.8,3.62,5.17,3.23,4.66,12.5,3.24,6.67,10.87,3.85,5.63,1.2,4.92,5.7,4.53,2.74,3.83,6.41,5.93,6.16,4.29,3.35,9.01,8.01,7.56,6.17,6.31,8.28,7.14,1.54,5.85,5.18,5.49,4.78,8.59,5.08,7.11,4.95,4.83,8.9,3.59,4.53,5.23,5.09,5.07,5.36,4.92,6.98,4.69,12.38,5
02/21/2023,4.54,2.98,5.69,5.24,5.5,4.182,2.74,7.42,6.13,11.76,7.5,18.52,9.68,6.37,5.2,3.86,3.6,2.6,6.98,4.58,5.65,1.49,5.73,6.92,2.82,6.71,5.37,5.8,4.76,7.28,6.69,5.61,3.29,3.53,4.34,4.61,3.67,4.82,6.67,5.56,8.08,1.92,4.75,4.94,4.53,10.42,20.65,8.31,10,0,6.64,5.88,5.84,4.84,5.98,7.48,7.5,7.32,6.4,6.38,7.02,2.99,5.66,2.28,5.23,5.79,3.36,4.31,3.98,3.8,3.45,3,5.69,4.16,6.86,7.69,4.23,3.98,3.7,4.09,5.54,5.67,4.93,3.7,7.11,3.8,7.17,6.14,5.23,4.44,7.36,7.41,2.66,3.42,0,3.87,5.08,1.02,1.37,1.7,7.99,4.27,6.57,4.92,0.97,4.4,7.11,8.51,5.38,5.11,5.26,2.06,0.75,4.19,6.42,4.88,3.62,5.48,4.29,5.71,8.3,5.46,2.4,4.95,3.85,6.25,7.22,6.99,6.95,4.84,4.25,6.02,5.17,4.23,4.88,2.97,5.06,11.61,3.98,5.66,11.36,4.17,4.75,0,5.75,4.66,4.66,2.45,5.08,6.06,4.32,5.77,4.71,3.96,9.13,8.11,6.84,4.96,6.9,6.83,6.25,1.75,5.29,4.86,5.58,4.61,8.46,5.06,6.22,5.94,5.26,8.7,4.95,5.2,4.3,4.49,5.97,4.76,3.59,3.33,4.17,9.32,0
02/22/2023,4.35,2.96,5.27,5.02,5.19,4.017,3.94,6.56,5.96,0,0,18.52,12.9,5.75,6.67,4.82,3.77,2.58,5.38,4.98,4.8,0,4.6,6.92,2.21,6.29,4.71,4.68,3.88,5.74,6.29,4.55,2.33,3.42,4.4,4.81,3.23,4.74,5.29,4.35,7.84,2.63,4.65,5.95,4.23,11.36,21.07,7.97,7.89,0,4.41,4.67,7.19,5.65,6.15,7.29,9.86,6.06,5.26,5.88,5.64,3.16,4.75,2.42,5.3,5.65,4.2,3.72,4.29,4,3.6,2.78,5.5,3.7,5.63,7.69,4.85,3.49,3.7,3.75,4.77,6.02,5.15,3.38,7.45,4,6.36,8.49,4.2,5.14,6.58,8.54,3.28,2.73,0,4.05,4.24,1.1,1.35,1.62,7,4.29,7.2,4.1,1.05,4.52,6.14,7.99,5.29,3.74,4.74,2.44,0.85,4.5,6.05,6.98,4.92,6.91,4.69,6.04,6.22,4.8,2.32,4.78,3.85,5.58,6.73,6.11,6.97,3.92,6.11,6.17,4.07,5.48,5.66,2.81,4.68,10.34,3.98,4.76,6.98,5.48,3.48,0,4.61,3.32,5.04,3.57,4.96,5.33,4.91,5.71,4.48,3.52,8.26,7.05,5.93,4.55,5.37,5.03,5.5,1.95,4.46,3.02,5.73,5.43,8.14,6.11,6.45,5.61,6.45,7.25,6.36,5.97,4.96,4.98,5.44,4.65,2.53,4.76,4.29,7.2,0
02/23/2023,3.95,3.25,4.83,4.74,4.89,4,3.69,6.09,5.38,0,2.44,8.7,11.43,5.45,5.75,3.37,3.03,2.65,3.47,4.89,5.65,1.35,4.49,6.48,2.17,5.92,5.34,5.6,4.19,4.22,5.78,3.9,1.86,3.89,3.98,4.51,3.04,4.35,4.46,3.82,5.94,3.19,4.32,6.02,4.08,11.11,13.85,7.5,8.82,0,4.55,4.46,6.41,5.99,5.54,7.62,8.7,5.36,5.66,5.3,4.61,2.81,4.24,2.91,5.03,4.88,4.25,3.05,4.39,4.29,2.45,3.61,5.25,3.5,3.67,5.71,4.46,2.39,3.04,3.33,5.31,5.83,4,2.81,6.45,3.23,5.78,9.9,5.17,4.37,7.11,7.47,2.88,1.96,0,3.78,4.22,1.95,1.27,1.81,6.85,3.8,6.16,5.29,0.97,4.42,4.84,7.93,7.05,3.01,5.28,2.87,1.09,4.05,6.81,6.51,4.47,6.27,4.72,5.85,6.54,4.53,3.24,4.83,3.42,4.81,6.47,4.77,6.29,3.47,5.97,4.88,3.29,5.12,5.23,2.76,3.95,9.01,3.43,5.36,5.13,5.8,2.75,0,3.25,2.62,4.9,2.96,5.45,4.54,4.78,5.85,4.32,2.91,8.17,7.21,7.48,3.75,4.8,5.56,3.92,0.54,3.59,2.51,5.82,5.32,7.17,5.85,7.94,5.45,7.59,5.93,6.17,6.16,4.32,5.11,5.36,2.52,2.48,2.7,6.76,7.08,0
02/24/2023,3.78,3.04,4.71,4.71,4.57,3.84,3.96,5.46,5.88,0,5.56,6.67,8.11,5.65,5.98,2.44,3.37,2.78,3.45,5.48,5.36,2.78,3.89,6.49,3.61,7.06,5.42,5.6,4.83,4.51,7.09,3.9,0.89,3.11,4.05,3.61,2.73,4.2,4.24,2.96,6,3.8,4.55,4.49,3.88,9.8,8.33,7.3,9.38,0,5.17,4,6.04,4.55,5,6.98,8.11,4,5.66,4.91,4.98,2.75,2.73,3.74,4.44,5.35,3.91,3.06,4.15,5.46,2.84,4.84,3.63,3.08,4.01,2.86,4.43,2.46,2.19,2.88,5.01,4.72,2.68,2.46,6.19,3.09,5.43,12.38,4.45,4.65,7.59,6.47,2.79,2.85,0,4.18,4.12,1.97,0.96,1.19,5.87,3.41,5.41,4.67,1.2,4.24,5.05,8.14,8.26,3.24,4.59,2.61,1.1,4.01,5.5,4.61,3.92,4.27,4.73,5.89,5.33,4.08,3.08,3.47,4.08,4.63,5.47,3.51,6.86,3.13,6.85,3.75,3.71,5.2,4.58,3.21,3.8,10.08,3.41,3.6,2.7,4.23,3.25,0,2.52,2.63,6.3,2.3,5.12,4.1,5.5,5.36,4.32,4.35,5.16,7.27,6.86,3.04,4.64,6.47,4.08,0.61,2.05,4.29,5.73,5.34,6.55,6.08,7.94,5,7.86,3.95,6.02,6.09,4.33,5.21,5.84,4.07,2.94,2.7,7.58,6.54,0
02/25/2023,3.61,2.96,4.57,4.6,4.54,3.742,3.81,5.2,4.79,0,8.33,3.45,8.33,5.82,5.06,2.83,2.27,2.07,2.94,6.29,6.31,2.7,3.98,6.33,3.57,7,4.92,5.45,4.58,4.12,6.97,3.93,1.38,2.97,3.93,3.25,1.75,4.27,4.37,3.13,7,3.28,5.01,4.44,3.9,9.62,8.2,6.91,9.09,0,4.41,1.87,5.67,4.91,5.19,8.21,6.17,4.6,4.91,4.22,4.01,3.23,3.33,3.82,4.47,5.31,3.99,2.89,4.23,5.1,2.8,4.81,3.16,3.12,3.83,2.78,3.75,2.46,1.94,2.4,4.55,3.88,2.13,1.96,6.21,1.12,4.83,11.32,3.98,4.25,6.91,6.59,2.82,3.32,0,3.75,3.92,2.16,1.24,1.26,4.94,2.84,4.96,5.28,1.06,4.46,4.45,7.53,6.23,3.12,4.86,2.49,1.1,3.7,5.73,5.39,3.58,4.71,4.22,5.78,4.76,4.32,2.99,3.65,4.61,5.34,5.44,3.44,5.99,3.38,7.01,3.66,3.47,4.66,4.29,3.16,2.99,11.02,2.37,3.74,5.26,4.46,3.22,0,2.52,2.3,5.31,2.84,5.95,4.02,4.85,4.72,4.36,4.76,4.35,7.22,6.93,2.59,4.08,6.4,2.97,1.19,2.58,4.42,5.47,4.66,6.93,6.49,7.48,5.6,7.59,3.42,6.43,5.99,3.72,6.1,6.44,4.31,2.94,4.55,6.25,4.72,0
02/26/2023,3.68,2.97,4.58,4.35,4.6,3.725,5.4,4.58,4.85,0,8.57,3.45,3.03,4.83,5.2,2.81,2.2,2.11,3.01,7.28,5.56,2.78,3.96,6.98,4.04,7.48,5.18,5.06,4.86,3.68,7.47,4.07,1.22,3.14,4.2,2.78,2.03,4.3,4.27,2.46,8.74,3.14,4.78,3.49,3.92,8.77,8.76,6.72,8.57,0,4.23,1.85,7.04,5.88,5.05,8.28,7.32,3.85,4.88,4.14,3.41,3.28,3.63,3.4,4.18,5.65,3.82,2.42,4.46,4.73,3.23,5.07,3.5,3.5,4.21,2.5,3.88,3.2,2.11,1.86,4.32,3.88,2.8,2.87,6.42,1.14,4.15,10.42,4.05,4.81,5.78,5.42,2.84,2.51,0,4,3.7,2.07,0.87,1.26,4.76,2.56,4.63,4.97,1.06,4.25,4.19,7.73,6.34,3.68,5.21,2.27,1.15,4.1,5.85,4.41,3.82,4.78,4.63,5.44,4.6,4.41,3.47,3.24,4.67,5.42,4.12,3.64,5.93,3.33,8.28,3.45,3.15,4.78,5.39,3.56,3.38,10,2.35,4.04,5.41,4.44,2.55,0,3.13,2.34,5.02,2.47,5.61,2.48,4.43,4.49,4.67,4.55,4.72,6.24,4.76,2.13,4.45,5.98,3.67,1.35,3.63,4.17,5.28,4.4,6.64,6.42,7.55,4.96,7.64,3.42,5.29,6.06,3.06,6.71,5.88,3.31,2.28,2.65,6.35,1.94,0
02/27/2023,3.36,2.94,4.63,4.25,4.7,3.689,4.88,4.71,4.33,0,7.89,0,2.94,3.8,4.78,3.42,2.04,3.77,3.87,7.21,3.74,3.9,3.75,6.33,3.95,8.41,5.03,5.31,4.53,3.75,7.48,3.61,2.85,7.4,4.09,2.6,1.77,4,3.69,1.55,9.32,2.83,5.38,2.25,3.68,6.45,8.4,6.01,2.78,0,4.14,2.02,7.79,5.19,4.75,9.25,6.74,3.9,6.63,2.98,3.87,3.18,2.81,3.57,3.83,5.34,2.8,2.9,3.18,3.87,2.99,4.79,2.84,4.02,4.41,0,4.45,2.59,2.26,2.23,3.58,3.08,1.88,2.59,4.69,1.1,3.52,8.65,3.72,4.65,3.83,5.29,2.76,1.91,0,4.26,4.98,1.81,1,1.2,4.89,3.01,5.19,3.95,1.21,3.98,3.98,6.17,6.33,3.27,4.82,1.79,1.08,3.81,5.49,5.53,4.83,7.17,4.65,5.08,2.78,4.2,3.55,3.41,6.29,4.28,4.52,3.61,5.13,4.22,7.11,7.29,3.04,4.93,5.08,3.97,3.64,6.15,2.22,4.72,2.38,4.98,3.24,1.01,4.09,2.3,5.45,3.21,5.49,2.89,4.57,4.64,4.48,5.06,4.52,5.52,4.92,1.21,4.38,4.47,1.82,1.92,3.88,4.2,4.73,4.5,4.92,6.28,6.3,6.2,7.74,3.95,5.26,6.16,3.05,6.62,5.12,3.55,2.8,3.23,5.97,3.51,0
02/28/2023,3.29,2.81,4.42,4.22,4.85,3.592,4.55,3.89,4.89,0,9.52,0,2.94,3.87,4.35,4.29,1.08,4.7,3.95,5.94,4.26,5.56,4.04,7.06,5.05,8.92,4.24,5.37,4.36,4.03,6.49,4.15,3.96,6.82,4.13,1.86,1.36,3.66,2.97,1.55,8.49,2.35,3.61,2.25,3.78,3.57,5.1,5.6,5.13,0,5.6,4.3,7.28,6.61,3.58,9.64,4.65,3.52,5.03,3.11,3.46,3.63,3.68,3.75,3.24,4.48,3.17,3.08,2.3,3.93,3.18,4.34,2.94,4.17,4.89,0,4.36,1.94,2.6,2.33,3.22,2.48,2.04,2.81,3.67,1.12,3.85,10,3.46,4.81,5.15,6.17,2.33,2.45,0,4.45,5.03,2.09,0.92,1.21,4.92,3.29,3.26,4.76,1.55,4.21,3.51,5.38,6.96,2.52,4.91,1.85,0.91,3.94,4.44,5.91,4.49,7.12,4.37,3.94,3.33,4.68,3.82,3,5.23,3.7,3.59,3.81,4.8,3.39,8.35,6.59,2.3,4.15,5.59,4.38,3.28,5.65,2.12,4.46,2.44,4.55,3.47,1.09,3.8,2.79,5.2,3.41,4.64,3.11,4.44,4.25,3.82,4.9,4.05,5.61,4.76,2.5,4.07,4.97,1.74,1.64,5.13,5.62,4.4,4.36,5.36,4.62,6.78,6.25,6.75,3.5,5.61,6.1,3.81,6.56,4.22,3.7,3.3,3.42,5.26,3.96,0
03/01/2023,3.01,2.63,4.48,4.02,4.87,3.462,3.93,4.64,4.74,0,10.53,0,0,4.2,3.88,3.68,2.15,4.23,5.33,6,4.44,6.25,5.1,7.64,4.74,8.45,4.61,5.08,4.33,3.9,6.29,4.05,4.89,7.56,4.3,1.56,1.37,3.86,3.2,2.86,7.62,2.38,3.32,1.18,4.9,3.77,5.21,5.26,4.76,0,5.86,5.32,6.21,6.77,3.55,9.94,5.81,3.24,5.08,3.29,3.56,3.42,3.7,3.14,3.11,2.78,3.09,3.03,2,3.32,3.07,4.28,3.23,4.22,4.42,0,3.85,2.39,2.27,2.11,2.38,2.65,0.66,2.7,2.56,1.19,4.9,7.14,4.24,5.07,6.22,3.77,1.6,2.42,0,4.52,5.51,1.76,0.92,1.12,4.67,2.92,3.01,6,1.35,3.98,4.09,5.14,6.55,2.25,4.71,1.1,0.77,3.43,4.92,4.74,3.21,5.97,4.33,3.28,3.75,5.4,4.09,3.33,5.95,3.52,3.59,3.93,4.55,3.61,7.37,6.02,3.07,3.26,4.49,3.8,3.1,5.51,2.76,4.42,2.7,5.05,4.19,1.22,4.68,3.09,4.86,2.35,3.56,2.62,4.14,4.71,3.58,5.45,4.43,4.75,5.93,2.56,4.33,5.81,1.77,2.04,5.85,5.68,3.33,3.42,4.85,3.7,6.09,6.03,4.88,1.99,4.71,5.41,3.85,6.14,3.81,4.65,3.23,2.63,3.23,4.12,0
03/02/2023,3,2.32,4.36,3.83,4.79,3.228,3.45,5.34,5.83,0,8.11,0,0,3.89,4.57,4.83,2.91,4.35,5.84,6.57,3.57,5.41,5.28,6.62,4.55,8.5,5.2,4.19,3.5,3.43,5.35,4.21,5.5,7.22,4.38,1.01,1.39,3.7,2.86,4.03,7.08,1.68,2.93,0,4.91,1.89,4.1,5.54,2.5,0,4.66,5.32,5.52,7.14,3.36,9.09,5.95,5,4.23,2.67,4.52,3.44,3.76,2.45,2.96,2.3,3.14,2.7,1.71,3.27,4.47,3.23,2.91,4.22,4.9,0,4.18,1.98,2.65,2.06,2.58,3.42,3.29,2.54,2.82,2.99,4.4,6.86,4.12,4.95,5.83,4.22,1.28,2.48,0,5.34,5.38,1.01,0.93,1.02,3.76,2.88,3.62,4.99,1.23,3.17,4.73,4.57,5.64,2.56,3.11,1.07,0.65,3.73,2.87,5.29,3.57,7.9,3.69,3.61,3.75,4.81,2.85,2.79,6.86,3.05,3.14,3.59,5.18,3.67,7.29,7.06,3.18,3.73,4.49,3.42,3.83,4.72,3.11,3.57,2.63,4.61,4.64,2.9,4.64,3.01,4.9,2.52,2.83,2.61,4.11,4.12,3.51,5.79,2.73,4.29,5.04,3.95,3.43,4.35,1.64,1.96,5.88,5.7,3.56,2.73,4.17,4.55,4.5,6.19,4.71,1.35,4,4.4,3.2,5.23,4.5,4.69,2.53,3.45,0,4.76,0
03/03/2023,2.85,2.3,4.41,3.73,4.57,3.176,3.81,4.35,6.16,0,5.13,0,0,4,5.79,5.71,3.64,4.1,7.52,5.48,4.44,5.41,5.41,6.64,3.33,7.52,4.94,4.26,3.72,2.67,4.64,4.09,5.34,8.13,4.91,1.61,1.44,4.2,3.45,4.73,8.94,1.72,3.04,1.32,4.21,2.22,4.02,4.84,5.13,0,3.64,4.85,5.63,7.53,2.95,9.12,5.33,5.21,3.48,1.97,4.08,3.33,4.43,1.76,2.25,2.22,3.33,2.43,1.67,2.28,3.44,1.95,3.61,3.79,5.21,2.56,4.72,2.27,2.85,1.64,2.11,4.13,3.23,2.73,2.63,5,5.37,3.67,3.94,4.81,4.66,4.68,2.16,2.48,0,5.01,4.88,0.97,0.94,0.97,3.96,2.87,3.82,5.29,1.03,3.79,3.54,4.4,5.31,3.04,4.23,1.12,0.67,3.53,3.61,5.26,3.83,7.94,3.42,3.6,3.38,4.99,2.75,3.04,5.85,3.38,3.15,4.1,3.7,3.9,7.02,6.67,2.76,3.62,5.33,3.29,3.72,2.52,3.72,3.33,2.38,4.78,3.73,4.41,4.79,3.03,3.53,3.31,3.45,3.05,3.57,4.36,4.02,4.71,4.35,4.09,5.69,3.83,3.49,3.9,1.56,2.49,6.44,4.83,3.24,1.59,3.43,3.8,3.37,8.41,4.12,2.31,5.15,4.46,2.94,4.44,4.48,3.91,1.77,3.37,0,5.71,0
03/04/2023,2.89,2.27,4.4,3.59,4.52,3.134,3.67,4.38,5.63,4.55,2.56,0,6.06,4.82,5.79,5.07,4.72,6.35,7.19,4.87,3.06,7.89,5.48,6.29,3.4,7.84,5.44,4.2,4.18,2.69,5,3.75,4.88,8.2,4.9,1.43,1.42,3.81,3.8,4.79,8.73,1.69,2.63,1.28,3.83,0,3.49,4.55,4.88,0,4.22,5.94,5.49,6.94,3.28,7.44,9.72,4.59,4.19,2.08,4.8,2.98,3.73,2.26,2.45,2.34,3.18,2.44,1.55,2.27,3.54,2.22,3.86,3.67,5.58,2.78,4.82,2.51,2.91,1.63,2.11,4.2,3.13,2.89,2.43,5.08,4.74,4.72,3.64,5.03,4.74,5.65,2.33,1.95,0,5.96,4.81,0.86,0.77,0.97,3.98,3.35,4.53,5.03,1.07,4.18,3.55,4.55,5.56,3.25,4.55,1.07,0.61,3.09,3.49,4.76,3.86,7.62,3.31,4.12,3.43,5.04,2.64,2.99,4.97,2.4,3.19,3.83,3.98,3.62,6.75,5.38,3.04,3.4,5.48,3.08,3.24,1.65,3.76,4.24,0,4.74,4.04,4.23,4.68,3.01,3.41,2.74,2.84,3.35,3.32,4.46,3.61,3.83,5.34,4.48,4.8,3.43,3.21,4.35,0.8,1.92,6.47,5.34,3.98,1.2,2.43,3.09,3.96,7.62,3.59,3.85,4.92,3.58,3.06,3.71,3.05,3.82,2.09,1.16,0,5.71,0
03/05/2023,2.72,2.22,4.29,3.5,4.3,3.018,1.84,4.61,5.58,4.55,2.38,0,5.88,5.29,6.08,6.1,4.72,6.45,7.41,4.5,3.06,7.59,5.52,5.76,2.88,6.76,4.83,4.44,3.91,2.73,4.67,3.27,5.52,8.08,4.57,1.59,1.47,3.79,3.43,4.67,7.38,1.75,2.96,1.33,3.83,0,2.78,4.4,5.13,0,3.77,7.77,3.16,6.09,2.99,6.71,9.21,5.18,5.13,2.08,4.71,2.87,3.24,2.28,2.11,1.98,3.56,2.35,1.25,2.45,3.19,1.8,3.9,3.11,4.74,2.94,4.45,2.32,2.87,1.83,1.84,3.33,3.75,2.75,2.29,5.45,5.17,4.46,3.66,4,4.91,5.59,3.21,2.28,5.41,5.07,4.51,0.86,0.77,1.13,3.58,3.16,5.22,4.65,1.07,4.93,3.46,4.56,5.07,3.34,3.79,1.07,0.59,2.63,3.52,5.15,3.29,7.69,2.59,3.96,3.51,4.69,2.35,3.06,4.85,2.44,3.81,4.1,3.6,4.03,6.05,5.68,2.72,3.25,3.65,2.34,3.75,1.63,3.68,4,0,4.69,4.3,4.41,4.03,2.86,3.8,2.7,2.84,3.97,3.33,4.15,3.04,3.8,4.37,4.5,5.65,3.75,2.83,4.55,0,1.82,5.45,5.38,4.58,0.8,1.89,3.61,3.7,6.73,4.07,2.9,3.89,4.07,3.07,2.91,2.97,3.97,2.52,1.28,0,5.45,0
03/06/2023,2.89,2,3.98,3.39,4.02,2.841,1.63,3.74,5.65,4.76,5.66,0,8.57,7.34,6.67,6.34,5.88,5.88,6.56,4.38,2.86,5.95,4.9,5.54,3.47,5.9,5.41,3.96,3.56,2.23,3.82,3.55,4.38,2.4,3.26,1.63,2.07,4.64,3.88,4.55,7.92,1.83,2.17,1.28,4.23,0,2.31,4.57,5.71,0,3.08,7.63,2.63,5.65,3.86,4.79,10.13,5.91,4.1,2.61,3.8,2.85,4.99,2.19,2.13,1.21,4.24,1.8,1.3,2.17,3.48,2.51,4.96,2.99,5.11,2.63,3.49,2.72,2.28,2.13,2.38,3.47,3.64,3.43,3.09,5,5.02,4.31,3.39,3.19,4.74,5,3.21,2.35,5.26,4.77,3.27,0.81,0.55,0.98,3.22,2.85,4.01,5.19,0.81,4.33,4.41,4.5,3.81,3.49,4.67,0.92,0.53,2.89,3.1,3.37,1.86,5.88,2.54,3.29,3.83,4.63,2.15,3.57,3.8,2.79,3.58,4.09,4.44,2.62,5.92,1.08,2.63,2.85,4.93,1.61,3.54,2.61,3.7,3.08,0,4.85,4.42,3.03,3.55,2.37,3.91,2.19,4.34,3.37,3.58,4.25,2.47,4.3,3.45,3.87,4.35,3.5,2.8,5.19,0.79,1.85,5.83,5.45,4.08,0.39,2.46,3.59,3.21,4.55,3.77,4.29,4.12,4.1,3.57,2.64,3.95,4.46,2.71,1.27,0,3.7,0
03/07/2023,2.87,1.78,3.94,3.29,3.55,2.682,2.58,3.54,4.44,5.88,6.25,0,7.89,7.4,6,6.95,7,4.8,6.56,4.68,2.75,4.71,4.04,5.99,2.43,5.7,5.37,3.61,4.2,2.91,3.72,3.17,2.99,2.31,2.97,2.22,2.56,3.74,3.33,3.45,6.96,2.48,3.26,1.3,3.38,1.72,1.71,5.29,5.56,0,1.3,5.83,2.61,3.83,4.26,4.88,8.97,5,3.68,1.29,4.32,2.52,5.03,1.9,2.92,1.24,4.29,1.54,1.27,2.46,2.83,2.88,5.43,2.99,4.28,2.7,3.9,2.33,2.33,1.98,3,3.55,4.07,3.2,2.63,4.62,4.3,3.42,3.37,3.16,5.02,5.14,4.13,2.35,5.26,4.9,2.89,0.39,0.55,0.68,2.69,2.98,4.55,3.95,0.51,3.88,5.19,4.23,2.65,4.01,5.08,0.62,0.39,2.61,3.22,4.33,2.15,5.65,2.33,3.19,2.99,4.07,1.58,4.02,3.43,2.34,4.01,4.67,4.4,2.53,4.31,1.11,3.17,3.21,4.83,1.97,3.25,2.59,3.3,2.61,2.86,4.13,4.38,2.78,2.84,1.7,4.55,2.29,4.15,3.21,3.56,4.09,2.38,3.66,3.23,3.71,4.17,2.42,3.26,4.58,1.63,2.09,4.35,4.08,3.98,0.79,1.79,3.35,2.86,3.74,4.7,5.59,3.55,4.84,3.27,3.23,3.38,4.13,1.85,2.47,0,3.81,0
03/08/2023,2.89,1.77,3.9,3.34,3.39,2.665,2.08,3.73,4,6.25,7.69,0,7.69,7.08,5.1,5.77,6.93,4.76,5.83,4.55,3.81,6.45,3.86,6.41,3.35,4.87,4.51,4.57,3.8,2.6,3.53,3.25,2.4,1.88,2.86,2.47,3.68,3.3,3.15,2.78,6.36,3.64,2.91,1.35,3.07,1.59,2.25,5.16,7.69,0,1.35,4.48,3.45,2.65,5.26,3.63,6.85,5.43,4.37,1.16,4.29,2.52,4.4,2.69,2.51,2.12,3.69,1.45,1.3,2.58,2.67,3.56,4.74,2.54,4.48,3.45,3.08,1.98,2.58,2.55,3.47,2.84,4.79,3.45,2.6,5.33,3.54,4.13,1.92,2.17,3.32,4.47,4.76,2.39,5,5.02,2.1,0.45,0.51,0.51,2.81,3.51,4.59,4.05,0.52,3.43,5.57,3.41,2.5,5.25,5.65,0.8,0.38,2.63,3.51,3.81,2.58,5.06,2.62,3.61,3.28,2.68,1.2,3.39,2.4,2.13,4,4.44,5.12,2.97,4.26,1.04,3.01,3.32,5.84,2.81,3.54,4.27,2.79,5.13,2.86,2.43,4.03,2.9,2.8,1.42,3.92,3.03,4.88,3.05,3.79,3.56,2.24,3.19,3.54,4.06,4.31,2.82,3.03,4.7,1.67,3.59,5.19,3.95,3.73,1.56,2.63,3.16,2.9,3.51,4.73,6.92,4.29,5.72,2.79,2.96,3.47,2.65,2.45,3.26,0,4.95,0
03/09/2023,2.93,1.8,3.91,3.35,3.4,2.714,2.42,3.35,3.8,7.14,7.84,0,7.5,6.03,4.27,4.56,7.45,5.43,5,4.13,3.64,6.1,3.58,6.67,4,4.36,4.03,5.07,4.47,2.83,3.44,3.1,1.9,2.23,2.7,3.33,3.73,2.76,2.79,2.22,5.88,3.8,4.71,1.37,3.36,1.61,2.35,6.36,7.5,0,1.36,4.65,4.93,1.56,5.22,2.91,8.11,3.73,5.68,1.17,4.23,2.83,4.39,2.75,2.64,2.28,4.5,1.64,1.1,2.98,1.83,4.05,5.51,2.36,4.34,3.57,2.33,2.22,2.5,3.58,2.79,2.16,3.21,3.7,3.04,2.94,2.62,3.54,2.51,2.5,3.35,4.29,4.67,2.44,5.13,4.33,1.66,0.63,0.58,0.67,3,3.25,4.77,4.1,0.45,3.48,4.99,2.86,2.16,5.6,6.06,0.73,0.53,2.28,4.02,2.96,2.56,2.92,2.88,3.61,3.23,2.59,1.43,3.39,1.22,1.92,4.29,4.69,3.81,2.43,4.24,0,2.89,3.37,6.29,3.67,4.02,4.27,2.42,5.5,6.06,2.62,3.67,4.17,2.58,1.56,3.28,4.35,4.49,3.02,2.86,3.49,2.02,4.21,4.4,3.49,3.57,1.93,3.69,4.64,1.69,3.76,4.52,3.48,3.53,1.58,3.67,3.5,2.38,2.68,4.05,7.2,5.16,5.88,3.31,2.81,3.49,2.7,2.74,4.4,0,4.08,0
03/10/2023,2.83,1.8,3.75,3.27,3.54,2.665,2.39,3.7,2.9,7.69,8.51,0,8.57,6.55,5.1,5.08,7.45,4.96,3.51,4.72,2.97,4.76,3.61,7.57,4.48,4.33,3.38,5.1,4.26,3.04,3.47,2.41,1.97,1.41,1.49,2.75,3.42,2.51,3.24,2.92,3.41,3.09,4.25,0,2.65,1.52,3.05,7.07,5.26,0,1.4,3.94,5.07,1.89,5.51,2.76,8.22,4.14,6.21,2.38,4.15,2.86,3.24,3.16,2.48,1.77,5.4,1.5,1.31,2.82,1.88,4.18,4.85,2.7,3.76,0,1.49,2.6,2.64,3.99,3.13,1.59,3.97,3.27,2.41,1.54,0.89,2.94,3.45,2.79,4.31,3.75,3.27,2.05,5.26,4.32,1.65,0.64,0.58,0.77,3.26,2.95,4.53,3.71,0.45,3.28,4.86,2.54,2.48,5.04,5.13,0.87,0.53,2.04,4.45,3.63,2.33,2.81,3.74,3.47,3.23,3.1,1.57,2.65,1.84,1.86,4.16,4.67,3.73,3.19,4.18,0,2.57,3,5.63,3.88,3.81,4.76,2.4,5.26,7.41,3.37,3.7,2.5,2.92,1.52,3.14,3.68,4.42,3.82,3.37,2.99,1.57,3.78,2.81,3.02,2.63,3.2,3.24,4.52,1.83,2.76,4.08,2.65,3.86,2.06,5,4.08,2.3,0.87,4.23,6.67,3.85,5.57,3.78,3.15,2.8,1.69,4.03,4.65,0,2.17,0
03/11/2023,2.85,1.79,3.65,3.49,3.42,2.689,3.54,3.26,2.87,0,8.51,0,2.78,5.71,5.16,5.48,6.19,3.76,3.64,4.17,4,2.47,2.98,7.17,5.05,3.82,3.76,5.35,5.06,2.84,2.65,2.65,1.94,1.37,1.03,2.56,4.09,2.21,3.76,2.92,2.47,3.21,4.38,0,3.07,1.64,3.14,6.86,5.26,0,1.41,3.25,5.15,1.94,5.79,2.71,4.17,4.57,4.32,2.3,4.32,3.02,3.23,2.82,2.26,1.84,5.67,1.81,1.47,2.84,2.08,4.43,4.64,2.69,3.38,0,0.94,2.69,2.7,4.23,3.4,1.63,3.95,3.1,2.41,1.49,1.28,2,3.75,3.17,4.81,3.33,3.79,3.02,5.56,3.5,1.41,0.63,0.66,0.73,3.2,2.69,4.38,3.19,0.41,2.99,4.63,2.34,2.51,4.85,4.87,0.87,0.6,2.69,4.27,3.72,2.51,2.52,4.92,3.01,2.59,2.67,1.89,3.51,2.47,2.15,4.92,4.89,3.51,3.31,4,0,2.89,3.31,5.92,4.31,4.24,4.08,2.98,3.85,7.41,3.59,3.34,2.56,3.34,1.62,3.28,3.62,4.76,3.75,3.52,3.73,1.56,3.98,2.82,2.86,2.7,3.63,3.11,3.92,2.83,3.33,4.39,1.83,4.05,3.73,4.55,4.81,2.39,1.79,5.15,6.67,4.52,5.85,3.57,3.55,3.18,2.5,4.36,4.88,0,2.33,0
03/12/2023,2.9,1.79,3.73,3.49,3.26,2.704,4.98,2.97,2.86,0,8.89,0,2.63,5.54,6.33,5.24,6.67,3.73,3.77,3.61,4.85,2.6,3.33,6.78,5.15,4.11,3.75,5.47,5.02,3.09,2.3,3.07,1.97,1.4,0.77,2.86,3.75,2.48,5.16,2.9,2.5,3.18,3.89,0,2.69,1.67,2.58,6.95,5.88,0,1.85,1.63,4.96,1.91,5.51,2.79,3.23,4.76,3.66,2.38,4.09,2.92,3.28,2.85,2.65,1.82,5.76,1.99,2,2.73,2.71,4.31,4.36,2.99,3.23,0,0.94,2.72,2.89,3.99,3.44,2.44,2.67,2.39,2.84,1.47,0.87,2.04,4.33,3.26,5.34,3.47,3.83,2.69,0,3.64,1.47,0.64,0.59,0.62,4.02,2.6,3.78,3.84,0.37,2.11,4.64,1.96,3.43,4.45,5,0.82,0.6,2.69,4.37,3.24,3.33,2.86,5.05,3.43,2.69,2.72,1.85,3.52,2.56,1.87,5.28,3.8,4.18,3.27,3.7,0,3.02,2.94,5.81,4.72,4.41,4.26,2.48,4,8,3.7,3.32,2.5,3.39,1.44,2.8,3.82,4.49,3.37,4.23,3.66,1.38,3.89,4.17,2.79,1.89,2.89,2.69,6.12,2.8,3.4,4.76,1.4,3.57,3.75,5.12,4.89,1.57,1.71,5.43,7.41,5.23,5.6,3.72,3.61,3.02,3.23,4.08,5.62,0,4.6,0
